segmento,ead_baseline,pd_w,el_baseline,n_clientes,ead_min,ead_max
affluent,3554624980.025771,0.9365140856013413,1065398417.0207912,4953,3199162482.0231943,3910087478.0283484
mass,8915541340.653679,0.09637966126345535,285727988.69205195,27390,8023987206.588311,9807095474.719048
mass_affluent,7575879278.402293,0.588523648805234,1498205770.4621084,12668,6818291350.562064,8333467206.242523
pyme,3777676301.968255,0.8698853653266819,1129913295.4561372,4989,3399908671.7714295,4155443932.165081
_TOTAL_,23823721901.05,0.5008857437404862,3979245471.6310887,50000,22632535805.997498,25014907996.1025
