segmento,n,pd_avg,lgd_avg,ead_avg,el_sum,el_avg
mass_affluent,12668,0.5349765785680122,0.3342456972916056,598032.7816863193,1498205770.4621084,118266.9537781898
pyme,4989,0.8190050201683161,0.34244804001189527,757201.1028198547,1129913295.4561374,226480.917108867
affluent,4953,0.9192100434721089,0.3189006976925615,717671.1043863862,1065398417.0207913,215101.6388089625
mass,27390,0.07832280200520325,0.32651923985522674,325503.5173659613,285727988.69205207,10431.836023806209
