segmento,EL_baseline_segment,EL_cap_segment
affluent,1065398417.0207913,1065398417.0207913
mass,285727988.69205207,285727988.69205207
mass_affluent,1498205770.4621084,1498205770.4621084
pyme,1129913295.4561374,1129913295.4561374
