kpi,value
PD promedio ponderado (Actual),0.4619599331857172
PD promedio ponderado (Optimizado),0.12000000000066774
EL total (Actual),361923137.78958344
EL total (Optimizado),265877449.61516306
Reducción EL (monto),96045688.17442039
Reducción EL (%),0.26537592694684214
EAD total (Actual),2363602025.7929306
EAD total (Optimizado),6672585089.2
