metric,baseline,opt
EAD,23823721901.049995,25014907996.1
EL,3979245471.6310887,174991121.0151081
Ingreso,5607897343.317237,15008944797.7
Costos,357355828.51575,357355828.51575
Utilidad,1271296043.1703975,14476597848.16914
