kpi,value
PD promedio ponderado (Actual),0.3512241647031836
PD promedio ponderado (Optimizado),0.14288756982954293
EL total (Actual),2755503034.581898
EL total (Optimizado),2224343284.2988267
Reducción EL (monto),531159750.2830715
Reducción EL (%),0.19276326086995807
EAD total (Actual),23823721901.049995
EAD total (Optimizado),47185340186.5
