segmento,PD_actual,PD_opt,EAD_actual,EAD_opt,EL_actual,EL_opt,n_clientes,EL_reduccion_abs,EL_reduccion_pct
affluent,0.9060599661898894,0.9060599661898894,356420944.94978195,61649148.0,103067262.37171279,5076811.233128704,502,97990451.13858408,0.950742737157225
mass,0.07980912819040736,0.07980912819040736,901498930.6346245,5428598381.0,23520712.899882738,154543436.11652303,2774,-131022723.2166403,-5.570525169638609
mass_affluent,0.5234736516223224,0.5234736516223224,709607138.1789588,1080640160.2,123971658.20883358,97396298.01700433,1203,26575360.19182925,0.21436641709722348
pyme,0.8219205734688478,0.8219205734688478,396075012.0295651,101697400.0,111363504.30915439,8860904.248506978,521,102502600.06064741,0.9204326021933688
