segmento,n,pd_avg,lgd_avg,ead_sum,ingreso_sum,el_sum,costos_sum,utilidad_sum,margen_prom
mass,27390,0.07832280200520325,0.32651923985522674,8915541340.653679,2198550862.6583433,285727988.69205207,133733120.10980518,1779089753.8564858,0.2056201125509401
mass_affluent,12668,0.5349765785680122,0.3342456972916056,7575879278.402293,1752274139.4532125,1498205770.4621084,113638189.17603439,140430179.81506976,0.037315189055769
pyme,4989,0.8190050201683161,0.34244804001189527,3777676301.968255,900681213.9561403,1129913295.4561374,56665144.52952382,-285897226.02952087,-0.05735808141363271
affluent,4953,0.9192100434721089,0.3189006976925615,3554624980.025771,756391127.2495406,1065398417.0207913,53319374.70038657,-362326664.47163725,-0.09520582270437324
