id_cliente,segmento,region,apr_efectiva
C100000,Premium,RM,0.3079351683906006
C100001,Mass,RM,0.3088328103464687
C100002,Jóvenes,RM,0.4345908405669283
C100003,Mass,RM,0.3475011370205437
C100004,Gold,RM,0.29959853915892076
C100005,Gold,II,0.2762316718172269
C100006,Mass,II,0.22492708391047034
C100007,Mass,X,0.316747451177082
C100008,Jóvenes,X,0.2309056271613467
C100009,Mass,VIII,0.31867794251426634
C100010,Mass,II,0.2885643192929234
C100011,Mass,RM,0.14932723911297416
C100012,Premium,IV,0.2630028141346561
C100013,Mass,X,0.2840882062685119
C100014,Premium,V,0.3473970903997886
C100015,Gold,RM,0.29710500406311063
C100016,Mass,II,0.28366796273032446
C100017,Jóvenes,II,0.256081825016411
C100018,Gold,II,0.36168020998064687
C100019,Gold,IV,0.23973334322239745
C100020,Mass,RM,0.23171095676449777
C100021,Jóvenes,II,0.32365372816828464
C100022,Mass,VIII,0.3612344600326249
C100023,Premium,V,0.19540591421220843
C100024,Jóvenes,X,0.26866296833551756
C100025,Jóvenes,II,0.33211990541310354
C100026,Gold,X,0.326036874524774
C100027,Mass,X,0.26343761193773557
C100028,Gold,IV,0.1904071983479651
C100029,Premium,V,0.2675576084241402
C100030,Gold,II,0.33811284248500095
C100031,Jóvenes,IV,0.24803430969366486
C100032,Mass,X,0.3761944874684333
C100033,Mass,X,0.3318816994730543
C100034,Premium,IV,0.39640739554646953
C100035,Gold,RM,0.37002718468656737
C100036,Mass,IV,0.3084627272020298
C100037,Mass,II,0.22637720364534675
C100038,Jóvenes,VIII,0.31304800834387453
C100039,Gold,X,0.24384097460596332
C100040,Jóvenes,IV,0.2691265571343488
C100041,Mass,RM,0.24083470756399417
C100042,Mass,X,0.29130101515997636
C100043,Mass,X,0.27042691816892794
C100044,Mass,VIII,0.2674682425564996
C100045,Mass,RM,0.20676854429721286
C100046,Gold,V,0.2584822802465973
C100047,Gold,RM,0.1878964344642982
C100048,Premium,V,0.2971707318946636
C100049,Mass,VIII,0.3028662486966032
C100050,Mass,II,0.31841871149888223
C100051,Mass,VIII,0.23558346037035693
C100052,Premium,II,0.23618175170239428
C100053,Gold,X,0.3949955845262735
C100054,Premium,IV,0.4072302101220202
C100055,Jóvenes,II,0.13708125205315466
C100056,Jóvenes,X,0.26552505274085114
C100057,Gold,VIII,0.25349825637148043
C100058,Jóvenes,IV,0.32098232497901513
C100059,Mass,V,0.3314212659871468
C100060,Gold,VIII,0.1644369784529068
C100061,Mass,VIII,0.26794406990490427
C100062,Gold,V,0.25368967646398555
C100063,Jóvenes,V,0.21337840801333066
C100064,Mass,VIII,0.2325842389032839
C100065,Jóvenes,X,0.22526288443404546
C100066,Jóvenes,X,0.39696111990032545
C100067,Gold,IV,0.3395086927096759
C100068,Mass,II,0.31785010385947854
C100069,Mass,IV,0.2940585494625789
C100070,Mass,X,0.3458476889629753
C100071,Gold,II,0.3536898905858193
C100072,Mass,RM,0.15802260700894616
C100073,Mass,X,0.3042426053075369
C100074,Mass,RM,0.3088573729497344
C100075,Gold,V,0.3298787096759804
C100076,Premium,IV,0.33427469308548746
C100077,Mass,V,0.32530366405438216
C100078,Premium,VIII,0.2588250306932555
C100079,Gold,VIII,0.22880237036652626
C100080,Mass,V,0.3028276003343534
C100081,Premium,IV,0.3157813764591678
C100082,Gold,II,0.30304896281481924
C100083,Mass,IV,0.24468133639804285
C100084,Gold,VIII,0.13491013233807236
C100085,Gold,X,0.29952600917497
C100086,Premium,RM,0.2116020907850027
C100087,Premium,X,0.28770343994110265
C100088,Premium,V,0.3440675846781928
C100089,Gold,X,0.24792937928827935
C100090,Premium,IV,0.29572681768364534
C100091,Premium,VIII,0.2387878489949007
C100092,Mass,V,0.2711018349162487
C100093,Mass,RM,0.2506588069629962
C100094,Mass,RM,0.3697710910819957
C100095,Premium,VIII,0.3776600907761806
C100096,Gold,X,0.3139249600778513
C100097,Mass,V,0.22414435311804812
C100098,Gold,X,0.3108587167856156
C100099,Mass,II,0.3329518851892562
C100100,Gold,II,0.27773926910048613
C100101,Gold,IV,0.22490814303648762
C100102,Mass,VIII,0.22816966922666482
C100103,Gold,V,0.23548612178843012
C100104,Premium,X,0.2617661264578885
C100105,Jóvenes,II,0.2465476025038401
C100106,Jóvenes,X,0.33854488382817527
C100107,Premium,VIII,0.2736258663756713
C100108,Premium,V,0.2693748374795363
C100109,Gold,VIII,0.28096952784078255
C100110,Mass,II,0.3090153813950913
C100111,Mass,X,0.3494732255203568
C100112,Mass,X,0.21991282958929556
C100113,Gold,X,0.22121638278621933
C100114,Mass,VIII,0.287418308282164
C100115,Gold,RM,0.33774635987716195
C100116,Gold,X,0.21591774029490934
C100117,Gold,IV,0.3650501135423836
C100118,Jóvenes,II,0.20527333206376963
C100119,Premium,V,0.3257573329332915
C100120,Premium,II,0.28619037942370545
C100121,Mass,II,0.20386113169559397
C100122,Mass,IV,0.28856002033664857
C100123,Premium,RM,0.26464574978555977
C100124,Mass,II,0.21364724625046289
C100125,Gold,V,0.2779090962338355
C100126,Gold,RM,0.3133099574615785
C100127,Gold,II,0.3307152155685368
C100128,Premium,V,0.24175005602497718
C100129,Jóvenes,VIII,0.205988862328087
C100130,Gold,V,0.34982165286725897
C100131,Mass,II,0.32803754553630254
C100132,Premium,IV,0.3301910835062646
C100133,Mass,II,0.2968182730862994
C100134,Gold,X,0.18844729620533035
C100135,Jóvenes,RM,0.32953444022494666
C100136,Gold,V,0.3561358168093318
C100137,Mass,IV,0.21414148261085697
C100138,Mass,X,0.3937340025245906
C100139,Jóvenes,V,0.2694543404092699
C100140,Mass,V,0.28535340156532435
C100141,Premium,VIII,0.2329826468193547
C100142,Gold,IV,0.29994687076956517
C100143,Gold,II,0.24379111646464793
C100144,Mass,X,0.2720612687527441
C100145,Premium,X,0.30442463366431993
C100146,Gold,II,0.2701640706312791
C100147,Mass,X,0.29330307205051204
C100148,Mass,IV,0.2938942040811474
C100149,Premium,IV,0.36672655884158334
C100150,Mass,II,0.19690980884636186
C100151,Mass,X,0.16601854229153176
C100152,Premium,V,0.19438420317663285
C100153,Gold,VIII,0.29139417860744266
C100154,Mass,V,0.2902095861363094
C100155,Gold,X,0.32112397142704713
C100156,Gold,II,0.29389837430245525
C100157,Mass,II,0.20364626320854942
C100158,Mass,RM,0.2466396061082361
C100159,Mass,IV,0.26463471544383205
C100160,Mass,IV,0.3028870931884373
C100161,Gold,V,0.25305744078512815
C100162,Gold,VIII,0.3102344471780343
C100163,Mass,VIII,0.21510350148978846
C100164,Mass,VIII,0.24989839636053932
C100165,Mass,VIII,0.3401959334523572
C100166,Mass,IV,0.21072891585383902
C100167,Mass,X,0.3236365828280928
C100168,Premium,X,0.2611019465259249
C100169,Mass,IV,0.30449155972192943
C100170,Gold,RM,0.33340309609582214
C100171,Gold,II,0.3231109568893309
C100172,Mass,RM,0.2929886583642485
C100173,Gold,VIII,0.27898988991471996
C100174,Mass,II,0.3142376987770713
C100175,Jóvenes,V,0.28196640956583424
C100176,Gold,II,0.25760594656390756
C100177,Mass,X,0.31551923755781713
C100178,Mass,VIII,0.3705932041554952
C100179,Jóvenes,RM,0.2656068168924172
C100180,Mass,X,0.19854462225262187
C100181,Mass,V,0.19828022670465234
C100182,Mass,VIII,0.3272460748096612
C100183,Premium,II,0.24922624679307706
C100184,Mass,V,0.21003850123291828
C100185,Gold,RM,0.3084543461863814
C100186,Jóvenes,VIII,0.3043499779827744
C100187,Jóvenes,IV,0.25823387676819176
C100188,Jóvenes,V,0.2608905734194487
C100189,Gold,II,0.31629007814519255
C100190,Gold,RM,0.2928330933571987
C100191,Mass,V,0.30798545421675394
C100192,Gold,II,0.25657748836312017
C100193,Gold,RM,0.30630674910913
C100194,Mass,RM,0.2920271124725601
C100195,Gold,RM,0.3322758834061788
C100196,Mass,V,0.3309054884730962
C100197,Mass,IV,0.21523540520327367
C100198,Mass,V,0.3592287785216106
C100199,Mass,II,0.23965886381466253
C100200,Mass,X,0.2976978290181232
C100201,Jóvenes,RM,0.2799830350108249
C100202,Mass,X,0.2730831187277651
C100203,Gold,II,0.2929649277869309
C100204,Jóvenes,II,0.31961432645876225
C100205,Mass,IV,0.25255600614748186
C100206,Jóvenes,VIII,0.199265895939717
C100207,Gold,X,0.32203502964435243
C100208,Gold,X,0.267278078992699
C100209,Mass,V,0.17056598903204795
C100210,Gold,X,0.3717034828834395
C100211,Gold,X,0.18053847078551047
C100212,Gold,IV,0.18528078152586092
C100213,Mass,V,0.30269521099856983
C100214,Mass,X,0.2869587717623131
C100215,Mass,IV,0.2984218423909492
C100216,Mass,RM,0.42188064647468715
C100217,Jóvenes,II,0.30123474630060537
C100218,Premium,RM,0.3172604185646249
C100219,Mass,V,0.2949360798413716
C100220,Gold,VIII,0.26334966926940495
C100221,Mass,RM,0.32265978256475614
C100222,Mass,IV,0.320457234332791
C100223,Gold,X,0.2962488438989626
C100224,Jóvenes,II,0.2760680141159378
C100225,Jóvenes,X,0.291757743478166
C100226,Mass,II,0.3296912782847716
C100227,Mass,VIII,0.29227185370118713
C100228,Mass,II,0.20210836880753677
C100229,Mass,IV,0.2762471625859851
C100230,Gold,II,0.17409019053123148
C100231,Gold,RM,0.33788404026191227
C100232,Mass,V,0.2081473301624413
C100233,Gold,RM,0.2240161543586526
C100234,Mass,RM,0.2498529480671618
C100235,Mass,X,0.34188408789770947
C100236,Gold,RM,0.19025419857012188
C100237,Gold,VIII,0.31287869664470147
C100238,Jóvenes,X,0.2822833824757152
C100239,Mass,V,0.1609045024727989
C100240,Jóvenes,RM,0.20451398215831623
C100241,Mass,IV,0.2950304970536846
C100242,Mass,IV,0.31953181006067083
C100243,Mass,X,0.3860953843672098
C100244,Gold,VIII,0.27606213661639323
C100245,Mass,X,0.31984700025583956
C100246,Gold,IV,0.21894617314743964
C100247,Premium,V,0.31218846809898604
C100248,Mass,II,0.3959655199434843
C100249,Mass,V,0.20617847797468047
C100250,Gold,IV,0.28821730714796906
C100251,Premium,V,0.2820395439783788
C100252,Jóvenes,X,0.2518665559399804
C100253,Mass,II,0.25332389554413265
C100254,Gold,V,0.33809779067504664
C100255,Mass,V,0.22589803541793033
C100256,Gold,RM,0.30201747909127474
C100257,Mass,II,0.24297410396005936
C100258,Mass,IV,0.28552243971296465
C100259,Mass,RM,0.19497665375402706
C100260,Gold,RM,0.28969115183444705
C100261,Jóvenes,VIII,0.32169701035917525
C100262,Mass,X,0.28108369297912766
C100263,Mass,IV,0.318725857805526
C100264,Mass,X,0.21684091464702568
C100265,Mass,VIII,0.20736009079549192
C100266,Gold,V,0.3437388186587212
C100267,Mass,V,0.3389614883194525
C100268,Mass,IV,0.2736329383298249
C100269,Gold,VIII,0.23215492054162098
C100270,Mass,II,0.2712744877584379
C100271,Mass,IV,0.2637862588741476
C100272,Mass,RM,0.33080109122954604
C100273,Gold,V,0.2783993171145704
C100274,Premium,V,0.2528689130084554
C100275,Gold,V,0.2788761425074356
C100276,Jóvenes,IV,0.26881157617903095
C100277,Premium,RM,0.2525793770887581
C100278,Mass,II,0.2619415589714633
C100279,Gold,VIII,0.18221687783640014
C100280,Jóvenes,X,0.34094016298268537
C100281,Mass,II,0.3128653979721876
C100282,Gold,II,0.26406517370989313
C100283,Mass,II,0.32755635186596854
C100284,Gold,IV,0.2642984656852496
C100285,Mass,RM,0.34987538482864183
C100286,Premium,IV,0.25932152900106
C100287,Gold,X,0.3337272944523955
C100288,Jóvenes,VIII,0.2585000930935191
C100289,Premium,X,0.3961318789494469
C100290,Gold,IV,0.268382030768204
C100291,Gold,VIII,0.3130494260303299
C100292,Gold,VIII,0.2605812492494032
C100293,Gold,RM,0.2916658530571789
C100294,Gold,V,0.21652400833211738
C100295,Gold,VIII,0.31273225698901397
C100296,Mass,II,0.35349103630020684
C100297,Premium,VIII,0.3302359620020675
C100298,Mass,V,0.3032844502399635
C100299,Gold,V,0.28380515734457884
C100300,Gold,X,0.33296601504923384
C100301,Jóvenes,V,0.2952559307370945
C100302,Gold,II,0.26864645402198256
C100303,Jóvenes,X,0.2316699495388846
C100304,Mass,V,0.2655889671548327
C100305,Mass,X,0.3100880882948285
C100306,Gold,II,0.21942344616964077
C100307,Mass,V,0.18835796015743117
C100308,Jóvenes,V,0.34631502366227823
C100309,Mass,VIII,0.254000349867537
C100310,Jóvenes,RM,0.26367815974461184
C100311,Mass,II,0.24191453857557246
C100312,Mass,II,0.30771261881290357
C100313,Jóvenes,RM,0.33852073485774986
C100314,Mass,X,0.29373911682517945
C100315,Premium,IV,0.3505004596799026
C100316,Mass,X,0.2407473261002828
C100317,Mass,IV,0.3268539301176929
C100318,Gold,X,0.36977893118758637
C100319,Gold,IV,0.3937556088470727
C100320,Mass,IV,0.3356415727836182
C100321,Mass,II,0.3467895376198019
C100322,Mass,X,0.29978250970337456
C100323,Premium,VIII,0.2007764658646778
C100324,Premium,II,0.30232359119384444
C100325,Mass,V,0.31950878817569006
C100326,Gold,X,0.26671138179945914
C100327,Jóvenes,VIII,0.2550963515103349
C100328,Gold,RM,0.2941223765209715
C100329,Mass,VIII,0.3289906110637288
C100330,Premium,IV,0.15470066150518855
C100331,Gold,VIII,0.26502212744935794
C100332,Mass,X,0.3321561881241336
C100333,Premium,VIII,0.17343399562231737
C100334,Mass,RM,0.2771440624153561
C100335,Premium,V,0.2660067782133968
C100336,Mass,X,0.2349915133264962
C100337,Mass,V,0.2924242567875948
C100338,Mass,X,0.18629406836319723
C100339,Gold,V,0.19399441400148718
C100340,Premium,RM,0.20717547241715578
C100341,Mass,II,0.2738295132814394
C100342,Mass,V,0.27338462074063213
C100343,Mass,II,0.2657095887565055
C100344,Mass,IV,0.29797532736303284
C100345,Mass,VIII,0.198757556547143
C100346,Mass,RM,0.26642692899801274
C100347,Mass,X,0.4528049651215359
C100348,Premium,VIII,0.3398670083160356
C100349,Mass,IV,0.18390777305946737
C100350,Mass,X,0.3725903679479159
C100351,Premium,IV,0.23169660845877457
C100352,Mass,VIII,0.2699701051444657
C100353,Premium,RM,0.3274560776790346
C100354,Premium,IV,0.2598647727807387
C100355,Jóvenes,II,0.2606664248022242
C100356,Mass,IV,0.35330448029256645
C100357,Gold,V,0.323160562858187
C100358,Mass,IV,0.28349511734384675
C100359,Gold,II,0.17564458236048414
C100360,Gold,IV,0.278417769762365
C100361,Mass,IV,0.30606373113470836
C100362,Mass,II,0.3617409502671742
C100363,Gold,IV,0.28957248541829295
C100364,Jóvenes,V,0.3026946691688989
C100365,Gold,RM,0.22437586191051073
C100366,Mass,VIII,0.3588878427567976
C100367,Mass,II,0.30558829888706784
C100368,Mass,IV,0.2744315692112954
C100369,Gold,VIII,0.305858612174767
C100370,Jóvenes,VIII,0.2828284844403347
C100371,Jóvenes,RM,0.28709394315096454
C100372,Mass,V,0.2483108554938116
C100373,Premium,VIII,0.287937390082977
C100374,Mass,RM,0.3369142039298079
C100375,Gold,RM,0.35338120204738627
C100376,Premium,V,0.2836000655672868
C100377,Mass,V,0.37014256978524696
C100378,Mass,II,0.306129446807388
C100379,Gold,IV,0.233420821388858
C100380,Gold,RM,0.30291380412098917
C100381,Jóvenes,II,0.30694176788945554
C100382,Mass,RM,0.3820280141874436
C100383,Gold,V,0.38243388685891483
C100384,Premium,X,0.25734832765791255
C100385,Premium,IV,0.19258367608760085
C100386,Mass,IV,0.2056005425398562
C100387,Premium,V,0.29658910214369744
C100388,Mass,VIII,0.40880187444521443
C100389,Mass,V,0.28920772118111704
C100390,Gold,X,0.19432756571502563
C100391,Mass,V,0.31063539710122373
C100392,Premium,V,0.326648565751725
C100393,Gold,IV,0.2510558242380292
C100394,Mass,RM,0.28835046608572357
C100395,Premium,VIII,0.28929284474747025
C100396,Mass,RM,0.12
C100397,Premium,VIII,0.3046701046451601
C100398,Gold,II,0.2714162546841227
C100399,Mass,II,0.2877160200704999
C100400,Gold,II,0.27377690548870315
C100401,Gold,X,0.22791195384911545
C100402,Jóvenes,II,0.32992956873727364
C100403,Mass,V,0.2799967477957396
C100404,Mass,II,0.24747895882090454
C100405,Premium,X,0.3110884432992165
C100406,Premium,IV,0.2668247706916593
C100407,Mass,II,0.23017594969154825
C100408,Premium,V,0.28023710007092323
C100409,Gold,RM,0.2829628807344743
C100410,Mass,II,0.30585980710571103
C100411,Mass,VIII,0.2386420774008089
C100412,Premium,RM,0.28781502169616724
C100413,Mass,V,0.20111008616261838
C100414,Mass,VIII,0.3085230519938083
C100415,Gold,V,0.1649590097774309
C100416,Gold,X,0.2794124842677491
C100417,Mass,IV,0.29297538938018297
C100418,Premium,VIII,0.21195811410576293
C100419,Gold,RM,0.13280021540967366
C100420,Premium,II,0.35270508272336176
C100421,Mass,IV,0.1770256741438272
C100422,Mass,II,0.2030112210964808
C100423,Gold,II,0.1920974839302932
C100424,Mass,X,0.36511136445003084
C100425,Mass,V,0.2815077521744842
C100426,Premium,VIII,0.33695677267560115
C100427,Mass,RM,0.2562205236954188
C100428,Mass,II,0.21202555975499177
C100429,Mass,X,0.3138775997842343
C100430,Mass,RM,0.29107568021040786
C100431,Mass,RM,0.2569703446619541
C100432,Mass,RM,0.22686168600291387
C100433,Premium,II,0.31029723782044943
C100434,Mass,V,0.2836542024868974
C100435,Jóvenes,VIII,0.3096183513233484
C100436,Mass,IV,0.2709919888236448
C100437,Gold,V,0.26592348847735187
C100438,Mass,IV,0.19542090082722807
C100439,Jóvenes,II,0.18595429627842547
C100440,Gold,IV,0.2567936439221295
C100441,Mass,IV,0.3335824278480749
C100442,Gold,X,0.27794585605343186
C100443,Mass,V,0.19224246850657836
C100444,Mass,VIII,0.42996364438967755
C100445,Premium,X,0.38678595144196504
C100446,Mass,X,0.26717441082537374
C100447,Premium,X,0.21905638424914642
C100448,Gold,IV,0.30570765504668257
C100449,Jóvenes,IV,0.34735169245885034
C100450,Gold,IV,0.24001151818297783
C100451,Gold,RM,0.3107907311515585
C100452,Mass,II,0.15841549814700054
C100453,Jóvenes,X,0.2162505328625078
C100454,Gold,X,0.35001745656444055
C100455,Jóvenes,RM,0.24518561866637234
C100456,Premium,II,0.27796270674620344
C100457,Mass,II,0.2532016063779785
C100458,Premium,II,0.29082076795856077
C100459,Gold,II,0.3624950096915215
C100460,Mass,X,0.4188122888086811
C100461,Gold,RM,0.12171309693928345
C100462,Mass,X,0.1701346064899793
C100463,Premium,II,0.2498584503176221
C100464,Gold,RM,0.32871170980975795
C100465,Gold,II,0.23156923351305217
C100466,Gold,X,0.24731057166805312
C100467,Gold,IV,0.2560699821680028
C100468,Premium,II,0.1663418722195597
C100469,Mass,IV,0.23034009567036753
C100470,Premium,IV,0.20780676787152935
C100471,Premium,II,0.28876246219687707
C100472,Mass,VIII,0.23910080218604315
C100473,Mass,V,0.27592649476628617
C100474,Mass,RM,0.2695921943515301
C100475,Gold,II,0.35746227117423757
C100476,Mass,V,0.29786787402170123
C100477,Mass,RM,0.3633263149988229
C100478,Gold,VIII,0.41951563185287194
C100479,Mass,RM,0.3697797453066839
C100480,Mass,II,0.21455562750114898
C100481,Mass,RM,0.24135545019041876
C100482,Gold,VIII,0.26890867443174477
C100483,Jóvenes,VIII,0.258708859676994
C100484,Premium,IV,0.253651872568393
C100485,Mass,RM,0.32274126992128077
C100486,Gold,RM,0.24502007626491273
C100487,Mass,II,0.23353963688381812
C100488,Mass,II,0.320579425897218
C100489,Premium,VIII,0.24691746591360503
C100490,Premium,V,0.21814135584055178
C100491,Mass,II,0.33039350382850546
C100492,Gold,X,0.22696274002304426
C100493,Mass,VIII,0.19823868634103986
C100494,Gold,II,0.3085227428884163
C100495,Jóvenes,II,0.2632429344537064
C100496,Premium,X,0.2595762063898902
C100497,Mass,II,0.2864221889746346
C100498,Premium,X,0.38150420763285875
C100499,Mass,VIII,0.30332273010204625
C100500,Mass,V,0.16519312472474207
C100501,Gold,X,0.3406450556348615
C100502,Mass,RM,0.2690722420051242
C100503,Mass,VIII,0.34196711628700793
C100504,Mass,X,0.2829512368766071
C100505,Premium,IV,0.31712869780173625
C100506,Mass,V,0.13353282491953208
C100507,Mass,RM,0.26192659428655257
C100508,Mass,X,0.19478296660605302
C100509,Gold,RM,0.27804849730606984
C100510,Mass,VIII,0.23131889173450182
C100511,Jóvenes,RM,0.3846891290055258
C100512,Gold,V,0.2984401358182998
C100513,Premium,VIII,0.259430617292153
C100514,Mass,X,0.31472798028907517
C100515,Mass,V,0.28716624550178843
C100516,Gold,X,0.35956356854637705
C100517,Jóvenes,X,0.27607918223146205
C100518,Mass,IV,0.26142840719362054
C100519,Gold,RM,0.35961165615266744
C100520,Premium,RM,0.34986989708716215
C100521,Mass,RM,0.3636933902739034
C100522,Mass,V,0.32567268572205593
C100523,Premium,X,0.2611850080712536
C100524,Premium,II,0.2831728800249882
C100525,Mass,VIII,0.23764043163346898
C100526,Mass,II,0.27929009321708426
C100527,Premium,X,0.26237339298048046
C100528,Mass,II,0.3191846702152413
C100529,Mass,IV,0.21811074271942102
C100530,Mass,II,0.3170508584852867
C100531,Jóvenes,II,0.3120253388905315
C100532,Mass,V,0.2644892696503235
C100533,Jóvenes,RM,0.289691488066032
C100534,Gold,II,0.2199843429271984
C100535,Jóvenes,RM,0.3335865394526077
C100536,Mass,V,0.2947722937503929
C100537,Jóvenes,IV,0.32437157342640965
C100538,Gold,II,0.21930993011178967
C100539,Mass,V,0.2994832254439994
C100540,Mass,X,0.3124033816505435
C100541,Mass,IV,0.22208599671179446
C100542,Mass,V,0.26013829647742825
C100543,Mass,II,0.20922712334484533
C100544,Gold,IV,0.24137550537586577
C100545,Jóvenes,IV,0.28836088015686284
C100546,Jóvenes,VIII,0.18789061440093713
C100547,Mass,II,0.209192396688199
C100548,Gold,V,0.4026963167272377
C100549,Jóvenes,VIII,0.28746962582412294
C100550,Gold,IV,0.34515692625007505
C100551,Mass,IV,0.1697369003705248
C100552,Jóvenes,VIII,0.26167452104876116
C100553,Mass,V,0.14381298773401857
C100554,Mass,II,0.3239110093215778
C100555,Jóvenes,VIII,0.23231982356668077
C100556,Gold,V,0.3906363391256269
C100557,Mass,X,0.22438520893436859
C100558,Gold,IV,0.15938553729810134
C100559,Mass,VIII,0.3131090146416686
C100560,Mass,RM,0.31497738618217735
C100561,Mass,V,0.35031410636793175
C100562,Mass,V,0.3119969622750964
C100563,Gold,X,0.4013077996910403
C100564,Mass,IV,0.35807462378928256
C100565,Mass,IV,0.24731820944874552
C100566,Mass,X,0.23433894866018395
C100567,Gold,II,0.35711743180534716
C100568,Mass,II,0.3021337545324106
C100569,Mass,VIII,0.30938297618689625
C100570,Premium,IV,0.36356088886651805
C100571,Gold,II,0.26924477868053937
C100572,Premium,RM,0.24044395971089616
C100573,Mass,IV,0.3613942539370734
C100574,Gold,X,0.20911442218849718
C100575,Mass,V,0.24402360249684252
C100576,Premium,X,0.18625475531789454
C100577,Mass,RM,0.3826265027710682
C100578,Jóvenes,II,0.25739650841686146
C100579,Mass,V,0.3128411055304804
C100580,Mass,VIII,0.372290006548475
C100581,Mass,VIII,0.2237218517582267
C100582,Mass,IV,0.23840390328449118
C100583,Jóvenes,X,0.24180818684506095
C100584,Gold,IV,0.36636237399556215
C100585,Mass,IV,0.24033662133889272
C100586,Gold,RM,0.27135524831311875
C100587,Gold,RM,0.2904803618799656
C100588,Mass,II,0.22363907692510632
C100589,Premium,RM,0.2965927516040847
C100590,Jóvenes,RM,0.353107716893863
C100591,Gold,V,0.3355075423877207
C100592,Jóvenes,V,0.34662245766822947
C100593,Gold,IV,0.36311975498265514
C100594,Mass,II,0.30151959471249384
C100595,Premium,X,0.2538168493816799
C100596,Gold,V,0.2863382503725925
C100597,Mass,RM,0.3861689463367241
C100598,Mass,VIII,0.3082420411807782
C100599,Premium,V,0.16925715927256008
C100600,Gold,II,0.26720186235221016
C100601,Gold,X,0.27153936286375685
C100602,Gold,RM,0.1742655781417526
C100603,Premium,X,0.26168994010577235
C100604,Mass,RM,0.32531968489960345
C100605,Mass,II,0.3327927137650467
C100606,Mass,IV,0.2845493679216167
C100607,Premium,VIII,0.260288507561819
C100608,Mass,RM,0.299941424263551
C100609,Mass,X,0.32689599365596267
C100610,Gold,II,0.2252482943550801
C100611,Mass,IV,0.22348374839956014
C100612,Mass,V,0.23437752156314667
C100613,Mass,VIII,0.30135823088361813
C100614,Premium,V,0.2880851363130988
C100615,Gold,IV,0.3327950303137077
C100616,Premium,RM,0.2380399222760034
C100617,Mass,IV,0.32607975564818886
C100618,Gold,IV,0.34173138197205477
C100619,Premium,X,0.22443828266662602
C100620,Mass,RM,0.3166799273510047
C100621,Premium,V,0.19748278353791873
C100622,Jóvenes,IV,0.2685852990081976
C100623,Premium,RM,0.23068076724470765
C100624,Premium,X,0.2419247422505475
C100625,Gold,RM,0.3236254571402674
C100626,Mass,II,0.1941663412718443
C100627,Mass,IV,0.2312786633450353
C100628,Mass,RM,0.29267589252745563
C100629,Mass,X,0.34244875630422783
C100630,Gold,VIII,0.21471444906982157
C100631,Premium,X,0.2650696676658729
C100632,Mass,IV,0.34078639636319585
C100633,Gold,VIII,0.3117524611324537
C100634,Jóvenes,RM,0.27121582706794695
C100635,Gold,X,0.25278725161250376
C100636,Mass,X,0.21277979058915417
C100637,Gold,X,0.2827404472297504
C100638,Jóvenes,V,0.21802860480017663
C100639,Premium,VIII,0.2864254524122917
C100640,Gold,V,0.2698025487666066
C100641,Premium,X,0.29646310437531237
C100642,Mass,II,0.28930701254378377
C100643,Mass,II,0.24443171474866882
C100644,Premium,IV,0.2991458068648302
C100645,Mass,VIII,0.3201388654821641
C100646,Gold,X,0.24426779411736863
C100647,Mass,IV,0.33287347686685015
C100648,Mass,RM,0.3012951287107059
C100649,Mass,RM,0.3673674764213122
C100650,Gold,X,0.3546432607838317
C100651,Gold,II,0.19711894039902372
C100652,Gold,IV,0.3392724366139954
C100653,Mass,V,0.2561922345958252
C100654,Mass,RM,0.22526724768028317
C100655,Mass,X,0.3044730077497996
C100656,Mass,IV,0.2570488733586219
C100657,Jóvenes,X,0.300523251541014
C100658,Gold,IV,0.19243426038503322
C100659,Mass,II,0.20131890490479393
C100660,Premium,II,0.32891616037995924
C100661,Mass,V,0.2710638328822603
C100662,Gold,IV,0.2706378402136015
C100663,Gold,X,0.36141172267241517
C100664,Mass,II,0.22718558302990205
C100665,Premium,RM,0.29646566530088714
C100666,Mass,X,0.19272756783438116
C100667,Mass,II,0.27971869699667684
C100668,Mass,V,0.27161963540195255
C100669,Gold,II,0.30199396069175366
C100670,Mass,V,0.23284133531912327
C100671,Jóvenes,II,0.33346560559218164
C100672,Gold,VIII,0.1867769985176051
C100673,Gold,IV,0.2220951331536133
C100674,Mass,IV,0.26875600060539695
C100675,Jóvenes,V,0.33453307153825934
C100676,Mass,II,0.3242532014837358
C100677,Mass,IV,0.3158723752571868
C100678,Premium,VIII,0.3395240329545207
C100679,Mass,IV,0.33639850390322035
C100680,Gold,RM,0.18328886679799267
C100681,Mass,X,0.2716721057210514
C100682,Gold,V,0.2856664522833342
C100683,Gold,RM,0.4519921145972708
C100684,Mass,RM,0.274859748857339
C100685,Mass,IV,0.27772031172285605
C100686,Premium,II,0.2745084674869304
C100687,Mass,VIII,0.36189512141856894
C100688,Gold,II,0.26287076616969485
C100689,Mass,VIII,0.27837956283538356
C100690,Mass,RM,0.24661062901879222
C100691,Mass,II,0.2399957488235478
C100692,Gold,II,0.23268019754293343
C100693,Jóvenes,X,0.2794173809856947
C100694,Gold,V,0.2808795145462487
C100695,Mass,II,0.39247487479848575
C100696,Gold,RM,0.21544806470892414
C100697,Mass,V,0.1749700708213618
C100698,Gold,X,0.185761735419246
C100699,Jóvenes,VIII,0.27367132906650776
C100700,Premium,V,0.3635187668258542
C100701,Gold,IV,0.33357915723696596
C100702,Jóvenes,VIII,0.3569496676851207
C100703,Gold,X,0.15838644134600888
C100704,Mass,II,0.3586788843676185
C100705,Gold,RM,0.15856991306186002
C100706,Gold,VIII,0.2998004239055146
C100707,Mass,V,0.26778774958080637
C100708,Mass,V,0.2379987839049272
C100709,Gold,X,0.24713936196130032
C100710,Jóvenes,RM,0.2347029308661747
C100711,Mass,IV,0.23703527320726947
C100712,Mass,RM,0.2543724288343765
C100713,Gold,RM,0.33490331680594904
C100714,Premium,X,0.2697801238676655
C100715,Premium,X,0.17315616675143475
C100716,Mass,RM,0.4082597364635997
C100717,Gold,X,0.17222057350021147
C100718,Mass,VIII,0.2768939280929374
C100719,Jóvenes,RM,0.25280213740690227
C100720,Gold,RM,0.298467673722836
C100721,Gold,V,0.321514157232662
C100722,Gold,IV,0.338850477809763
C100723,Gold,II,0.3253897342851161
C100724,Premium,VIII,0.24802577396896253
C100725,Mass,X,0.17214713527564568
C100726,Premium,IV,0.20617433005073788
C100727,Mass,X,0.33030666532471825
C100728,Mass,RM,0.3456161735154779
C100729,Jóvenes,II,0.22767016430090253
C100730,Mass,VIII,0.387519681704901
C100731,Mass,IV,0.4188058034627181
C100732,Jóvenes,II,0.3219610455966666
C100733,Gold,IV,0.2530432928527107
C100734,Gold,RM,0.31256240404439406
C100735,Gold,X,0.35236481202189496
C100736,Mass,II,0.26393595125028085
C100737,Mass,II,0.32470662018204255
C100738,Gold,V,0.27793971602725454
C100739,Mass,IV,0.3171187158584561
C100740,Gold,RM,0.31049202779124235
C100741,Premium,RM,0.23368946943569135
C100742,Premium,II,0.34253869016293237
C100743,Mass,II,0.2701280335787264
C100744,Gold,V,0.3394203642537326
C100745,Gold,X,0.3030574794625279
C100746,Mass,RM,0.2615089458565276
C100747,Mass,IV,0.36695683108913946
C100748,Mass,II,0.28927724779375014
C100749,Mass,II,0.29341901466641745
C100750,Gold,II,0.308147264189531
C100751,Mass,II,0.32957558101628803
C100752,Mass,VIII,0.2160872399684112
C100753,Mass,II,0.26340687842935406
C100754,Premium,VIII,0.3195526432927662
C100755,Mass,VIII,0.2748729008660646
C100756,Jóvenes,VIII,0.25252167022254607
C100757,Mass,VIII,0.24369953791147048
C100758,Mass,VIII,0.27911755607910865
C100759,Mass,VIII,0.3785790624319847
C100760,Mass,RM,0.2896805949578286
C100761,Mass,V,0.2780819434962511
C100762,Mass,V,0.2741000986918915
C100763,Mass,VIII,0.2326385166699974
C100764,Jóvenes,VIII,0.3513817627007818
C100765,Mass,VIII,0.29650308736515335
C100766,Gold,VIII,0.29590118748496946
C100767,Jóvenes,V,0.28117182612965447
C100768,Gold,VIII,0.2645981911161659
C100769,Mass,RM,0.31493675812781985
C100770,Premium,V,0.24736673762150996
C100771,Premium,RM,0.2836895371109024
C100772,Mass,RM,0.3318030332289639
C100773,Gold,IV,0.24899833257446108
C100774,Mass,RM,0.31933542636770623
C100775,Jóvenes,X,0.3056679858424102
C100776,Mass,V,0.30276763195850176
C100777,Mass,IV,0.3228134514210586
C100778,Mass,VIII,0.2932738997744023
C100779,Jóvenes,X,0.27369047203540187
C100780,Premium,II,0.3222071843604506
C100781,Mass,X,0.22240620650605358
C100782,Gold,RM,0.28631169563309034
C100783,Gold,X,0.25171442710909187
C100784,Premium,V,0.21456947854453404
C100785,Mass,X,0.3158049610910881
C100786,Premium,V,0.30039102402641205
C100787,Premium,VIII,0.28168656681121035
C100788,Mass,IV,0.23834721670974177
C100789,Mass,IV,0.13473351702530528
C100790,Jóvenes,VIII,0.4152688181841287
C100791,Mass,VIII,0.24227519071075027
C100792,Mass,IV,0.2976365745625497
C100793,Mass,V,0.34894872251093817
C100794,Gold,V,0.21947132869542604
C100795,Mass,RM,0.31777896285481805
C100796,Mass,RM,0.25402611445252243
C100797,Mass,X,0.2863141247673253
C100798,Gold,RM,0.2764231690793639
C100799,Premium,V,0.2693553820634608
C100800,Premium,IV,0.2700530615190969
C100801,Mass,RM,0.33653280219192594
C100802,Mass,X,0.30874897055274125
C100803,Jóvenes,RM,0.2988581871090843
C100804,Mass,IV,0.4144067522653756
C100805,Mass,V,0.3280356660893363
C100806,Mass,IV,0.29568140492448464
C100807,Jóvenes,V,0.30671906169632424
C100808,Premium,X,0.42259621142403303
C100809,Mass,VIII,0.20458541283271015
C100810,Gold,VIII,0.31303146624295564
C100811,Gold,IV,0.2716207902512151
C100812,Mass,II,0.3455722078968933
C100813,Mass,V,0.2862322949781998
C100814,Mass,II,0.22713724304675004
C100815,Mass,VIII,0.26835300617238617
C100816,Mass,II,0.21542634640494585
C100817,Mass,RM,0.29159342077731076
C100818,Mass,RM,0.14892354865861968
C100819,Gold,II,0.29941506600165146
C100820,Gold,VIII,0.21286151025107675
C100821,Mass,RM,0.36295437061575897
C100822,Mass,II,0.3949758962284793
C100823,Mass,RM,0.1864360385553244
C100824,Mass,V,0.14738350054159446
C100825,Jóvenes,IV,0.2494106933262575
C100826,Mass,RM,0.3110529614949434
C100827,Mass,VIII,0.3984155506022983
C100828,Mass,VIII,0.30024437402515347
C100829,Mass,II,0.21990692956331456
C100830,Gold,IV,0.2829510102324834
C100831,Premium,RM,0.24716249077472596
C100832,Mass,X,0.24308222067258595
C100833,Mass,RM,0.2528887755340755
C100834,Mass,X,0.27813736778039116
C100835,Mass,X,0.30442973367083626
C100836,Mass,V,0.3055392728046684
C100837,Mass,IV,0.27974019850397897
C100838,Mass,RM,0.3343622206848401
C100839,Jóvenes,VIII,0.26632271922899087
C100840,Mass,V,0.35014311418640276
C100841,Mass,RM,0.32821839031390065
C100842,Mass,IV,0.25740270252443936
C100843,Gold,II,0.2594883864122888
C100844,Gold,IV,0.2368091374684519
C100845,Gold,X,0.3436439677209424
C100846,Mass,IV,0.315450440860231
C100847,Premium,V,0.2563811965934908
C100848,Gold,RM,0.24485349438338902
C100849,Gold,VIII,0.3671313011154853
C100850,Mass,II,0.2991881972661148
C100851,Mass,RM,0.26933621985487644
C100852,Mass,II,0.16217291857744615
C100853,Mass,II,0.259817686539669
C100854,Jóvenes,V,0.3036087614630097
C100855,Gold,RM,0.2755562124226795
C100856,Jóvenes,RM,0.2058182832755996
C100857,Mass,X,0.23198755791137554
C100858,Premium,VIII,0.21442731390196312
C100859,Gold,IV,0.302430763557357
C100860,Mass,VIII,0.19227041359140984
C100861,Gold,IV,0.29618710456480546
C100862,Mass,II,0.24608305725335264
C100863,Mass,IV,0.23459160104662738
C100864,Gold,VIII,0.26246179142295306
C100865,Mass,VIII,0.2322071375432054
C100866,Gold,IV,0.23504918173968384
C100867,Mass,RM,0.30871485670989746
C100868,Premium,VIII,0.28062714426468416
C100869,Mass,X,0.20685088357435008
C100870,Premium,VIII,0.24857269514349853
C100871,Mass,RM,0.30656146281428515
C100872,Premium,RM,0.295114843466196
C100873,Mass,IV,0.20632331164727907
C100874,Premium,VIII,0.39064258064903457
C100875,Mass,II,0.25896303958949074
C100876,Premium,VIII,0.27126988257173656
C100877,Mass,X,0.26257786428218366
C100878,Mass,RM,0.27270045769508444
C100879,Mass,RM,0.2798640796369121
C100880,Premium,II,0.3375161630840092
C100881,Gold,RM,0.2751889246118179
C100882,Mass,RM,0.32292836978830125
C100883,Mass,VIII,0.22741681757629534
C100884,Mass,VIII,0.2610263999999666
C100885,Gold,RM,0.20882570954697102
C100886,Mass,II,0.3642811264172149
C100887,Mass,VIII,0.3596136215636194
C100888,Jóvenes,IV,0.29196883551241914
C100889,Mass,IV,0.18204593759110996
C100890,Mass,IV,0.35829003254935027
C100891,Mass,II,0.23075451110280523
C100892,Gold,RM,0.24287424007096325
C100893,Mass,X,0.26532465079547496
C100894,Gold,X,0.21010783915060233
C100895,Gold,VIII,0.19469021337025466
C100896,Mass,RM,0.229530155671688
C100897,Gold,V,0.265214865150252
C100898,Mass,X,0.29529312472428504
C100899,Premium,RM,0.35473834696354534
C100900,Premium,IV,0.34383511176653125
C100901,Premium,II,0.43426736208475136
C100902,Mass,IV,0.26297359690686495
C100903,Jóvenes,IV,0.311975342425183
C100904,Mass,X,0.22051359840294713
C100905,Gold,VIII,0.39449824135135136
C100906,Gold,VIII,0.2856868554474916
C100907,Mass,RM,0.2585839220290157
C100908,Mass,IV,0.35791459005467496
C100909,Mass,RM,0.19803606726283687
C100910,Mass,IV,0.27567014837101617
C100911,Gold,IV,0.31726949648356084
C100912,Mass,IV,0.3421289807328373
C100913,Jóvenes,VIII,0.19125908979007256
C100914,Mass,V,0.2854440438485402
C100915,Mass,RM,0.21936823242579195
C100916,Mass,VIII,0.27907731796579194
C100917,Jóvenes,IV,0.275278992256426
C100918,Mass,II,0.25767407521828267
C100919,Mass,IV,0.30688639629350295
C100920,Gold,II,0.3502395262168183
C100921,Mass,VIII,0.24252710612779282
C100922,Mass,II,0.32751542530207084
C100923,Gold,VIII,0.35192908923670374
C100924,Gold,II,0.28248497193979766
C100925,Gold,IV,0.16043455239322219
C100926,Mass,RM,0.22990184233045002
C100927,Gold,VIII,0.31564059931101185
C100928,Mass,IV,0.2476777483051768
C100929,Mass,II,0.2687638416463679
C100930,Mass,X,0.34533916182275903
C100931,Jóvenes,RM,0.3418760580103676
C100932,Mass,RM,0.275730873247171
C100933,Gold,VIII,0.25830813506631634
C100934,Premium,V,0.29029119967421435
C100935,Mass,II,0.373168949757991
C100936,Jóvenes,V,0.2505131115720287
C100937,Mass,X,0.3241811386879393
C100938,Gold,X,0.32360228398639196
C100939,Mass,V,0.3356522894108937
C100940,Mass,II,0.32094258179920476
C100941,Gold,II,0.3247488798240347
C100942,Mass,RM,0.36024492548604414
C100943,Premium,II,0.22879867025980413
C100944,Mass,VIII,0.23973569233504471
C100945,Premium,IV,0.32943150317344483
C100946,Premium,VIII,0.38040125054554785
C100947,Mass,X,0.2694143061913191
C100948,Mass,IV,0.20169427405940143
C100949,Mass,VIII,0.21153782948208114
C100950,Gold,II,0.2832979345966374
C100951,Premium,IV,0.24269523042914898
C100952,Mass,II,0.26020047781501066
C100953,Premium,V,0.3325372065399119
C100954,Mass,V,0.32308489887390873
C100955,Mass,IV,0.27111187039405343
C100956,Premium,VIII,0.3026618710689839
C100957,Gold,V,0.2774921403376108
C100958,Gold,V,0.25622670727935815
C100959,Mass,II,0.3897538126129984
C100960,Jóvenes,IV,0.19707285925980703
C100961,Premium,II,0.1935264649636994
C100962,Gold,IV,0.24312289831335138
C100963,Gold,X,0.19883876410335405
C100964,Gold,X,0.2639492111053957
C100965,Gold,VIII,0.400249259593807
C100966,Mass,VIII,0.33095498034982607
C100967,Mass,V,0.3307360957009816
C100968,Premium,RM,0.2916922366372637
C100969,Mass,IV,0.1845087481662261
C100970,Mass,X,0.16013420172638348
C100971,Jóvenes,RM,0.3368913445025702
C100972,Gold,X,0.24794501955022133
C100973,Premium,V,0.25156547685411534
C100974,Mass,II,0.275087350930675
C100975,Premium,II,0.1966865370845163
C100976,Jóvenes,VIII,0.252360935859486
C100977,Gold,IV,0.22063520895341893
C100978,Jóvenes,IV,0.3245045517360223
C100979,Premium,IV,0.3537344867681374
C100980,Premium,X,0.37459404035682015
C100981,Gold,RM,0.2685439809385592
C100982,Gold,V,0.24960730601101555
C100983,Jóvenes,VIII,0.3888117405180484
C100984,Gold,RM,0.33062435524183714
C100985,Gold,VIII,0.3008428465985092
C100986,Mass,II,0.3232440053296819
C100987,Mass,RM,0.2639794165440041
C100988,Premium,IV,0.30448092561500156
C100989,Gold,X,0.4372928428260967
C100990,Premium,VIII,0.3839991503733966
C100991,Mass,II,0.28124820690697766
C100992,Mass,X,0.3061552591360739
C100993,Mass,V,0.2634113626792569
C100994,Mass,V,0.2754123512318919
C100995,Mass,V,0.2943213122730103
C100996,Jóvenes,VIII,0.2636967720478601
C100997,Gold,X,0.355797490391936
C100998,Mass,II,0.2708212224022781
C100999,Mass,IV,0.26590930759886056
C101000,Mass,VIII,0.22758078261401182
C101001,Premium,VIII,0.276503766553741
C101002,Mass,II,0.19145266999289057
C101003,Gold,V,0.22448933933889806
C101004,Mass,RM,0.39011037707597973
C101005,Mass,IV,0.2764716012544339
C101006,Mass,VIII,0.3061230874750037
C101007,Premium,V,0.2910774638924155
C101008,Mass,IV,0.21008376096704862
C101009,Premium,II,0.24157545428539934
C101010,Mass,II,0.2561242813522617
C101011,Mass,IV,0.20831665811380817
C101012,Gold,V,0.28517975933065115
C101013,Mass,IV,0.23239370007292723
C101014,Mass,X,0.284687125735535
C101015,Mass,VIII,0.3281519192113774
C101016,Mass,VIII,0.324098409941192
C101017,Jóvenes,VIII,0.30716789815144613
C101018,Gold,IV,0.21691297721670605
C101019,Mass,IV,0.19242395899866363
C101020,Mass,V,0.2752957215649406
C101021,Mass,IV,0.2885414291352964
C101022,Mass,V,0.3000028779095616
C101023,Mass,X,0.19252189630193128
C101024,Gold,V,0.3541020638583343
C101025,Premium,II,0.34104705337463725
C101026,Gold,VIII,0.21937517487276562
C101027,Mass,X,0.281099843166522
C101028,Mass,RM,0.254264769993913
C101029,Jóvenes,II,0.22250485808296044
C101030,Mass,II,0.281003789260417
C101031,Premium,X,0.26154831998526984
C101032,Gold,RM,0.30150281110720106
C101033,Mass,IV,0.33081149689943257
C101034,Mass,X,0.3798732460237634
C101035,Premium,V,0.2748460701390841
C101036,Jóvenes,V,0.3080491098970692
C101037,Mass,RM,0.25294471276473157
C101038,Mass,II,0.4544574905786043
C101039,Mass,II,0.2686749979730847
C101040,Mass,X,0.31513209117832086
C101041,Gold,RM,0.35127338061579383
C101042,Mass,X,0.3064528169370078
C101043,Mass,II,0.28659236481747374
C101044,Mass,VIII,0.1543086923357447
C101045,Mass,V,0.3154093734680646
C101046,Mass,VIII,0.2637653970177018
C101047,Premium,V,0.19565544504755794
C101048,Jóvenes,RM,0.3369125056850964
C101049,Mass,X,0.2659124257911031
C101050,Mass,IV,0.35630417387083796
C101051,Gold,IV,0.19576221842998107
C101052,Mass,V,0.31674630447014746
C101053,Mass,V,0.26455631040738864
C101054,Mass,VIII,0.28793689835846836
C101055,Mass,VIII,0.20328671070536525
C101056,Gold,II,0.2873049250080228
C101057,Mass,VIII,0.2936587274489518
C101058,Premium,RM,0.22639098738212368
C101059,Gold,X,0.2586531681418314
C101060,Jóvenes,RM,0.33242500663389435
C101061,Mass,II,0.33068207418315276
C101062,Gold,IV,0.23679113449297848
C101063,Gold,II,0.27455259612356714
C101064,Jóvenes,X,0.3057402592358594
C101065,Mass,VIII,0.2595906620261879
C101066,Gold,V,0.2964670527866575
C101067,Mass,X,0.19334560089953667
C101068,Mass,IV,0.2554015046146326
C101069,Gold,V,0.381171386936944
C101070,Premium,X,0.31236052279722176
C101071,Mass,II,0.21745027217068247
C101072,Jóvenes,X,0.2321850503905372
C101073,Jóvenes,VIII,0.27073058544715295
C101074,Gold,IV,0.32194257123558867
C101075,Mass,VIII,0.32820882943886315
C101076,Mass,V,0.3305171995774978
C101077,Mass,II,0.24826575510723112
C101078,Mass,RM,0.2631496263297841
C101079,Premium,VIII,0.3213596461794343
C101080,Jóvenes,IV,0.3353686553809573
C101081,Mass,V,0.214459725831475
C101082,Gold,II,0.2947135999307239
C101083,Mass,IV,0.3588191227610184
C101084,Gold,V,0.23376702520658482
C101085,Premium,RM,0.2748585941722463
C101086,Jóvenes,VIII,0.2671518793677035
C101087,Gold,II,0.23451800834044992
C101088,Mass,IV,0.27993525106904676
C101089,Mass,II,0.22648752415451195
C101090,Gold,VIII,0.19499464961027901
C101091,Mass,II,0.2606927191288505
C101092,Mass,II,0.35882010880504184
C101093,Mass,V,0.3526109713371467
C101094,Jóvenes,RM,0.2964099187390931
C101095,Premium,RM,0.2937406855868033
C101096,Mass,RM,0.2605916953518083
C101097,Jóvenes,RM,0.2596591101343547
C101098,Gold,IV,0.2817687199686154
C101099,Jóvenes,II,0.20921544660500324
C101100,Mass,II,0.26311138898514996
C101101,Jóvenes,X,0.2885349858943964
C101102,Gold,V,0.3041593098300292
C101103,Mass,RM,0.2743563323652698
C101104,Mass,RM,0.2995134914717993
C101105,Mass,RM,0.20675730812180104
C101106,Mass,V,0.24550958604442277
C101107,Gold,V,0.33127541106856795
C101108,Jóvenes,IV,0.16588607876300215
C101109,Premium,IV,0.26690334007100575
C101110,Mass,IV,0.27220270766137616
C101111,Gold,RM,0.2322580787597541
C101112,Mass,IV,0.21970959082861766
C101113,Gold,IV,0.3454295905264987
C101114,Gold,II,0.26973431655214386
C101115,Gold,VIII,0.3287111378481363
C101116,Gold,V,0.36395034490460243
C101117,Premium,II,0.2047286552425514
C101118,Premium,X,0.18813565182723244
C101119,Mass,II,0.23199303073345318
C101120,Mass,X,0.34371488649408
C101121,Premium,IV,0.27427703102338846
C101122,Mass,V,0.21702812307859398
C101123,Mass,X,0.34098741628903645
C101124,Mass,V,0.27717465528534013
C101125,Mass,VIII,0.2928475340232455
C101126,Mass,X,0.29549369818205207
C101127,Mass,V,0.29600477751278814
C101128,Mass,IV,0.3320226105027066
C101129,Mass,II,0.2723438230745594
C101130,Gold,VIII,0.29255575554219365
C101131,Premium,VIII,0.28549370591857015
C101132,Gold,II,0.3579177354159382
C101133,Mass,X,0.30931467083780834
C101134,Jóvenes,V,0.29469972285839086
C101135,Jóvenes,V,0.3912468505432597
C101136,Mass,VIII,0.2538251058811594
C101137,Mass,II,0.33922048552690853
C101138,Gold,II,0.25444567451108585
C101139,Mass,II,0.25131325104461405
C101140,Premium,V,0.33168796384456506
C101141,Gold,RM,0.2737970708024735
C101142,Mass,IV,0.4278140421050338
C101143,Mass,II,0.2859075744123554
C101144,Mass,II,0.2572495490998795
C101145,Mass,RM,0.28019063658143967
C101146,Mass,II,0.28985147348849577
C101147,Gold,V,0.12385958862585558
C101148,Mass,VIII,0.30631728040965556
C101149,Premium,X,0.21887054804825232
C101150,Gold,RM,0.27719733852218287
C101151,Premium,V,0.2897761417005407
C101152,Mass,X,0.2741281788537175
C101153,Mass,VIII,0.32843645960477197
C101154,Gold,X,0.3035633674841795
C101155,Gold,X,0.341724706976501
C101156,Premium,II,0.28577260397714016
C101157,Mass,RM,0.25242687516126194
C101158,Gold,RM,0.33928650342981903
C101159,Jóvenes,II,0.32616008953384235
C101160,Premium,VIII,0.34227034641358944
C101161,Mass,VIII,0.30178946966938347
C101162,Jóvenes,RM,0.17780271937128533
C101163,Gold,IV,0.2716031144512491
C101164,Gold,V,0.30226258006430823
C101165,Gold,V,0.22656482969808428
C101166,Gold,RM,0.3701078293369629
C101167,Mass,IV,0.2905138561517916
C101168,Mass,X,0.258451477868653
C101169,Jóvenes,RM,0.2876205255667565
C101170,Mass,IV,0.2435483748355685
C101171,Mass,VIII,0.2404162575378756
C101172,Mass,IV,0.2771898131144973
C101173,Mass,X,0.22156926030640056
C101174,Mass,RM,0.251682870732007
C101175,Mass,RM,0.19877220257199404
C101176,Mass,V,0.320479190250656
C101177,Gold,X,0.2823141685469322
C101178,Mass,IV,0.29748540839351606
C101179,Mass,RM,0.2077993174495565
C101180,Gold,IV,0.25116785495497984
C101181,Jóvenes,X,0.12733800587943842
C101182,Mass,IV,0.21555038129637522
C101183,Mass,V,0.27774530614524845
C101184,Jóvenes,V,0.2892398742014044
C101185,Mass,X,0.22349892649442513
C101186,Jóvenes,V,0.28088214661055255
C101187,Gold,IV,0.33032881535893116
C101188,Mass,II,0.34555240422498645
C101189,Mass,V,0.24722862909717114
C101190,Mass,RM,0.298935775273427
C101191,Mass,II,0.23432988407177724
C101192,Gold,X,0.20043689381000684
C101193,Gold,IV,0.36789887501409213
C101194,Gold,V,0.2050140583201608
C101195,Mass,RM,0.1709067273634715
C101196,Premium,RM,0.2225271870762262
C101197,Mass,VIII,0.25588034766692597
C101198,Mass,X,0.2526970560424503
C101199,Jóvenes,II,0.2105098161693003
C101200,Mass,II,0.3170386909407615
C101201,Mass,RM,0.1300610127443576
C101202,Mass,RM,0.27979752365965366
C101203,Gold,II,0.36057075975864267
C101204,Jóvenes,RM,0.28169104173668663
C101205,Mass,RM,0.25305379532011657
C101206,Mass,RM,0.2638334433528882
C101207,Jóvenes,VIII,0.2784251344790512
C101208,Mass,V,0.32254056443220913
C101209,Mass,V,0.20350276841727288
C101210,Mass,II,0.21494908407147006
C101211,Mass,V,0.22355366372698143
C101212,Mass,V,0.2141153674664369
C101213,Premium,RM,0.35351784197705594
C101214,Mass,X,0.2906097660499644
C101215,Mass,VIII,0.4057303538979191
C101216,Gold,VIII,0.2693527591408291
C101217,Mass,V,0.266479642073391
C101218,Mass,X,0.21978934922727195
C101219,Premium,II,0.23736307345741448
C101220,Jóvenes,RM,0.32338213300535945
C101221,Gold,VIII,0.42311877839443846
C101222,Jóvenes,VIII,0.2584246223738501
C101223,Mass,IV,0.22294829814071584
C101224,Mass,II,0.3019927191271999
C101225,Mass,V,0.2412742244801353
C101226,Premium,II,0.31616786170936506
C101227,Mass,RM,0.21759176682284945
C101228,Premium,V,0.36833712192472623
C101229,Mass,V,0.2995051128107749
C101230,Mass,II,0.2995771692848931
C101231,Jóvenes,IV,0.25028433650748294
C101232,Gold,X,0.23646095135886958
C101233,Mass,II,0.15300957561411943
C101234,Mass,V,0.249539349174224
C101235,Mass,IV,0.23707356826009024
C101236,Mass,V,0.33213160555290405
C101237,Gold,VIII,0.3100895370716835
C101238,Premium,IV,0.22474201162729948
C101239,Mass,IV,0.16527889054117867
C101240,Jóvenes,IV,0.2739889476415733
C101241,Mass,IV,0.35040164855852934
C101242,Gold,RM,0.309951740013662
C101243,Premium,RM,0.26126998144024943
C101244,Premium,RM,0.30133443095741425
C101245,Premium,V,0.2557779722380656
C101246,Mass,II,0.34211435080990055
C101247,Gold,X,0.3902939494366467
C101248,Mass,IV,0.31731817685266595
C101249,Mass,RM,0.21505894262684222
C101250,Gold,VIII,0.18045636931670872
C101251,Gold,X,0.29163758177586374
C101252,Mass,VIII,0.2865387584322909
C101253,Mass,VIII,0.2913513272714547
C101254,Mass,II,0.12057375935744591
C101255,Premium,V,0.2752529641716341
C101256,Gold,IV,0.2600296138776512
C101257,Mass,X,0.2979690014513222
C101258,Premium,IV,0.3131335907538494
C101259,Gold,IV,0.25781230124271765
C101260,Mass,VIII,0.1783952178232654
C101261,Gold,X,0.23789242937468708
C101262,Premium,IV,0.3481114393070337
C101263,Gold,II,0.2645139680010865
C101264,Premium,V,0.2866509278797945
C101265,Gold,VIII,0.35360406912996556
C101266,Premium,IV,0.32551742386090693
C101267,Gold,IV,0.3503348490558065
C101268,Gold,V,0.33501944255504124
C101269,Gold,X,0.2096893682968537
C101270,Premium,VIII,0.23014368927772325
C101271,Jóvenes,RM,0.3225748573114083
C101272,Premium,X,0.28579941609727694
C101273,Gold,II,0.2846971389460059
C101274,Mass,RM,0.29167265546918375
C101275,Gold,II,0.34820585784118135
C101276,Jóvenes,X,0.16222746383100428
C101277,Gold,X,0.26766716204773083
C101278,Mass,VIII,0.2748092961321203
C101279,Mass,II,0.34521154067457127
C101280,Mass,II,0.3307883567902661
C101281,Mass,RM,0.2851617056336123
C101282,Gold,IV,0.2363287582628268
C101283,Mass,IV,0.27660323185323576
C101284,Mass,VIII,0.43808714338632637
C101285,Mass,IV,0.3348463453376662
C101286,Gold,X,0.32168258347300105
C101287,Gold,VIII,0.33245089680232187
C101288,Mass,V,0.2524883601380649
C101289,Mass,II,0.31187546159297413
C101290,Mass,X,0.41204104221422383
C101291,Jóvenes,X,0.32082413235780244
C101292,Premium,X,0.21751042061578876
C101293,Premium,IV,0.30446825636515645
C101294,Mass,X,0.31749287962274886
C101295,Jóvenes,IV,0.33102188596130805
C101296,Gold,RM,0.3039236748821674
C101297,Gold,IV,0.32858995032747984
C101298,Gold,IV,0.3753352116068126
C101299,Mass,IV,0.3754821285321607
C101300,Mass,II,0.2825718320512416
C101301,Gold,V,0.32495229912883994
C101302,Mass,V,0.18264162118598803
C101303,Gold,V,0.23664974861911603
C101304,Gold,IV,0.2436367763810901
C101305,Gold,II,0.27425300916936174
C101306,Gold,IV,0.20084272936315078
C101307,Mass,X,0.2856076991032971
C101308,Mass,X,0.22697722501471718
C101309,Mass,IV,0.200312330461285
C101310,Jóvenes,VIII,0.15727408985332703
C101311,Mass,IV,0.2445860608003061
C101312,Premium,VIII,0.29757945189540413
C101313,Premium,V,0.30623866693838225
C101314,Mass,VIII,0.31362671022902355
C101315,Premium,RM,0.27175969734377253
C101316,Mass,RM,0.29765976988259335
C101317,Jóvenes,VIII,0.2669851956230103
C101318,Mass,X,0.248160920629518
C101319,Jóvenes,RM,0.20296476323201063
C101320,Gold,X,0.23438831895831458
C101321,Gold,X,0.22469910205304267
C101322,Gold,RM,0.327994233337897
C101323,Gold,V,0.2345066053213931
C101324,Mass,VIII,0.31914906973988966
C101325,Jóvenes,VIII,0.2600915322348531
C101326,Mass,V,0.3605858808197113
C101327,Mass,II,0.21350262525982122
C101328,Gold,II,0.197624199227129
C101329,Mass,V,0.3249694030551504
C101330,Mass,X,0.31092019526782927
C101331,Premium,RM,0.27492340117681674
C101332,Premium,II,0.30445705709471604
C101333,Mass,RM,0.25646464913310835
C101334,Premium,RM,0.2753926121740904
C101335,Mass,RM,0.15976611322283668
C101336,Mass,RM,0.2918872590964284
C101337,Gold,VIII,0.21899943443347925
C101338,Gold,IV,0.40858873751489955
C101339,Gold,II,0.37866462120425337
C101340,Mass,X,0.15987710198750266
C101341,Mass,II,0.2337218715448344
C101342,Mass,II,0.24874623252973435
C101343,Mass,VIII,0.21756133635372865
C101344,Premium,IV,0.2854096202822277
C101345,Mass,VIII,0.27192290276458647
C101346,Jóvenes,X,0.3416641969253978
C101347,Gold,V,0.3994681157001386
C101348,Gold,II,0.19244055279109037
C101349,Mass,II,0.3541008645037243
C101350,Mass,V,0.2535941852740999
C101351,Gold,RM,0.3141200663797331
C101352,Mass,IV,0.37089127409809014
C101353,Mass,IV,0.3119325421693447
C101354,Mass,X,0.3027833230220031
C101355,Mass,II,0.2694350328600358
C101356,Mass,II,0.34585546084153973
C101357,Gold,V,0.2549884550237984
C101358,Mass,VIII,0.32332227021929905
C101359,Gold,IV,0.328921571000956
C101360,Mass,II,0.2501726178516596
C101361,Premium,RM,0.37194617936663915
C101362,Mass,VIII,0.31536401710766326
C101363,Mass,X,0.2883236114235953
C101364,Mass,VIII,0.2757689182209085
C101365,Gold,II,0.2990797467532056
C101366,Gold,IV,0.2576470058322482
C101367,Mass,RM,0.2056020678418345
C101368,Mass,IV,0.25388871060800433
C101369,Mass,RM,0.4546951266556127
C101370,Gold,RM,0.2956018468286265
C101371,Premium,RM,0.215817020407165
C101372,Gold,IV,0.259952519511569
C101373,Mass,RM,0.27781473939815393
C101374,Mass,VIII,0.33759659362962496
C101375,Gold,V,0.2716040155315305
C101376,Mass,RM,0.2502212765769166
C101377,Mass,IV,0.2120880888482499
C101378,Gold,V,0.29540202995356085
C101379,Jóvenes,VIII,0.23872453471720012
C101380,Mass,II,0.20470089291457355
C101381,Mass,RM,0.30338469751291713
C101382,Mass,VIII,0.26101729833239934
C101383,Mass,II,0.31507025612402845
C101384,Gold,RM,0.3047612182980187
C101385,Gold,IV,0.26031544955447533
C101386,Gold,II,0.3017786195137481
C101387,Mass,V,0.38715787994285966
C101388,Mass,II,0.21556952066156332
C101389,Gold,X,0.2355416531326694
C101390,Gold,VIII,0.2877675167989288
C101391,Mass,VIII,0.30099370539989434
C101392,Mass,IV,0.3192363356975521
C101393,Jóvenes,RM,0.22893717024337204
C101394,Mass,VIII,0.33792038232075483
C101395,Premium,II,0.29649091446213144
C101396,Mass,V,0.2753650230398139
C101397,Jóvenes,II,0.1878734404951492
C101398,Mass,X,0.34173252644080715
C101399,Mass,IV,0.2299412985176243
C101400,Mass,II,0.22499630411093965
C101401,Mass,IV,0.31460303425176195
C101402,Gold,II,0.2947074159661549
C101403,Mass,II,0.2968165527306109
C101404,Premium,VIII,0.4215106484842733
C101405,Mass,RM,0.23517616842580114
C101406,Gold,RM,0.35249314631872164
C101407,Gold,X,0.3017139932220905
C101408,Premium,X,0.4282867995464087
C101409,Mass,RM,0.3070451110937116
C101410,Gold,X,0.2754327744103846
C101411,Jóvenes,II,0.27169515779618547
C101412,Mass,RM,0.2653022986991592
C101413,Mass,II,0.2275473148323412
C101414,Mass,II,0.3666259654139088
C101415,Mass,VIII,0.251568664993106
C101416,Gold,V,0.2717606289610678
C101417,Mass,V,0.2877654568939797
C101418,Gold,RM,0.30769521028210567
C101419,Premium,II,0.3236266463217639
C101420,Jóvenes,RM,0.3753962581307779
C101421,Premium,V,0.25750905390332157
C101422,Gold,V,0.30363604157868695
C101423,Jóvenes,VIII,0.18646334963914626
C101424,Jóvenes,X,0.24143016522312685
C101425,Mass,IV,0.2819423412823701
C101426,Gold,RM,0.2667298287741715
C101427,Mass,VIII,0.3492888519892434
C101428,Mass,IV,0.3146734276986062
C101429,Mass,V,0.3005020189216226
C101430,Jóvenes,RM,0.2526794966776762
C101431,Premium,X,0.27531563718529695
C101432,Mass,IV,0.3055394954847687
C101433,Jóvenes,VIII,0.4089677524402464
C101434,Mass,X,0.30572068257610846
C101435,Mass,IV,0.25186936182409636
C101436,Gold,X,0.3409686456183787
C101437,Gold,RM,0.2920250565000443
C101438,Mass,X,0.1595721214783727
C101439,Mass,IV,0.23717435890683164
C101440,Premium,X,0.28300184866270084
C101441,Mass,VIII,0.2590504870253441
C101442,Gold,II,0.2966399056312494
C101443,Gold,VIII,0.30643284842511354
C101444,Mass,IV,0.24897385452772974
C101445,Jóvenes,II,0.3313667805024162
C101446,Mass,II,0.3873886100795535
C101447,Mass,IV,0.3635436394224064
C101448,Mass,VIII,0.3091067495485936
C101449,Mass,X,0.33459867643459185
C101450,Gold,VIII,0.324356958506522
C101451,Gold,II,0.22449812628107418
C101452,Jóvenes,VIII,0.2651115063705038
C101453,Premium,RM,0.24552916183607248
C101454,Mass,V,0.2895480715983696
C101455,Mass,IV,0.3530258787863561
C101456,Gold,II,0.25028432894368735
C101457,Premium,V,0.20045564725716866
C101458,Gold,VIII,0.27448808321141255
C101459,Mass,X,0.3688378031061192
C101460,Premium,X,0.22577471061048487
C101461,Jóvenes,VIII,0.28991106786700627
C101462,Jóvenes,IV,0.19592472062996327
C101463,Gold,II,0.24115706122118383
C101464,Gold,VIII,0.24804966129350386
C101465,Jóvenes,IV,0.3557490361356121
C101466,Premium,VIII,0.2353092472802499
C101467,Mass,II,0.36686143417085787
C101468,Mass,IV,0.3577922461304551
C101469,Mass,V,0.2324705726969109
C101470,Jóvenes,V,0.31744810661393186
C101471,Mass,VIII,0.21495723714250614
C101472,Mass,V,0.31952644497963745
C101473,Jóvenes,IV,0.3608923901269145
C101474,Jóvenes,II,0.26102301123817273
C101475,Mass,VIII,0.2867603118739192
C101476,Mass,II,0.15262438942068826
C101477,Mass,IV,0.3623771976341721
C101478,Mass,VIII,0.21093005970718887
C101479,Mass,X,0.27911080207273836
C101480,Mass,VIII,0.29957905161676657
C101481,Mass,IV,0.3423198675241306
C101482,Mass,VIII,0.26525603698490163
C101483,Mass,X,0.3261084566509928
C101484,Premium,IV,0.2581438112516094
C101485,Premium,IV,0.19498846679281456
C101486,Premium,V,0.3552657208475502
C101487,Mass,IV,0.2590808628311462
C101488,Premium,V,0.24214021075376246
C101489,Mass,V,0.2477258298819859
C101490,Jóvenes,VIII,0.17834712207778336
C101491,Jóvenes,VIII,0.2963938778611337
C101492,Mass,RM,0.2128252850952974
C101493,Mass,X,0.36386267558896485
C101494,Jóvenes,II,0.2719840892659872
C101495,Mass,X,0.3465617213673807
C101496,Gold,IV,0.21380236808680353
C101497,Mass,VIII,0.253014410866921
C101498,Jóvenes,VIII,0.3364625857114508
C101499,Gold,X,0.35175421413720986
C101500,Mass,II,0.3504877724158571
C101501,Premium,II,0.30786528818861364
C101502,Mass,II,0.21023863367496834
C101503,Premium,RM,0.3358496329709312
C101504,Mass,II,0.21426378450936595
C101505,Mass,V,0.242239680796887
C101506,Mass,RM,0.3200696539576849
C101507,Mass,X,0.24228421180364004
C101508,Mass,RM,0.25317515305507077
C101509,Mass,V,0.2639656828538953
C101510,Gold,RM,0.3360363861485617
C101511,Jóvenes,RM,0.3308522653636137
C101512,Premium,RM,0.4144944026968356
C101513,Premium,V,0.31398003157815346
C101514,Mass,V,0.3424149078278796
C101515,Mass,V,0.2309341380019576
C101516,Mass,VIII,0.33604627043229
C101517,Mass,RM,0.35398800151910786
C101518,Mass,VIII,0.323628521026522
C101519,Gold,V,0.17374328099706232
C101520,Premium,X,0.18579618907383855
C101521,Mass,RM,0.24670291101418332
C101522,Mass,II,0.29258085314622223
C101523,Mass,VIII,0.22321445208350127
C101524,Mass,RM,0.30763285423595593
C101525,Gold,X,0.2681175959132372
C101526,Gold,V,0.30791747527827595
C101527,Mass,X,0.29960644260776076
C101528,Mass,X,0.23135086065276533
C101529,Gold,V,0.309999945856978
C101530,Gold,V,0.31736868131329987
C101531,Mass,V,0.24683711092245286
C101532,Mass,II,0.2727040771929832
C101533,Gold,IV,0.24577456134928313
C101534,Gold,II,0.2502973448588457
C101535,Mass,V,0.2592242590966275
C101536,Mass,II,0.32572208419381077
C101537,Mass,II,0.1749072646841216
C101538,Premium,RM,0.336775498282005
C101539,Mass,VIII,0.34832176639717083
C101540,Mass,X,0.3009679455238863
C101541,Gold,IV,0.32773389870228997
C101542,Mass,IV,0.3528697281913736
C101543,Premium,V,0.19688075950883555
C101544,Premium,V,0.21758153817429032
C101545,Mass,VIII,0.3503326399229203
C101546,Gold,X,0.33228547193529856
C101547,Gold,X,0.34053240208840424
C101548,Gold,RM,0.18907376242395466
C101549,Jóvenes,II,0.35162875280785677
C101550,Mass,VIII,0.14063018830237675
C101551,Mass,V,0.35939443128893545
C101552,Mass,IV,0.33704615740425137
C101553,Gold,RM,0.28364972708565095
C101554,Mass,II,0.20958780164730423
C101555,Mass,IV,0.3599101265082367
C101556,Mass,V,0.29892461909791146
C101557,Mass,IV,0.2369819427075823
C101558,Premium,II,0.2910368854323403
C101559,Gold,VIII,0.24679104793062412
C101560,Premium,VIII,0.24499970190911702
C101561,Premium,X,0.15331659996844524
C101562,Mass,II,0.34306412689362425
C101563,Gold,RM,0.16240714963433261
C101564,Mass,RM,0.3299247914678416
C101565,Mass,V,0.3627726442584043
C101566,Mass,RM,0.17226297918390693
C101567,Premium,V,0.32203945304611037
C101568,Premium,II,0.27942860082962134
C101569,Jóvenes,IV,0.1924713351494498
C101570,Premium,IV,0.3192923643423646
C101571,Mass,II,0.2809119440648803
C101572,Gold,V,0.31967202741253015
C101573,Mass,II,0.28368975296229004
C101574,Gold,RM,0.31252736766599204
C101575,Jóvenes,X,0.3650732486063156
C101576,Mass,II,0.24430673540669295
C101577,Gold,IV,0.26190505691237037
C101578,Jóvenes,V,0.2578084903060618
C101579,Mass,IV,0.2550219940162183
C101580,Gold,V,0.3255396193822558
C101581,Gold,V,0.2948645125543151
C101582,Premium,IV,0.2518800683668413
C101583,Mass,RM,0.21539357995063574
C101584,Premium,VIII,0.2932339492601969
C101585,Mass,VIII,0.3195480679256343
C101586,Mass,RM,0.37664295932333836
C101587,Mass,VIII,0.28844004932562417
C101588,Gold,II,0.2560422561707346
C101589,Mass,VIII,0.13735000743953493
C101590,Gold,II,0.22293104098464378
C101591,Mass,VIII,0.23036200552851122
C101592,Jóvenes,X,0.3278605182761198
C101593,Mass,IV,0.2732956942768129
C101594,Mass,VIII,0.3711416739442165
C101595,Mass,VIII,0.2704946182675023
C101596,Mass,V,0.27957843352574957
C101597,Gold,RM,0.2021278606681266
C101598,Mass,RM,0.21848476735093056
C101599,Premium,RM,0.2608447895383388
C101600,Mass,V,0.2880561503046686
C101601,Mass,VIII,0.27874981118477105
C101602,Premium,VIII,0.27558333777466604
C101603,Mass,II,0.31434277941255456
C101604,Premium,VIII,0.2514886017819597
C101605,Mass,IV,0.16884850001330087
C101606,Premium,V,0.24061592179671587
C101607,Mass,II,0.20900971194254733
C101608,Gold,X,0.2133512807148933
C101609,Mass,X,0.31827826310525964
C101610,Jóvenes,VIII,0.276708549274191
C101611,Mass,RM,0.3168176507160846
C101612,Mass,II,0.34258203430816553
C101613,Gold,VIII,0.24295668755730665
C101614,Jóvenes,X,0.25391468651475685
C101615,Mass,X,0.2523833566447092
C101616,Mass,II,0.23115518627109038
C101617,Mass,V,0.260265703966523
C101618,Mass,RM,0.29878153843555644
C101619,Mass,II,0.40036484630174507
C101620,Mass,RM,0.29658326837667126
C101621,Mass,II,0.30202931161008006
C101622,Mass,II,0.28855111333272315
C101623,Premium,II,0.35126852260449615
C101624,Gold,VIII,0.32323657043587184
C101625,Jóvenes,VIII,0.2817293668293778
C101626,Mass,VIII,0.30260327768960094
C101627,Mass,RM,0.21765634836749198
C101628,Mass,IV,0.21717176389801196
C101629,Mass,II,0.3216735315015583
C101630,Premium,V,0.1608898129142497
C101631,Mass,RM,0.3612072951784808
C101632,Mass,IV,0.176516815874524
C101633,Gold,X,0.283505268074603
C101634,Gold,RM,0.23703601943458796
C101635,Premium,VIII,0.15745171277393244
C101636,Mass,II,0.19900932132611648
C101637,Gold,V,0.2356952617448244
C101638,Gold,X,0.3434909112848473
C101639,Mass,X,0.25328062838536053
C101640,Mass,RM,0.367234832519625
C101641,Premium,V,0.28529916411164075
C101642,Mass,X,0.21955364812306033
C101643,Gold,X,0.31076077279111874
C101644,Mass,II,0.38150983610548356
C101645,Mass,IV,0.3063458445118403
C101646,Gold,VIII,0.2062526030141037
C101647,Premium,X,0.19490660766843618
C101648,Mass,RM,0.12
C101649,Gold,RM,0.3780488305794265
C101650,Gold,II,0.2614586029243581
C101651,Mass,X,0.2752238743487139
C101652,Mass,V,0.2709435603402208
C101653,Gold,X,0.2987868705787868
C101654,Gold,IV,0.280470963200811
C101655,Gold,RM,0.2834964462903159
C101656,Gold,II,0.22644621583450775
C101657,Mass,V,0.23511894781055515
C101658,Gold,II,0.3207952606010698
C101659,Gold,IV,0.23654313282514092
C101660,Mass,RM,0.34023265483966336
C101661,Jóvenes,RM,0.3300479989408078
C101662,Mass,X,0.2164112562094411
C101663,Mass,V,0.23570509424324038
C101664,Mass,X,0.3442310623623785
C101665,Mass,RM,0.25385952916757853
C101666,Mass,IV,0.3086952762168103
C101667,Mass,VIII,0.2519758218060789
C101668,Mass,RM,0.31053770237327377
C101669,Gold,RM,0.22014114179863006
C101670,Mass,V,0.18731125787878303
C101671,Mass,V,0.22700634763934568
C101672,Mass,II,0.2861284882279008
C101673,Mass,RM,0.27100819175031676
C101674,Mass,VIII,0.26105658694172174
C101675,Jóvenes,IV,0.1921652281388252
C101676,Jóvenes,VIII,0.2692968802650262
C101677,Mass,RM,0.2552912520512699
C101678,Mass,V,0.24095290546785242
C101679,Premium,X,0.30681855208639697
C101680,Mass,IV,0.3046675421949471
C101681,Premium,X,0.2590830693975135
C101682,Jóvenes,RM,0.2177444543405676
C101683,Mass,IV,0.2213721292109226
C101684,Gold,RM,0.3000493728355132
C101685,Gold,VIII,0.26135458579554754
C101686,Gold,VIII,0.2924166006159813
C101687,Mass,V,0.2712721118429092
C101688,Mass,IV,0.337611557114494
C101689,Mass,RM,0.22960437473969744
C101690,Mass,VIII,0.28851649363474935
C101691,Mass,RM,0.3174997844613896
C101692,Mass,VIII,0.28022917698903504
C101693,Mass,X,0.19977616828426056
C101694,Gold,RM,0.2753760943086573
C101695,Premium,V,0.2810057053992446
C101696,Mass,II,0.2801400480616826
C101697,Mass,RM,0.2971008111311647
C101698,Mass,IV,0.29184733494793486
C101699,Mass,IV,0.2885605876546326
C101700,Gold,IV,0.35105697378504463
C101701,Premium,IV,0.2808711113142117
C101702,Premium,X,0.32831627855916257
C101703,Gold,VIII,0.25924872011721345
C101704,Mass,X,0.34652218013595554
C101705,Mass,X,0.31691048080870193
C101706,Mass,VIII,0.29525565037946394
C101707,Gold,VIII,0.2887101295661547
C101708,Premium,RM,0.25015052827826584
C101709,Mass,V,0.24990820812207726
C101710,Mass,V,0.370681798596446
C101711,Gold,RM,0.24301004383806263
C101712,Premium,X,0.18388400020695433
C101713,Mass,VIII,0.20510616559112482
C101714,Mass,V,0.24987123645141152
C101715,Premium,IV,0.34071784765475893
C101716,Mass,IV,0.19427558696359384
C101717,Mass,X,0.36660275877381854
C101718,Mass,V,0.28517096902405425
C101719,Mass,IV,0.23729247329470093
C101720,Premium,RM,0.14744144082015043
C101721,Gold,II,0.1771362499076502
C101722,Mass,V,0.24279746782710737
C101723,Gold,V,0.2812260903126956
C101724,Gold,V,0.15238479913045738
C101725,Premium,RM,0.2898964372354693
C101726,Premium,V,0.23658080339977167
C101727,Premium,IV,0.28615326620881787
C101728,Jóvenes,II,0.3539258396892527
C101729,Premium,RM,0.379471104708915
C101730,Mass,RM,0.29495708157096157
C101731,Premium,II,0.20283959755776443
C101732,Jóvenes,VIII,0.1621478749755322
C101733,Mass,V,0.26842730211227817
C101734,Gold,VIII,0.31125899044791944
C101735,Gold,II,0.18475105552503873
C101736,Gold,VIII,0.13467590235429297
C101737,Jóvenes,V,0.2316033725479836
C101738,Premium,V,0.24759838067574536
C101739,Premium,VIII,0.30265286806222186
C101740,Mass,X,0.2734664576341423
C101741,Mass,V,0.21809390874750964
C101742,Mass,X,0.31031002864888246
C101743,Mass,RM,0.1926307461374171
C101744,Mass,X,0.2220159923472834
C101745,Gold,II,0.22043203689966948
C101746,Mass,RM,0.2687802772726442
C101747,Mass,II,0.40545770106239815
C101748,Mass,VIII,0.24866241225095428
C101749,Mass,V,0.3007639294902682
C101750,Jóvenes,VIII,0.3916836074804742
C101751,Gold,VIII,0.4091688353244386
C101752,Mass,II,0.18987400011665068
C101753,Mass,VIII,0.25874123822119877
C101754,Jóvenes,X,0.26606413478956387
C101755,Gold,V,0.21125369337167832
C101756,Gold,RM,0.2775448545906963
C101757,Premium,X,0.35673979081669094
C101758,Mass,X,0.25651336777742734
C101759,Jóvenes,RM,0.3644452263907263
C101760,Mass,IV,0.29137146399687736
C101761,Mass,IV,0.3235560529852857
C101762,Mass,RM,0.3414781033354977
C101763,Gold,V,0.40425745292895116
C101764,Mass,X,0.191512054900582
C101765,Mass,II,0.31650972658776344
C101766,Jóvenes,X,0.26524727335369325
C101767,Gold,X,0.2802037282911032
C101768,Gold,X,0.2690555547705486
C101769,Mass,VIII,0.15088126026391113
C101770,Mass,II,0.1998078249062996
C101771,Mass,II,0.23777682711813655
C101772,Gold,V,0.32413388243448926
C101773,Jóvenes,II,0.2658730472000841
C101774,Mass,VIII,0.30462895390477096
C101775,Gold,IV,0.27876236842492647
C101776,Mass,X,0.2792600312406121
C101777,Premium,RM,0.18798751466059105
C101778,Mass,VIII,0.3490377403495741
C101779,Mass,IV,0.2821456432399612
C101780,Premium,II,0.306206833713704
C101781,Mass,X,0.21376333855760507
C101782,Mass,RM,0.26617780835578214
C101783,Gold,V,0.2599342437507627
C101784,Gold,X,0.275034889493405
C101785,Premium,IV,0.33845268665379075
C101786,Mass,V,0.2500834363380636
C101787,Gold,RM,0.3076674595697958
C101788,Mass,VIII,0.31576484456161286
C101789,Mass,RM,0.3210323924705919
C101790,Gold,VIII,0.197490003340777
C101791,Mass,II,0.3751489485267771
C101792,Premium,X,0.2749265235667698
C101793,Gold,VIII,0.1832305036989862
C101794,Gold,II,0.20224426954471442
C101795,Gold,II,0.19911709667500888
C101796,Gold,VIII,0.22408197888082357
C101797,Mass,II,0.28738883297598317
C101798,Mass,X,0.21793810437543815
C101799,Mass,IV,0.32202108501453425
C101800,Premium,IV,0.19577781685880197
C101801,Premium,V,0.25900406552228067
C101802,Gold,RM,0.34942003618979167
C101803,Mass,V,0.32672552658305604
C101804,Mass,IV,0.26222596297797235
C101805,Gold,IV,0.2714826670121619
C101806,Premium,X,0.26498556367776666
C101807,Mass,IV,0.21358234298959736
C101808,Jóvenes,RM,0.36816175317166694
C101809,Mass,V,0.21101524663542293
C101810,Jóvenes,II,0.3148594381879205
C101811,Gold,RM,0.13419391429401578
C101812,Premium,IV,0.3616483426677218
C101813,Mass,VIII,0.21252097653785257
C101814,Gold,X,0.17316969074849928
C101815,Mass,IV,0.23407752990039662
C101816,Mass,VIII,0.2610310268259393
C101817,Gold,X,0.2877591590614729
C101818,Mass,V,0.2636344208334063
C101819,Premium,RM,0.2856977705860736
C101820,Mass,V,0.34836788065082036
C101821,Mass,IV,0.3843947919513541
C101822,Jóvenes,II,0.1497400790415289
C101823,Gold,X,0.22895122321632225
C101824,Mass,V,0.30621035733810925
C101825,Premium,RM,0.23016348471076578
C101826,Gold,VIII,0.39293191597021154
C101827,Mass,V,0.3300976016650281
C101828,Jóvenes,X,0.31681934884466517
C101829,Premium,V,0.2724805368976753
C101830,Gold,VIII,0.3346895747485744
C101831,Premium,IV,0.3263840973919517
C101832,Mass,V,0.3036046885190237
C101833,Gold,IV,0.3586763048475319
C101834,Premium,X,0.31608854948806026
C101835,Jóvenes,RM,0.2087411273223566
C101836,Gold,RM,0.21735844427973808
C101837,Gold,VIII,0.3309444307007316
C101838,Mass,V,0.27256346055906766
C101839,Mass,V,0.2800766807571506
C101840,Gold,RM,0.2434752868188868
C101841,Mass,IV,0.3500052579217361
C101842,Mass,IV,0.2685395637241793
C101843,Mass,RM,0.31211119279844785
C101844,Mass,V,0.2792254180217903
C101845,Gold,VIII,0.2377458782636424
C101846,Jóvenes,RM,0.2815904334353421
C101847,Premium,V,0.2748007263838023
C101848,Premium,V,0.27556733549572343
C101849,Mass,V,0.3066949471376852
C101850,Gold,X,0.20883852676796347
C101851,Mass,II,0.2236570481386304
C101852,Gold,X,0.2895281500099232
C101853,Mass,X,0.28148518719104587
C101854,Gold,IV,0.25396585195786286
C101855,Jóvenes,RM,0.24094826212540038
C101856,Gold,V,0.3270504130758021
C101857,Jóvenes,X,0.20378511852908754
C101858,Mass,II,0.20143449693061521
C101859,Mass,VIII,0.3336149687717214
C101860,Gold,II,0.19964982955727556
C101861,Gold,V,0.34303238545762005
C101862,Mass,X,0.31799099886878585
C101863,Premium,V,0.30597179402036323
C101864,Premium,X,0.2921369755947142
C101865,Jóvenes,V,0.28317769772119034
C101866,Premium,IV,0.3292580395222041
C101867,Gold,IV,0.351823509354074
C101868,Gold,II,0.16019596590806803
C101869,Gold,X,0.28073434806010905
C101870,Gold,II,0.23288627128672298
C101871,Mass,IV,0.3378492853437021
C101872,Mass,VIII,0.27536391751878386
C101873,Jóvenes,VIII,0.2725142964429346
C101874,Mass,VIII,0.19554037572346727
C101875,Mass,X,0.2618877370089022
C101876,Mass,VIII,0.36813435152210605
C101877,Jóvenes,RM,0.3231786050211237
C101878,Mass,VIII,0.22772696765335354
C101879,Mass,V,0.3282984420688721
C101880,Mass,V,0.27081581695800155
C101881,Jóvenes,IV,0.32123930745556234
C101882,Gold,X,0.32431604808271397
C101883,Gold,X,0.3874639967333926
C101884,Mass,IV,0.2686998314084381
C101885,Premium,V,0.2747179111916769
C101886,Mass,II,0.24449903734492262
C101887,Premium,II,0.2554113200380662
C101888,Jóvenes,II,0.30436306358809995
C101889,Mass,X,0.24316091890158872
C101890,Gold,RM,0.22605952711978405
C101891,Mass,RM,0.3383553297278729
C101892,Gold,V,0.37038674671976746
C101893,Mass,RM,0.34332125197405716
C101894,Premium,RM,0.3850374366598996
C101895,Premium,V,0.2926644996880542
C101896,Premium,X,0.3851225152053772
C101897,Gold,V,0.28352870981405925
C101898,Mass,II,0.15993565034513707
C101899,Gold,IV,0.30331151821045205
C101900,Mass,II,0.253034213622201
C101901,Gold,RM,0.3075439923203808
C101902,Premium,RM,0.2621462386283391
C101903,Mass,X,0.22802294715243604
C101904,Mass,X,0.2752564024032609
C101905,Premium,II,0.3139975097665725
C101906,Jóvenes,V,0.3488943127435231
C101907,Premium,IV,0.2478994477056075
C101908,Mass,VIII,0.29408944428113354
C101909,Gold,V,0.23594261734351052
C101910,Mass,RM,0.2422715326118664
C101911,Mass,IV,0.28076468250078923
C101912,Jóvenes,IV,0.2910979980419665
C101913,Mass,X,0.2357732833316516
C101914,Mass,RM,0.3703834129575296
C101915,Mass,RM,0.24213137846424948
C101916,Premium,V,0.26226840000282425
C101917,Mass,II,0.3791388842349449
C101918,Gold,X,0.15928590569516565
C101919,Jóvenes,X,0.298875712745481
C101920,Mass,RM,0.25458489406342544
C101921,Jóvenes,X,0.24507967858911778
C101922,Jóvenes,RM,0.26297943435225274
C101923,Mass,IV,0.14869947455110985
C101924,Gold,IV,0.19257199628828808
C101925,Gold,V,0.2470056070255946
C101926,Gold,V,0.28543070271160015
C101927,Mass,RM,0.24862432256859265
C101928,Gold,IV,0.2747242504051454
C101929,Mass,X,0.20772340464641753
C101930,Mass,II,0.21787730421381662
C101931,Gold,VIII,0.17750168620276097
C101932,Gold,X,0.20991903594669514
C101933,Gold,II,0.2680300209921307
C101934,Premium,X,0.36493477262806784
C101935,Premium,X,0.2798545969330861
C101936,Gold,X,0.23387377538757634
C101937,Mass,II,0.3739371340911184
C101938,Premium,X,0.3377961316831621
C101939,Gold,V,0.33959668021603884
C101940,Mass,V,0.21267406139392192
C101941,Gold,II,0.31699533806650737
C101942,Mass,RM,0.28992671318016083
C101943,Mass,V,0.38404491000703705
C101944,Gold,II,0.20306603911793705
C101945,Mass,V,0.2635308834767533
C101946,Mass,VIII,0.289529267393372
C101947,Jóvenes,V,0.3604182294029434
C101948,Jóvenes,V,0.3180852461324211
C101949,Mass,V,0.3474504530359845
C101950,Gold,V,0.23047011527419692
C101951,Mass,RM,0.258573797081645
C101952,Gold,IV,0.3470175811053212
C101953,Mass,V,0.28436940076161665
C101954,Mass,V,0.237215466420344
C101955,Mass,X,0.27911227264616734
C101956,Premium,X,0.22767275099808776
C101957,Mass,RM,0.18046733861369418
C101958,Mass,RM,0.2913899114755431
C101959,Mass,II,0.2523096985994489
C101960,Premium,X,0.252438354260372
C101961,Mass,V,0.32802401691295807
C101962,Premium,VIII,0.25882825907408474
C101963,Gold,V,0.24680341266208483
C101964,Mass,V,0.33684878625572984
C101965,Mass,VIII,0.3111497850447585
C101966,Mass,V,0.29129472047264143
C101967,Gold,II,0.25477946649252836
C101968,Gold,II,0.2893311521454332
C101969,Mass,V,0.31050892823228654
C101970,Mass,V,0.237890297748708
C101971,Gold,X,0.35212967517577165
C101972,Mass,II,0.1919833997579143
C101973,Premium,VIII,0.22065786714365462
C101974,Mass,IV,0.32237855601989407
C101975,Premium,II,0.20380859898875703
C101976,Mass,V,0.25258853988796964
C101977,Mass,V,0.30877464906380025
C101978,Mass,X,0.35825979697414734
C101979,Mass,IV,0.34803614745437556
C101980,Mass,V,0.2690421503050168
C101981,Mass,IV,0.24416353048856176
C101982,Gold,V,0.23950060157780162
C101983,Mass,V,0.1478870566718884
C101984,Jóvenes,VIII,0.202056673788322
C101985,Gold,VIII,0.31969354518203397
C101986,Mass,II,0.2823186904602924
C101987,Premium,VIII,0.12348518151524623
C101988,Mass,X,0.2696647206956198
C101989,Gold,V,0.20588133823279145
C101990,Mass,RM,0.24499159970920775
C101991,Premium,IV,0.2807082159548869
C101992,Jóvenes,VIII,0.26930033647978807
C101993,Mass,IV,0.45574343864452294
C101994,Mass,IV,0.21433637499064
C101995,Mass,VIII,0.2215573621915769
C101996,Mass,X,0.32527171978397684
C101997,Jóvenes,IV,0.3105157516369907
C101998,Mass,RM,0.23975930656611924
C101999,Gold,X,0.21197467406366854
C102000,Mass,RM,0.35360541819820845
C102001,Mass,IV,0.35982605068428053
C102002,Mass,X,0.3458179233212658
C102003,Premium,VIII,0.3073093529322689
C102004,Mass,IV,0.3834233765539383
C102005,Gold,X,0.14784993761808915
C102006,Mass,VIII,0.20999797797946396
C102007,Mass,X,0.20336393016723492
C102008,Mass,VIII,0.3741125566113498
C102009,Jóvenes,RM,0.23935895207484487
C102010,Mass,V,0.13922817268408877
C102011,Gold,VIII,0.27865846544073697
C102012,Mass,X,0.31431102437045727
C102013,Mass,II,0.2609303167939856
C102014,Mass,VIII,0.23940092575011473
C102015,Mass,II,0.3562837539927943
C102016,Mass,V,0.3028819324129091
C102017,Mass,X,0.32578508060997935
C102018,Gold,V,0.2265657607553654
C102019,Mass,X,0.21401330200251933
C102020,Mass,IV,0.24697947072611526
C102021,Mass,X,0.3851698538617934
C102022,Mass,X,0.288225986778569
C102023,Mass,IV,0.28595760096127326
C102024,Premium,X,0.3479557990365123
C102025,Premium,VIII,0.25391858061572653
C102026,Mass,VIII,0.26032418989349043
C102027,Premium,IV,0.36807642549347425
C102028,Gold,II,0.2907876375824378
C102029,Mass,II,0.2674509030031635
C102030,Premium,II,0.28463221930266247
C102031,Mass,RM,0.3004485921473209
C102032,Gold,RM,0.3431940782637419
C102033,Mass,II,0.3064297525905708
C102034,Premium,V,0.27737808663792096
C102035,Gold,RM,0.2810106414467048
C102036,Premium,RM,0.3178842309184471
C102037,Mass,V,0.2991946442181089
C102038,Mass,VIII,0.15133148783224895
C102039,Gold,IV,0.3999424628643389
C102040,Mass,X,0.23207830534937068
C102041,Premium,X,0.23672219525672383
C102042,Mass,II,0.2647528622093613
C102043,Mass,VIII,0.278210665502515
C102044,Gold,II,0.34079404116199985
C102045,Mass,II,0.24778447333644793
C102046,Mass,X,0.22962285728432846
C102047,Gold,V,0.23290071126164275
C102048,Premium,II,0.23705973165598676
C102049,Mass,RM,0.23895957536425533
C102050,Mass,X,0.32067396582172575
C102051,Mass,VIII,0.1980607030807172
C102052,Premium,RM,0.3610792193251377
C102053,Mass,V,0.2689639425380035
C102054,Premium,II,0.23735956659287188
C102055,Mass,V,0.34687918869142986
C102056,Mass,IV,0.22444923154154278
C102057,Premium,X,0.2998505570540963
C102058,Gold,VIII,0.3285064415951547
C102059,Premium,IV,0.2835990757781272
C102060,Mass,X,0.2919519654286055
C102061,Gold,X,0.3231241301031581
C102062,Mass,IV,0.2483246979547056
C102063,Premium,RM,0.2532797767643523
C102064,Mass,IV,0.22725880969175477
C102065,Gold,IV,0.3773720450146893
C102066,Mass,II,0.38731458431344123
C102067,Mass,VIII,0.3074312113339702
C102068,Mass,RM,0.39497790403915284
C102069,Mass,II,0.29261400324778186
C102070,Premium,X,0.36092066956152025
C102071,Premium,V,0.32519844796670516
C102072,Gold,VIII,0.2398116556346709
C102073,Jóvenes,VIII,0.31215075708112894
C102074,Gold,RM,0.23714466516544838
C102075,Gold,RM,0.205577189956939
C102076,Premium,IV,0.31756342955252737
C102077,Mass,II,0.20241940807698325
C102078,Mass,X,0.30144335555225865
C102079,Premium,VIII,0.3386458222889873
C102080,Mass,V,0.22022680158305374
C102081,Gold,X,0.21344650040908986
C102082,Gold,V,0.35014372958340145
C102083,Gold,V,0.1755975748834585
C102084,Premium,II,0.3298366439095742
C102085,Mass,IV,0.21940261154959984
C102086,Gold,V,0.22419436343249424
C102087,Mass,IV,0.24050625910288997
C102088,Mass,V,0.2942147818171909
C102089,Gold,II,0.3086465058075152
C102090,Mass,X,0.21009222542006212
C102091,Mass,II,0.2926435407960543
C102092,Mass,V,0.23231426827799007
C102093,Mass,RM,0.20897502961985776
C102094,Mass,II,0.1412386608558753
C102095,Gold,V,0.3612050212262473
C102096,Mass,IV,0.2711188573698234
C102097,Premium,X,0.24530938237741373
C102098,Mass,RM,0.3120645801028905
C102099,Mass,V,0.2094054983524554
C102100,Mass,X,0.1866823706718444
C102101,Mass,II,0.24405024844646178
C102102,Mass,VIII,0.2884326289395419
C102103,Mass,VIII,0.24328184153605362
C102104,Mass,V,0.3169285129464709
C102105,Gold,RM,0.16464782823875385
C102106,Gold,VIII,0.26121801319822563
C102107,Mass,X,0.3960544268568219
C102108,Gold,V,0.294904460686292
C102109,Gold,X,0.2062480514643539
C102110,Mass,RM,0.22405443571279313
C102111,Mass,VIII,0.22664220027916573
C102112,Jóvenes,II,0.27929545517374865
C102113,Mass,II,0.22150458618364574
C102114,Jóvenes,V,0.2263462451116945
C102115,Mass,V,0.2726465603234655
C102116,Jóvenes,VIII,0.38627445133186633
C102117,Gold,V,0.28227252369500694
C102118,Mass,V,0.24113003663952107
C102119,Mass,X,0.3865543321821702
C102120,Jóvenes,II,0.2641560905637245
C102121,Mass,VIII,0.2698387081695094
C102122,Premium,IV,0.21892216917880947
C102123,Mass,RM,0.2738677601807841
C102124,Gold,IV,0.18138192639494488
C102125,Premium,VIII,0.29763435953889134
C102126,Gold,IV,0.2712754039067698
C102127,Mass,IV,0.31961411672518997
C102128,Premium,VIII,0.29884152111285095
C102129,Premium,IV,0.25344486396864524
C102130,Mass,IV,0.2210116358864627
C102131,Gold,IV,0.2711414148964476
C102132,Gold,IV,0.2498234793480859
C102133,Mass,II,0.3326205792645332
C102134,Mass,V,0.303108370319113
C102135,Mass,VIII,0.24244566609939466
C102136,Premium,IV,0.2570460860380511
C102137,Premium,RM,0.32435364300208486
C102138,Mass,II,0.21016691728509665
C102139,Mass,II,0.342788762913875
C102140,Mass,IV,0.13828957562915783
C102141,Jóvenes,IV,0.2692964350896533
C102142,Gold,V,0.3189036821701074
C102143,Mass,VIII,0.35193204016604146
C102144,Premium,II,0.36411059084051867
C102145,Premium,V,0.15335476380663948
C102146,Mass,RM,0.2683769563791396
C102147,Premium,IV,0.31731373081662684
C102148,Mass,II,0.31465519149581517
C102149,Gold,X,0.3388510328976203
C102150,Gold,II,0.12
C102151,Mass,II,0.2579533919530893
C102152,Gold,X,0.3013667594041765
C102153,Mass,RM,0.27696181084918836
C102154,Premium,V,0.2095104213165814
C102155,Mass,II,0.27271001552825436
C102156,Gold,X,0.24889354868246527
C102157,Premium,IV,0.21436539790529396
C102158,Mass,II,0.29667792607402876
C102159,Mass,VIII,0.310287348096669
C102160,Mass,VIII,0.28383654317565055
C102161,Gold,II,0.31449635266624626
C102162,Mass,IV,0.3086687521894695
C102163,Mass,X,0.22621919269515198
C102164,Mass,VIII,0.3137554474102933
C102165,Jóvenes,VIII,0.2721726623089
C102166,Mass,IV,0.3194403489935946
C102167,Mass,VIII,0.31967666962917246
C102168,Mass,IV,0.2926781433478841
C102169,Mass,X,0.28751850771318876
C102170,Mass,RM,0.18370664730544745
C102171,Premium,X,0.2727112246852229
C102172,Gold,II,0.29674771564416474
C102173,Gold,X,0.29204280855586257
C102174,Premium,IV,0.28161214227394393
C102175,Mass,X,0.2241520663286019
C102176,Gold,IV,0.2517363319439236
C102177,Jóvenes,V,0.24786036627802382
C102178,Premium,V,0.2347704210919213
C102179,Gold,II,0.31637733258423884
C102180,Gold,IV,0.37550577624753734
C102181,Jóvenes,X,0.14491920252531099
C102182,Premium,V,0.22135775843643232
C102183,Gold,X,0.24882065260343927
C102184,Mass,VIII,0.3628982360265663
C102185,Jóvenes,V,0.17075514406939168
C102186,Mass,X,0.19785467463940137
C102187,Gold,V,0.3035284372954797
C102188,Gold,X,0.3856171361813959
C102189,Premium,VIII,0.21851798220903965
C102190,Premium,V,0.3416334615866542
C102191,Mass,VIII,0.4189722323726853
C102192,Mass,X,0.3255368795444963
C102193,Mass,RM,0.3503623866453939
C102194,Gold,II,0.3807371563952642
C102195,Jóvenes,II,0.3807149941694587
C102196,Mass,IV,0.2471128016115426
C102197,Mass,X,0.1929185667112691
C102198,Mass,VIII,0.15504632152481473
C102199,Premium,IV,0.2972065078857733
C102200,Mass,X,0.31636657993648154
C102201,Jóvenes,II,0.2618622767284712
C102202,Mass,VIII,0.27381340633851964
C102203,Mass,VIII,0.2987954666698541
C102204,Mass,II,0.323508156654448
C102205,Gold,IV,0.30655414907209044
C102206,Mass,II,0.2150576185718697
C102207,Gold,V,0.3861864985655675
C102208,Gold,II,0.2815701456966543
C102209,Mass,X,0.29802550319535254
C102210,Mass,VIII,0.24477432862783158
C102211,Jóvenes,VIII,0.24745217621446614
C102212,Mass,RM,0.23117792185778527
C102213,Jóvenes,IV,0.27268310461850337
C102214,Premium,V,0.26112793657711414
C102215,Mass,II,0.3231185422993425
C102216,Premium,VIII,0.21523972821216203
C102217,Gold,IV,0.2812494785759321
C102218,Premium,II,0.1966406752735409
C102219,Mass,X,0.24812224469276906
C102220,Premium,VIII,0.25826849534787655
C102221,Gold,V,0.33949856576639403
C102222,Gold,IV,0.2227238632600508
C102223,Mass,II,0.2699697676570468
C102224,Mass,IV,0.3253859238436957
C102225,Mass,V,0.22861377057367338
C102226,Premium,IV,0.20983560626556136
C102227,Gold,II,0.24091198956761103
C102228,Mass,V,0.264343633901771
C102229,Mass,V,0.269221203024512
C102230,Gold,II,0.2485927331429954
C102231,Gold,II,0.33334514218187816
C102232,Mass,X,0.3306035794772888
C102233,Mass,II,0.32196498021738573
C102234,Gold,RM,0.17962069633506925
C102235,Mass,IV,0.1932525095712126
C102236,Premium,VIII,0.12
C102237,Mass,VIII,0.3640526110897205
C102238,Mass,X,0.3264620680945929
C102239,Jóvenes,II,0.33427375814586724
C102240,Mass,II,0.2376295239640536
C102241,Mass,RM,0.27986136199083256
C102242,Jóvenes,RM,0.19849423595434043
C102243,Mass,X,0.23945675312123546
C102244,Jóvenes,V,0.34151975046648547
C102245,Premium,V,0.29204973192758965
C102246,Mass,RM,0.3481578514800882
C102247,Jóvenes,RM,0.23538506093011044
C102248,Jóvenes,II,0.33909387816100195
C102249,Mass,II,0.29016970141909737
C102250,Mass,VIII,0.20476930802654664
C102251,Gold,V,0.23910083446598138
C102252,Mass,VIII,0.1672882302606038
C102253,Mass,II,0.19354832225273264
C102254,Premium,RM,0.22126681168436013
C102255,Mass,RM,0.3092705323808767
C102256,Gold,VIII,0.26326843521557997
C102257,Mass,RM,0.26480489289610737
C102258,Gold,X,0.3747063239105861
C102259,Mass,VIII,0.30190144818821907
C102260,Mass,VIII,0.3031938089607258
C102261,Gold,X,0.23509314995598718
C102262,Mass,RM,0.30010783517360073
C102263,Mass,X,0.3873998603689388
C102264,Jóvenes,IV,0.29405044157999205
C102265,Jóvenes,II,0.29610401026812516
C102266,Mass,IV,0.3144544620255953
C102267,Mass,X,0.30175648968310004
C102268,Mass,IV,0.21467398846166819
C102269,Gold,RM,0.318880296907757
C102270,Mass,RM,0.21183554368950547
C102271,Mass,RM,0.2321620636094252
C102272,Premium,II,0.35315890531143185
C102273,Mass,V,0.2768116724518888
C102274,Mass,X,0.22167738714646773
C102275,Mass,RM,0.27719381340685034
C102276,Premium,X,0.30253892913681407
C102277,Mass,II,0.2370932412163204
C102278,Gold,VIII,0.34166960262400736
C102279,Premium,II,0.4149210821149495
C102280,Mass,VIII,0.18447434192231463
C102281,Mass,II,0.28971432181909745
C102282,Mass,IV,0.18692445049231624
C102283,Mass,V,0.2819972229665621
C102284,Gold,II,0.19940972743158714
C102285,Mass,RM,0.2931466831276918
C102286,Jóvenes,IV,0.37300516117416643
C102287,Jóvenes,II,0.3942665632779004
C102288,Gold,RM,0.26805290221241584
C102289,Gold,IV,0.3491346801260854
C102290,Mass,V,0.41500831783750847
C102291,Mass,X,0.3033794209914169
C102292,Mass,VIII,0.23408556848529985
C102293,Mass,V,0.2951505731372195
C102294,Mass,X,0.3734498897437038
C102295,Premium,V,0.3368709838166113
C102296,Jóvenes,VIII,0.26917349029264154
C102297,Gold,VIII,0.18255245218221655
C102298,Gold,RM,0.2095323060616609
C102299,Mass,X,0.3871683927621954
C102300,Jóvenes,IV,0.26732863238246013
C102301,Mass,II,0.3486452119278009
C102302,Mass,RM,0.3105913878487697
C102303,Gold,X,0.247069653947583
C102304,Jóvenes,V,0.26532512318703355
C102305,Mass,IV,0.24293026149191183
C102306,Mass,VIII,0.3522630217338976
C102307,Jóvenes,X,0.24458355489879935
C102308,Mass,X,0.4078215090251406
C102309,Mass,V,0.3100973481283723
C102310,Premium,VIII,0.21339342383482016
C102311,Mass,V,0.3580989378440184
C102312,Mass,IV,0.22338032601564892
C102313,Gold,VIII,0.17083220742400815
C102314,Gold,RM,0.34395878400456575
C102315,Mass,V,0.29412212651453595
C102316,Mass,V,0.2971065134866665
C102317,Gold,V,0.17461964600868493
C102318,Mass,RM,0.2925173402921955
C102319,Mass,V,0.34642354764780964
C102320,Mass,V,0.29257295674455513
C102321,Gold,VIII,0.22704757024677563
C102322,Gold,II,0.22301193325852667
C102323,Mass,VIII,0.2918138335394131
C102324,Mass,RM,0.3759754578376555
C102325,Premium,X,0.24417073932529637
C102326,Mass,II,0.3477583059228834
C102327,Gold,II,0.29519280657594704
C102328,Premium,II,0.22303647113091807
C102329,Mass,II,0.3346034935236425
C102330,Gold,IV,0.3148747109971748
C102331,Jóvenes,IV,0.3215198664427947
C102332,Mass,VIII,0.3721557367608493
C102333,Premium,VIII,0.2577208070057329
C102334,Premium,V,0.2305771984558501
C102335,Mass,V,0.14768806032976922
C102336,Premium,V,0.25439629506457
C102337,Gold,X,0.32929346902767886
C102338,Mass,VIII,0.40103201721155013
C102339,Gold,RM,0.188288493024517
C102340,Jóvenes,IV,0.268795041976126
C102341,Mass,II,0.22605215427327224
C102342,Mass,IV,0.2535982300888089
C102343,Jóvenes,IV,0.292119596509746
C102344,Mass,VIII,0.3271130999959344
C102345,Jóvenes,RM,0.24855986188751097
C102346,Mass,VIII,0.20166465683268514
C102347,Gold,X,0.26090822846821315
C102348,Gold,X,0.21679912008181285
C102349,Mass,II,0.19901558962168903
C102350,Gold,VIII,0.22928446883526718
C102351,Gold,VIII,0.1739054416566437
C102352,Mass,VIII,0.313872984503337
C102353,Mass,IV,0.23654042096949535
C102354,Gold,RM,0.30525757937292036
C102355,Gold,X,0.2977873270513608
C102356,Premium,X,0.221531948598804
C102357,Gold,VIII,0.3665796877209888
C102358,Premium,X,0.29274466029322815
C102359,Mass,RM,0.27380498249148477
C102360,Jóvenes,II,0.3795710456242248
C102361,Gold,II,0.17170483894811678
C102362,Gold,IV,0.29777593558252424
C102363,Mass,V,0.3064673918716517
C102364,Mass,X,0.29110505907693635
C102365,Mass,X,0.13434494928021626
C102366,Mass,X,0.18295329890685183
C102367,Mass,V,0.2604427452264189
C102368,Mass,V,0.24476611369105822
C102369,Mass,VIII,0.2952844347488696
C102370,Gold,VIII,0.20419819926811894
C102371,Mass,V,0.2850751554311321
C102372,Mass,IV,0.15752455484113886
C102373,Mass,IV,0.2647451216654016
C102374,Jóvenes,X,0.1962055284171273
C102375,Gold,X,0.3067875722857454
C102376,Gold,IV,0.19781602928131103
C102377,Jóvenes,II,0.27911215424729613
C102378,Mass,II,0.2509129897057088
C102379,Mass,VIII,0.22332055745878776
C102380,Premium,RM,0.2984175374467555
C102381,Mass,II,0.30077544717355553
C102382,Mass,V,0.3257989385217534
C102383,Mass,X,0.25397979131203435
C102384,Gold,VIII,0.23293447539026793
C102385,Premium,V,0.2672254438401928
C102386,Premium,VIII,0.1964455191959575
C102387,Mass,II,0.24783578611676094
C102388,Mass,V,0.2310430691301155
C102389,Mass,X,0.2790500210112337
C102390,Mass,V,0.32579249367444507
C102391,Mass,II,0.40399441555098303
C102392,Jóvenes,VIII,0.3581880420852838
C102393,Gold,X,0.24837954754418132
C102394,Mass,II,0.21052293047711196
C102395,Mass,VIII,0.2784148879126274
C102396,Mass,RM,0.28728993519536344
C102397,Gold,IV,0.29927057185653577
C102398,Mass,II,0.2011258766213656
C102399,Mass,RM,0.23929739443246967
C102400,Mass,X,0.2744332019790891
C102401,Premium,RM,0.3600447994931656
C102402,Gold,V,0.3692164856651268
C102403,Gold,V,0.2344661382750552
C102404,Premium,IV,0.2033166786711572
C102405,Premium,IV,0.34742597514397033
C102406,Mass,II,0.2999562965854852
C102407,Mass,VIII,0.28815254190599143
C102408,Mass,VIII,0.345512894852672
C102409,Premium,VIII,0.3321928687131612
C102410,Mass,II,0.328232480568547
C102411,Gold,VIII,0.2510673250465512
C102412,Mass,VIII,0.26871952380291264
C102413,Mass,V,0.22518124863342337
C102414,Mass,VIII,0.3070700069219952
C102415,Mass,IV,0.290481818575104
C102416,Mass,RM,0.2913479796659591
C102417,Mass,RM,0.380563233734763
C102418,Premium,VIII,0.26256391710562893
C102419,Mass,RM,0.2226160734808294
C102420,Mass,V,0.29012398632913566
C102421,Gold,II,0.3103992085365245
C102422,Mass,RM,0.31777177563431636
C102423,Gold,IV,0.17500783962747085
C102424,Premium,II,0.18409441431015727
C102425,Premium,V,0.23469301203221002
C102426,Premium,II,0.24143305659942108
C102427,Gold,V,0.28081295259847344
C102428,Mass,V,0.25615782131212306
C102429,Mass,V,0.31149899864962527
C102430,Mass,IV,0.2338201979889441
C102431,Mass,RM,0.26447257643102595
C102432,Gold,RM,0.2892022008725526
C102433,Premium,RM,0.2765748930025573
C102434,Mass,V,0.1891367353061159
C102435,Mass,X,0.340905070078852
C102436,Mass,VIII,0.2723412728041407
C102437,Gold,VIII,0.26205421626122855
C102438,Mass,X,0.16752137532466088
C102439,Mass,X,0.28482081317083424
C102440,Gold,X,0.3591624346774964
C102441,Mass,X,0.3557759318017549
C102442,Premium,II,0.3000862228125767
C102443,Gold,IV,0.22096569739425745
C102444,Gold,VIII,0.32018526416952153
C102445,Jóvenes,II,0.32265000058658105
C102446,Premium,V,0.3063994811650806
C102447,Gold,V,0.2728538074515843
C102448,Jóvenes,II,0.30378711512578505
C102449,Mass,V,0.2429732754574198
C102450,Mass,II,0.2859597244162544
C102451,Mass,IV,0.3480880082237978
C102452,Mass,II,0.3702762169951389
C102453,Gold,V,0.3369244773692632
C102454,Gold,RM,0.414976998100251
C102455,Gold,X,0.2502422282958874
C102456,Mass,IV,0.21347693969308154
C102457,Jóvenes,X,0.2542954816491938
C102458,Mass,X,0.29790348259148164
C102459,Gold,RM,0.2125769125452029
C102460,Mass,VIII,0.25552684253807534
C102461,Mass,V,0.15944705375828636
C102462,Mass,VIII,0.32466549606222345
C102463,Mass,IV,0.2217378310298873
C102464,Gold,VIII,0.2785123716839777
C102465,Gold,VIII,0.35401775671695385
C102466,Premium,RM,0.23814542009428147
C102467,Premium,II,0.26418333549273765
C102468,Mass,RM,0.2723628577060433
C102469,Premium,II,0.16322794583670613
C102470,Gold,RM,0.2599500491216591
C102471,Mass,IV,0.4204169021743026
C102472,Gold,RM,0.265058481436727
C102473,Mass,II,0.2995843654652369
C102474,Mass,V,0.2931671064506088
C102475,Mass,RM,0.2912261320914661
C102476,Mass,IV,0.2901608850783785
C102477,Gold,IV,0.22914977578055856
C102478,Gold,V,0.28110775039012603
C102479,Gold,X,0.26968219101045005
C102480,Gold,RM,0.42178280753189856
C102481,Mass,IV,0.2650252461095906
C102482,Gold,VIII,0.2969561993960822
C102483,Mass,VIII,0.3526013251357779
C102484,Mass,RM,0.3757057360986049
C102485,Mass,II,0.34643756141193194
C102486,Gold,RM,0.3177114303866343
C102487,Mass,V,0.32795953333679695
C102488,Gold,II,0.2280590281063562
C102489,Gold,IV,0.3071879351594787
C102490,Premium,VIII,0.32607157719019053
C102491,Mass,V,0.17561820340513412
C102492,Gold,V,0.25042913454281795
C102493,Mass,V,0.26471446464163473
C102494,Mass,IV,0.22395471948064516
C102495,Mass,VIII,0.15367927155640307
C102496,Jóvenes,V,0.32322831126341656
C102497,Mass,X,0.23477651205797276
C102498,Mass,IV,0.3972392565096741
C102499,Gold,V,0.1756533422610756
C102500,Jóvenes,X,0.27061585437506264
C102501,Mass,IV,0.26653810952725027
C102502,Mass,V,0.2242590948497687
C102503,Mass,VIII,0.20203423409896643
C102504,Mass,V,0.3586077700301373
C102505,Gold,RM,0.25531725558482277
C102506,Mass,V,0.21146244777282647
C102507,Mass,RM,0.24714665804765656
C102508,Mass,VIII,0.3826210561492681
C102509,Mass,II,0.36091028002378645
C102510,Gold,VIII,0.22444552458674555
C102511,Gold,RM,0.18411304541004422
C102512,Mass,RM,0.273209818419743
C102513,Mass,IV,0.32840339912326877
C102514,Gold,IV,0.275454629168446
C102515,Mass,X,0.2521828934884566
C102516,Mass,V,0.32825747616719575
C102517,Mass,IV,0.36937612305345985
C102518,Mass,X,0.27960505788880274
C102519,Mass,VIII,0.22484800148064626
C102520,Gold,VIII,0.27137239605166097
C102521,Gold,RM,0.28420162375004954
C102522,Premium,IV,0.2690322446943105
C102523,Mass,X,0.29076840933317644
C102524,Premium,IV,0.25496966663327025
C102525,Mass,X,0.263736485407647
C102526,Mass,VIII,0.2233975826406992
C102527,Mass,IV,0.25572310259646985
C102528,Mass,II,0.3245008556291485
C102529,Mass,VIII,0.20384217079937517
C102530,Mass,II,0.28359103428537913
C102531,Mass,X,0.30191154691789274
C102532,Premium,RM,0.29545575464700713
C102533,Mass,IV,0.20213676135905767
C102534,Mass,II,0.3322663913788725
C102535,Mass,RM,0.19334013644198422
C102536,Gold,II,0.21233142304263583
C102537,Gold,X,0.27935583314843243
C102538,Gold,V,0.31314000733224384
C102539,Mass,V,0.22205662438545656
C102540,Gold,X,0.2979028067614807
C102541,Gold,X,0.2870799140576242
C102542,Mass,X,0.2312943609484822
C102543,Mass,II,0.25227008903866044
C102544,Premium,V,0.20432573875154833
C102545,Mass,IV,0.33191081866310623
C102546,Premium,X,0.3225191670730332
C102547,Gold,RM,0.2197076200359805
C102548,Mass,X,0.3101095856165085
C102549,Mass,VIII,0.21923960892714323
C102550,Gold,IV,0.3563065071689455
C102551,Mass,II,0.29932282475281513
C102552,Mass,VIII,0.3567741359736085
C102553,Gold,II,0.23719051369311916
C102554,Mass,V,0.35461189105842517
C102555,Mass,X,0.2788531937811879
C102556,Mass,RM,0.312325212084729
C102557,Mass,X,0.2726264631910044
C102558,Gold,IV,0.22650649264844505
C102559,Mass,V,0.2872271991727359
C102560,Mass,IV,0.21931054906137595
C102561,Gold,II,0.2576670157057763
C102562,Mass,VIII,0.2265582646912296
C102563,Mass,RM,0.21195745455479337
C102564,Mass,RM,0.19506840329736735
C102565,Mass,IV,0.3485093229468308
C102566,Premium,VIII,0.23682475600548447
C102567,Mass,IV,0.2822304954049792
C102568,Mass,X,0.3824184033475795
C102569,Mass,IV,0.2778279679920588
C102570,Jóvenes,VIII,0.2644217288253278
C102571,Gold,X,0.20550110190678572
C102572,Mass,IV,0.31965383691072785
C102573,Gold,IV,0.29038476978045275
C102574,Mass,RM,0.2875883566851855
C102575,Mass,IV,0.28700324127176696
C102576,Mass,II,0.1794786904183338
C102577,Mass,VIII,0.2319598628220133
C102578,Gold,IV,0.27779835033572897
C102579,Mass,II,0.3558000052386366
C102580,Mass,RM,0.3054417535652581
C102581,Mass,IV,0.2648396951736325
C102582,Mass,X,0.22586240409501582
C102583,Gold,V,0.20437844679707604
C102584,Premium,II,0.3967311479991673
C102585,Mass,RM,0.24315497338110179
C102586,Mass,RM,0.2742290833427514
C102587,Mass,RM,0.2559097029350196
C102588,Mass,IV,0.2738467146013502
C102589,Gold,II,0.21631622838521547
C102590,Gold,RM,0.23611141858884843
C102591,Mass,II,0.30884422228314
C102592,Jóvenes,VIII,0.26738630306436917
C102593,Premium,II,0.27077129336973316
C102594,Jóvenes,X,0.23069946933636476
C102595,Jóvenes,VIII,0.2602681196217815
C102596,Premium,IV,0.31249059145736885
C102597,Mass,RM,0.27999494209310016
C102598,Jóvenes,V,0.31799414026723344
C102599,Mass,V,0.2667057285497021
C102600,Mass,II,0.2466180406801709
C102601,Mass,RM,0.24546026958851005
C102602,Mass,V,0.2518093183580464
C102603,Mass,V,0.20626254861495213
C102604,Mass,X,0.2705534205649844
C102605,Jóvenes,VIII,0.12
C102606,Mass,RM,0.30003034228506936
C102607,Gold,X,0.31727180500566965
C102608,Premium,RM,0.2624772575653559
C102609,Mass,II,0.24427813139094645
C102610,Mass,II,0.23784342734558617
C102611,Gold,X,0.33572861725864767
C102612,Mass,II,0.26882029699493976
C102613,Mass,IV,0.26998584440306844
C102614,Mass,VIII,0.27285647958856774
C102615,Premium,RM,0.2433870884762082
C102616,Gold,V,0.19468382345340585
C102617,Mass,II,0.3681920584577318
C102618,Mass,RM,0.2840992137759811
C102619,Premium,VIII,0.27627024526688854
C102620,Mass,RM,0.23912962584382708
C102621,Mass,X,0.21095065268921942
C102622,Mass,VIII,0.20544501846010443
C102623,Mass,IV,0.3314229292409755
C102624,Mass,RM,0.34694949200160546
C102625,Mass,II,0.22835904968501985
C102626,Mass,RM,0.37165911645760363
C102627,Premium,II,0.34493668670323574
C102628,Premium,X,0.2305678259063249
C102629,Mass,V,0.23399088100426615
C102630,Mass,VIII,0.25067018961381055
C102631,Mass,VIII,0.2517207262852947
C102632,Mass,IV,0.3061728726091365
C102633,Gold,V,0.22727069635368205
C102634,Gold,X,0.32329180232565474
C102635,Premium,RM,0.3768395179218229
C102636,Mass,II,0.35036216928396924
C102637,Mass,VIII,0.2751702686662873
C102638,Gold,IV,0.3876102329335872
C102639,Jóvenes,II,0.2142242061939716
C102640,Premium,RM,0.3178935335318078
C102641,Jóvenes,II,0.2225514084522259
C102642,Gold,V,0.33938790388078016
C102643,Mass,RM,0.34482402990208444
C102644,Gold,IV,0.37018248020785777
C102645,Mass,RM,0.29951049540816077
C102646,Mass,X,0.2229335896922166
C102647,Mass,IV,0.3462887239851234
C102648,Gold,V,0.20035626045191202
C102649,Mass,II,0.314148077879155
C102650,Premium,RM,0.24688011920051628
C102651,Jóvenes,V,0.33309497088101664
C102652,Jóvenes,II,0.2324216223687064
C102653,Gold,RM,0.3458895664689921
C102654,Mass,V,0.22468520229775404
C102655,Gold,II,0.2414210993698916
C102656,Gold,IV,0.3569721611234823
C102657,Mass,VIII,0.26559623231500584
C102658,Mass,X,0.3055353115319824
C102659,Premium,V,0.18586274125012955
C102660,Mass,V,0.3198671576704001
C102661,Mass,IV,0.31968381495716935
C102662,Premium,VIII,0.2816133222122808
C102663,Mass,V,0.313904869628089
C102664,Gold,RM,0.2457866982672438
C102665,Gold,RM,0.21177748906960042
C102666,Mass,V,0.305361876013367
C102667,Jóvenes,RM,0.4622499952703335
C102668,Mass,IV,0.3502416168652179
C102669,Gold,RM,0.3255574583018559
C102670,Mass,X,0.37642414396065027
C102671,Gold,X,0.24443252037608387
C102672,Mass,RM,0.25380928178637086
C102673,Mass,IV,0.30089397660018125
C102674,Gold,RM,0.14528209343551046
C102675,Gold,IV,0.2407105070093229
C102676,Mass,VIII,0.35244536174948243
C102677,Mass,V,0.41509356807705
C102678,Mass,VIII,0.22716943026515152
C102679,Premium,IV,0.2548982294602589
C102680,Mass,X,0.2173499076028475
C102681,Mass,X,0.2844836567179611
C102682,Mass,IV,0.31570615282150294
C102683,Jóvenes,V,0.3321773348416295
C102684,Mass,X,0.23214410194371368
C102685,Mass,V,0.37681566858932386
C102686,Mass,V,0.24865091654436697
C102687,Mass,VIII,0.27903546722062517
C102688,Gold,IV,0.2726239596152001
C102689,Jóvenes,VIII,0.19580860632368813
C102690,Gold,IV,0.25724808900059465
C102691,Mass,V,0.2987314661494107
C102692,Jóvenes,RM,0.31401277207978934
C102693,Gold,V,0.3809809595876072
C102694,Mass,II,0.25511016846168977
C102695,Gold,V,0.2864741150821607
C102696,Mass,II,0.3142839752085077
C102697,Gold,VIII,0.3149481521392452
C102698,Mass,RM,0.2515430953359172
C102699,Mass,X,0.25904077846781304
C102700,Mass,II,0.28565364948888045
C102701,Mass,IV,0.37405700323165647
C102702,Premium,IV,0.2055603609330771
C102703,Mass,II,0.21979482260446076
C102704,Gold,VIII,0.1334777872274471
C102705,Mass,RM,0.293725682356704
C102706,Premium,VIII,0.22068703875949425
C102707,Mass,IV,0.28116320989375393
C102708,Mass,II,0.1802481139469666
C102709,Gold,X,0.319815109142491
C102710,Jóvenes,X,0.30639096481895467
C102711,Mass,VIII,0.2420285774728912
C102712,Mass,V,0.2449185832854125
C102713,Gold,X,0.188200636937468
C102714,Gold,RM,0.33153186268349244
C102715,Mass,II,0.240341201103322
C102716,Gold,IV,0.23242531974455202
C102717,Mass,RM,0.326729992826543
C102718,Mass,VIII,0.15643827322894704
C102719,Gold,V,0.26041041984744295
C102720,Mass,X,0.23863275792873032
C102721,Premium,VIII,0.37796114170519496
C102722,Mass,II,0.2504429888871122
C102723,Mass,II,0.38047667063592094
C102724,Gold,X,0.3425840979721321
C102725,Mass,X,0.3105500809931859
C102726,Premium,IV,0.27730260936615225
C102727,Mass,RM,0.2476751402395714
C102728,Premium,X,0.27569493210397755
C102729,Mass,RM,0.22982912764931812
C102730,Gold,VIII,0.2657530001749937
C102731,Mass,IV,0.20608851294670089
C102732,Mass,II,0.25588454580644227
C102733,Mass,IV,0.15270072304626345
C102734,Jóvenes,RM,0.18879563011878142
C102735,Mass,RM,0.2893616357109073
C102736,Gold,V,0.16935984151868255
C102737,Mass,IV,0.2006108344255818
C102738,Mass,X,0.34861436396045525
C102739,Mass,V,0.2674897967411863
C102740,Mass,VIII,0.381662382269619
C102741,Premium,VIII,0.19124919732467732
C102742,Mass,II,0.1598331582833546
C102743,Mass,V,0.34636845768535784
C102744,Mass,X,0.3454025571433468
C102745,Premium,II,0.36489871135705637
C102746,Jóvenes,V,0.22833582145196568
C102747,Gold,IV,0.2071764024297525
C102748,Mass,RM,0.3560836000048768
C102749,Gold,X,0.12
C102750,Mass,VIII,0.27495549085760324
C102751,Gold,RM,0.21940983092321306
C102752,Mass,X,0.21811787038942965
C102753,Gold,X,0.28795258799182855
C102754,Mass,RM,0.2574838742464175
C102755,Jóvenes,RM,0.29164667191900323
C102756,Mass,RM,0.16396997808324273
C102757,Mass,VIII,0.35139950926636226
C102758,Gold,RM,0.3510614466746048
C102759,Premium,IV,0.22688492884668013
C102760,Mass,X,0.4037981863157162
C102761,Premium,RM,0.18243975905943227
C102762,Jóvenes,X,0.3618567237059128
C102763,Mass,V,0.23141016079184998
C102764,Mass,II,0.18877871860766332
C102765,Mass,VIII,0.21845116370970458
C102766,Mass,IV,0.2571912531137673
C102767,Gold,II,0.279612517356809
C102768,Mass,X,0.27801060088743923
C102769,Mass,II,0.16485156787408312
C102770,Gold,RM,0.33790437225031644
C102771,Mass,X,0.264542088384695
C102772,Premium,RM,0.2203356238147413
C102773,Premium,X,0.25227878904323936
C102774,Mass,RM,0.3183447085516878
C102775,Gold,V,0.3795227449715093
C102776,Premium,X,0.25297685465403114
C102777,Gold,X,0.3636674709382258
C102778,Mass,X,0.3397889738508657
C102779,Mass,V,0.27153566364678594
C102780,Premium,II,0.3205909007933024
C102781,Gold,VIII,0.2115538598904747
C102782,Mass,X,0.28320472198076396
C102783,Jóvenes,IV,0.26001398377088086
C102784,Jóvenes,V,0.20358323674973078
C102785,Premium,VIII,0.19548092482435836
C102786,Premium,RM,0.23046345929935355
C102787,Jóvenes,II,0.38418714778549895
C102788,Mass,IV,0.22779774176974588
C102789,Mass,X,0.29793384845689197
C102790,Jóvenes,VIII,0.3421782598418208
C102791,Jóvenes,II,0.3719091458178907
C102792,Gold,V,0.2754229362948108
C102793,Mass,IV,0.21459753956575978
C102794,Mass,X,0.2502995495004943
C102795,Mass,IV,0.3391985761894999
C102796,Mass,V,0.2452144424105465
C102797,Mass,V,0.33948023749415834
C102798,Mass,II,0.23014509890612042
C102799,Premium,V,0.27792460792732426
C102800,Jóvenes,IV,0.3629233621542605
C102801,Mass,IV,0.2497814493891326
C102802,Premium,RM,0.2513194794674074
C102803,Mass,RM,0.27614722722079976
C102804,Gold,X,0.34867092980753805
C102805,Gold,II,0.2707372468607854
C102806,Mass,V,0.27133303710770684
C102807,Mass,II,0.36050870290654463
C102808,Gold,VIII,0.33036175606057583
C102809,Mass,II,0.4130465997261983
C102810,Premium,II,0.2546475996031886
C102811,Mass,X,0.2853469326931724
C102812,Premium,IV,0.25808833796656266
C102813,Mass,II,0.23547568316135473
C102814,Gold,RM,0.28722922180611454
C102815,Premium,X,0.3507845238452343
C102816,Premium,X,0.33876154531258035
C102817,Mass,VIII,0.23146851233458393
C102818,Mass,II,0.2789862203914129
C102819,Mass,RM,0.14008574773909874
C102820,Premium,X,0.2956772263350521
C102821,Gold,V,0.22358844890467025
C102822,Mass,X,0.3085433807963162
C102823,Gold,RM,0.31021355019159774
C102824,Jóvenes,X,0.24274320771520785
C102825,Gold,X,0.2414395870597559
C102826,Mass,VIII,0.21573368655163042
C102827,Gold,V,0.2681481224666112
C102828,Gold,RM,0.25783851094845966
C102829,Premium,V,0.2793641487428308
C102830,Mass,II,0.3144120883854813
C102831,Mass,IV,0.38412850155841904
C102832,Jóvenes,X,0.37086304132430803
C102833,Mass,II,0.20053682110853338
C102834,Mass,RM,0.2451283791213643
C102835,Gold,IV,0.20587330420055133
C102836,Premium,X,0.2651071086021923
C102837,Premium,V,0.28880655662306887
C102838,Premium,RM,0.24785434748370577
C102839,Mass,IV,0.19170668469694074
C102840,Mass,V,0.2535202328863901
C102841,Mass,X,0.25765446891248334
C102842,Jóvenes,RM,0.32785823760184635
C102843,Gold,IV,0.35324485598515704
C102844,Mass,IV,0.3307607620932722
C102845,Mass,RM,0.24260875507440904
C102846,Gold,II,0.2980957570729112
C102847,Mass,RM,0.29342017861582176
C102848,Mass,X,0.30546842907215943
C102849,Jóvenes,RM,0.22405936768480458
C102850,Mass,RM,0.2954578050420267
C102851,Mass,IV,0.3132832856259285
C102852,Jóvenes,X,0.27962130085385584
C102853,Gold,RM,0.24666757075140255
C102854,Mass,II,0.2892426625092923
C102855,Jóvenes,VIII,0.2834337551521614
C102856,Gold,X,0.2697345097691541
C102857,Mass,V,0.2606263996821008
C102858,Mass,IV,0.354184222462959
C102859,Mass,II,0.2003185088251921
C102860,Mass,X,0.342617715390364
C102861,Mass,V,0.33868139498494554
C102862,Gold,IV,0.2666541057434201
C102863,Mass,V,0.2811458624923097
C102864,Mass,IV,0.2531851177124291
C102865,Premium,IV,0.3114387789247382
C102866,Mass,RM,0.3719615587098895
C102867,Gold,IV,0.2898902985911683
C102868,Mass,X,0.31341199280451454
C102869,Jóvenes,II,0.2991211356922691
C102870,Mass,X,0.24189427972881933
C102871,Mass,IV,0.20667407916530015
C102872,Premium,X,0.30179967619969594
C102873,Mass,VIII,0.18636488421108577
C102874,Mass,II,0.19772830098860691
C102875,Mass,II,0.28531328894174457
C102876,Mass,V,0.20013222322187452
C102877,Mass,VIII,0.2894365582299349
C102878,Mass,V,0.4652681302421202
C102879,Gold,IV,0.19641360140282196
C102880,Gold,II,0.28168229479831797
C102881,Mass,VIII,0.26351212432061477
C102882,Mass,IV,0.3235129522268276
C102883,Mass,X,0.3563097565017161
C102884,Mass,RM,0.20661119539892456
C102885,Premium,II,0.26672118251509624
C102886,Gold,IV,0.2750372147420235
C102887,Jóvenes,VIII,0.30660952421955495
C102888,Gold,IV,0.4142352035786088
C102889,Premium,IV,0.25266894908322113
C102890,Mass,V,0.19300381960749688
C102891,Premium,V,0.35518724972372245
C102892,Premium,V,0.3153100661218999
C102893,Mass,V,0.34245505270780796
C102894,Gold,V,0.24171465733370534
C102895,Mass,RM,0.25841570025267785
C102896,Gold,RM,0.36885672280947773
C102897,Gold,IV,0.3315163312540278
C102898,Mass,X,0.20948673197784698
C102899,Gold,II,0.1462298962985998
C102900,Jóvenes,II,0.3287529552405303
C102901,Mass,RM,0.29603198492789706
C102902,Mass,VIII,0.2640861629411126
C102903,Mass,RM,0.32023624229735076
C102904,Mass,IV,0.2672117002215674
C102905,Mass,IV,0.28619420893620257
C102906,Gold,II,0.38537921781961426
C102907,Mass,II,0.31047031066363556
C102908,Gold,II,0.2599861961897666
C102909,Premium,X,0.2642648419938205
C102910,Mass,IV,0.18369340933003875
C102911,Premium,V,0.12970302973143624
C102912,Jóvenes,VIII,0.29877716054264214
C102913,Mass,V,0.343172552713832
C102914,Mass,V,0.2701544248715743
C102915,Mass,VIII,0.2808203731459798
C102916,Jóvenes,RM,0.19477585158594646
C102917,Mass,VIII,0.20842945273196575
C102918,Jóvenes,IV,0.34753427690849037
C102919,Premium,IV,0.26478320173066244
C102920,Premium,RM,0.21221755956052346
C102921,Gold,II,0.3018090425383983
C102922,Mass,RM,0.3004054067290971
C102923,Premium,X,0.37775699532216267
C102924,Gold,X,0.3956178190087606
C102925,Mass,V,0.1574052595710781
C102926,Jóvenes,II,0.20814230125560468
C102927,Jóvenes,X,0.312499966387285
C102928,Mass,VIII,0.1932878219405017
C102929,Mass,VIII,0.2344220630372134
C102930,Gold,VIII,0.170037492595382
C102931,Gold,X,0.38917897014350433
C102932,Mass,VIII,0.32999469287789346
C102933,Mass,X,0.2612226173396561
C102934,Gold,X,0.33095969854336427
C102935,Mass,V,0.27457125284738443
C102936,Mass,RM,0.2667224986104331
C102937,Premium,V,0.20416793739005024
C102938,Jóvenes,VIII,0.22523391085511935
C102939,Mass,X,0.2896527007015284
C102940,Jóvenes,X,0.31440693711337775
C102941,Mass,IV,0.31575612368808625
C102942,Mass,V,0.2840830524643735
C102943,Mass,IV,0.15855798744331345
C102944,Mass,RM,0.3110781737213533
C102945,Jóvenes,X,0.26239852525516394
C102946,Mass,IV,0.3280612529822839
C102947,Premium,RM,0.2007436819313888
C102948,Mass,RM,0.28765996031888874
C102949,Mass,X,0.38081494059961124
C102950,Gold,X,0.2875475240255436
C102951,Mass,RM,0.29975015734403765
C102952,Gold,VIII,0.36110664298186146
C102953,Mass,X,0.36849855924930003
C102954,Premium,VIII,0.3223593266595041
C102955,Premium,RM,0.22839675724435665
C102956,Jóvenes,IV,0.3280911406722577
C102957,Gold,V,0.28561873837024415
C102958,Jóvenes,RM,0.25339305067289875
C102959,Mass,II,0.12
C102960,Mass,VIII,0.26848194001581277
C102961,Premium,X,0.2992402351803411
C102962,Jóvenes,II,0.194608223363419
C102963,Premium,RM,0.309663737835202
C102964,Mass,X,0.28972659447532384
C102965,Mass,IV,0.2547878105445385
C102966,Premium,IV,0.295094673876333
C102967,Mass,X,0.3389492375074268
C102968,Premium,V,0.2610498625109359
C102969,Mass,VIII,0.3032516989605136
C102970,Jóvenes,VIII,0.21862184992061443
C102971,Mass,IV,0.27460052804707963
C102972,Mass,II,0.2548100647804576
C102973,Premium,II,0.33540719619479364
C102974,Mass,II,0.2926208990088228
C102975,Mass,RM,0.3081457927164796
C102976,Mass,X,0.34090712822356933
C102977,Gold,X,0.29121555110617614
C102978,Jóvenes,RM,0.25172499358513706
C102979,Mass,II,0.22316434944602145
C102980,Mass,VIII,0.21490299486641462
C102981,Mass,II,0.22245307324914523
C102982,Gold,IV,0.24237977885317868
C102983,Mass,VIII,0.20692870293333032
C102984,Mass,II,0.3315430344891445
C102985,Gold,IV,0.20216881703202427
C102986,Mass,X,0.3147253964798251
C102987,Mass,II,0.31654300065194213
C102988,Mass,RM,0.34198995431581086
C102989,Gold,V,0.40009075371557457
C102990,Premium,VIII,0.4257910385037349
C102991,Premium,VIII,0.23399042275314308
C102992,Gold,IV,0.2622927355695073
C102993,Gold,V,0.21582077981572312
C102994,Mass,V,0.1622273400029905
C102995,Jóvenes,II,0.3355307560614381
C102996,Gold,V,0.2169892963424864
C102997,Mass,RM,0.20113295245197688
C102998,Premium,RM,0.2888237254533173
C102999,Premium,X,0.2388984249731391
C103000,Mass,VIII,0.29222893175672593
C103001,Gold,IV,0.2982456982365902
C103002,Premium,RM,0.2796424147089437
C103003,Jóvenes,X,0.3449131477260006
C103004,Gold,V,0.27850937882524623
C103005,Mass,IV,0.27602463190716087
C103006,Mass,RM,0.3338271616559284
C103007,Mass,V,0.27899088101629793
C103008,Gold,VIII,0.33937558796541367
C103009,Premium,IV,0.40484405911365384
C103010,Gold,V,0.23134544652727404
C103011,Mass,V,0.22288405687688845
C103012,Mass,VIII,0.22677884517396535
C103013,Mass,X,0.3566196729379888
C103014,Mass,VIII,0.2925665383950192
C103015,Gold,X,0.24079804506761848
C103016,Mass,V,0.26632394868733283
C103017,Gold,V,0.2064669346430959
C103018,Premium,X,0.14630946253772395
C103019,Premium,RM,0.28079513295026054
C103020,Gold,II,0.3261882786227471
C103021,Mass,IV,0.16755627438675247
C103022,Gold,VIII,0.28710216879109507
C103023,Premium,X,0.25126083260990223
C103024,Premium,RM,0.33122961273834656
C103025,Gold,V,0.2906355523079136
C103026,Mass,IV,0.22930646091648543
C103027,Mass,VIII,0.2950511209749681
C103028,Premium,X,0.28851401479780314
C103029,Mass,RM,0.24902136235572198
C103030,Premium,X,0.2563637946631518
C103031,Mass,V,0.38308905694238937
C103032,Mass,X,0.2595199215888226
C103033,Premium,II,0.37530575672083105
C103034,Mass,VIII,0.25502759129279523
C103035,Premium,VIII,0.3722685610374835
C103036,Mass,X,0.3420976837536977
C103037,Gold,V,0.2928438185865449
C103038,Mass,II,0.29119997467855885
C103039,Jóvenes,IV,0.23263544851860085
C103040,Premium,IV,0.3152360816349373
C103041,Gold,V,0.30616248193630924
C103042,Gold,RM,0.1818783002288067
C103043,Mass,X,0.32700606074641486
C103044,Gold,IV,0.3448286378730128
C103045,Mass,V,0.28766034847129585
C103046,Premium,VIII,0.2562051740564895
C103047,Mass,II,0.2716426948872102
C103048,Premium,X,0.3109211485293697
C103049,Mass,X,0.2768593273395524
C103050,Mass,V,0.2652939425401779
C103051,Mass,RM,0.3034043172007658
C103052,Jóvenes,X,0.28674523947953634
C103053,Mass,V,0.2689539394442783
C103054,Jóvenes,V,0.3776966016204976
C103055,Gold,VIII,0.2382234438924707
C103056,Mass,IV,0.20246049153955326
C103057,Mass,V,0.17491661522505575
C103058,Mass,VIII,0.2761080848287272
C103059,Jóvenes,X,0.2447105854317381
C103060,Mass,IV,0.21960591086240228
C103061,Mass,II,0.32950972753565333
C103062,Mass,VIII,0.26186611028708967
C103063,Jóvenes,RM,0.21666932669009312
C103064,Premium,II,0.31467913388614577
C103065,Mass,IV,0.22702848241329895
C103066,Gold,II,0.23503288740490108
C103067,Premium,II,0.25843150455766445
C103068,Mass,V,0.33905421235411404
C103069,Gold,II,0.2704094049985087
C103070,Mass,X,0.26011099104039226
C103071,Gold,IV,0.2480569668543574
C103072,Gold,II,0.22283870258870112
C103073,Jóvenes,II,0.31390304369094907
C103074,Mass,IV,0.25007103382065443
C103075,Premium,II,0.30328635238738794
C103076,Gold,V,0.2645008262998003
C103077,Mass,IV,0.30252177179165984
C103078,Mass,RM,0.260424057943904
C103079,Mass,VIII,0.2195130549635173
C103080,Gold,II,0.2970003375771113
C103081,Premium,RM,0.30130400466408264
C103082,Mass,V,0.3321424301521123
C103083,Mass,II,0.2140766431478336
C103084,Gold,IV,0.17043793234495752
C103085,Mass,X,0.2854251399038716
C103086,Gold,X,0.25221051813905954
C103087,Gold,RM,0.3299454863401209
C103088,Premium,V,0.3061199792538447
C103089,Mass,X,0.23713629702590247
C103090,Mass,II,0.22427145342636454
C103091,Mass,X,0.2809882808084635
C103092,Mass,II,0.29669346205048697
C103093,Mass,V,0.3831921991068638
C103094,Mass,V,0.2582490540268631
C103095,Mass,X,0.20940308523859294
C103096,Mass,IV,0.2700244155335512
C103097,Gold,X,0.3990509290322283
C103098,Mass,VIII,0.29945859879316233
C103099,Mass,RM,0.2979052167325035
C103100,Gold,VIII,0.34089765366969826
C103101,Gold,X,0.25072251334915296
C103102,Mass,II,0.19309454161723238
C103103,Gold,IV,0.35283673039788677
C103104,Mass,II,0.37087380627018646
C103105,Jóvenes,II,0.22958922003245133
C103106,Mass,RM,0.21169912362058774
C103107,Jóvenes,VIII,0.15969941784981068
C103108,Mass,RM,0.29652001534848493
C103109,Gold,V,0.2528912086347082
C103110,Jóvenes,VIII,0.27845078087321157
C103111,Gold,VIII,0.3006568553067458
C103112,Mass,IV,0.2998922700486152
C103113,Mass,VIII,0.32607030523728103
C103114,Mass,IV,0.14934714804919869
C103115,Mass,RM,0.24342737761848826
C103116,Mass,VIII,0.19885152293642883
C103117,Mass,V,0.25924011793284
C103118,Mass,VIII,0.39946203727241164
C103119,Gold,X,0.2954714127088731
C103120,Gold,V,0.31996835788390166
C103121,Mass,V,0.3549901640504181
C103122,Mass,V,0.17478708346676625
C103123,Gold,IV,0.24069668102218308
C103124,Mass,V,0.3351094106981951
C103125,Jóvenes,VIII,0.2607169840633744
C103126,Mass,V,0.3196105319112315
C103127,Mass,II,0.2733051286840166
C103128,Mass,II,0.2432936897697756
C103129,Mass,IV,0.40171477308093934
C103130,Mass,IV,0.29381811464823754
C103131,Mass,V,0.3080836612084803
C103132,Mass,V,0.33811764685054585
C103133,Gold,X,0.21375969533253247
C103134,Mass,VIII,0.2556174875610691
C103135,Gold,RM,0.18719531205600234
C103136,Jóvenes,RM,0.3033006332116468
C103137,Mass,RM,0.22226583130368563
C103138,Premium,X,0.34019797759106424
C103139,Gold,VIII,0.21260829009088328
C103140,Jóvenes,VIII,0.27256758396541814
C103141,Mass,IV,0.20419183266364116
C103142,Premium,VIII,0.2408572901861129
C103143,Mass,X,0.24849621671476801
C103144,Mass,RM,0.3098312811546298
C103145,Mass,V,0.25761033311237225
C103146,Mass,RM,0.23788563921807812
C103147,Gold,V,0.32663689440903615
C103148,Mass,VIII,0.22911851276566197
C103149,Mass,V,0.27952773572438017
C103150,Mass,X,0.31625592776092126
C103151,Gold,RM,0.4099904657063205
C103152,Gold,II,0.18623456820493
C103153,Mass,RM,0.14052888403451985
C103154,Gold,IV,0.1985391103262888
C103155,Gold,VIII,0.20801485418422014
C103156,Mass,IV,0.22861010903290785
C103157,Gold,RM,0.242165070793898
C103158,Mass,VIII,0.18108070136624915
C103159,Mass,RM,0.26043645370403473
C103160,Jóvenes,RM,0.26526774878038945
C103161,Mass,II,0.32061242134504947
C103162,Gold,X,0.28380349380787
C103163,Mass,IV,0.24630475412840086
C103164,Mass,IV,0.3319187493211584
C103165,Premium,X,0.1959049966197166
C103166,Mass,X,0.2676702063411193
C103167,Gold,VIII,0.23418656318913053
C103168,Gold,II,0.25654303839541714
C103169,Jóvenes,X,0.3389023929397063
C103170,Gold,II,0.2929777233279433
C103171,Gold,V,0.2520663166955827
C103172,Gold,II,0.26001677737986484
C103173,Gold,V,0.27579957371267133
C103174,Mass,X,0.24438370351572242
C103175,Gold,II,0.18604918459452965
C103176,Mass,VIII,0.2077774436281684
C103177,Mass,X,0.2772564135388414
C103178,Mass,V,0.22292685241570892
C103179,Mass,IV,0.21096001542436546
C103180,Mass,VIII,0.22274706152142637
C103181,Mass,II,0.2663983182537696
C103182,Mass,VIII,0.2699293300980434
C103183,Mass,VIII,0.27486345925108946
C103184,Gold,VIII,0.17404399764488518
C103185,Gold,RM,0.2448508087726742
C103186,Mass,V,0.27890821884672445
C103187,Jóvenes,II,0.32247322086423086
C103188,Gold,VIII,0.2507589308892316
C103189,Premium,II,0.19208996642013176
C103190,Gold,V,0.2154474240990964
C103191,Gold,V,0.2967073160218245
C103192,Mass,V,0.37312710069742683
C103193,Mass,RM,0.36510994538267966
C103194,Gold,V,0.3265808126380576
C103195,Gold,IV,0.23789224019741528
C103196,Gold,IV,0.28168322058168216
C103197,Premium,RM,0.2917707471888098
C103198,Mass,X,0.3524555217546962
C103199,Mass,X,0.35984202979676116
C103200,Premium,X,0.296309787704284
C103201,Mass,VIII,0.3819762735706185
C103202,Mass,II,0.25400932032560225
C103203,Mass,RM,0.24044337559758064
C103204,Mass,VIII,0.27171837381044794
C103205,Gold,V,0.2085753491192811
C103206,Premium,VIII,0.18536509355054182
C103207,Mass,V,0.25736823557385946
C103208,Gold,II,0.2764050771102055
C103209,Mass,V,0.21904799510202644
C103210,Gold,IV,0.25232015627796217
C103211,Mass,II,0.23275656645502082
C103212,Mass,II,0.37170816136532336
C103213,Jóvenes,X,0.28928890121516065
C103214,Mass,II,0.20958925842622014
C103215,Mass,II,0.17136391087635444
C103216,Gold,RM,0.2782694647702124
C103217,Gold,VIII,0.3137915501648323
C103218,Jóvenes,VIII,0.22917817988660572
C103219,Mass,X,0.23327466641848119
C103220,Gold,V,0.226211657966411
C103221,Jóvenes,VIII,0.2863936465439526
C103222,Mass,IV,0.20113390254315405
C103223,Mass,VIII,0.21394134798227082
C103224,Gold,II,0.3139457720727738
C103225,Mass,IV,0.29868155252201306
C103226,Mass,IV,0.25449249238358185
C103227,Gold,RM,0.36331855961421344
C103228,Mass,V,0.3405402840292148
C103229,Gold,IV,0.15712536747519612
C103230,Mass,RM,0.18160165622720825
C103231,Gold,RM,0.25460605372292644
C103232,Mass,IV,0.2867975006961369
C103233,Mass,RM,0.34763224572456664
C103234,Gold,V,0.2992961496237817
C103235,Mass,X,0.2568698276731659
C103236,Mass,RM,0.2793389896998588
C103237,Gold,RM,0.2495469519785342
C103238,Mass,RM,0.2517219916296019
C103239,Jóvenes,IV,0.34863385809467384
C103240,Mass,RM,0.2669716971225947
C103241,Gold,VIII,0.21982997536821516
C103242,Jóvenes,IV,0.3410568025676787
C103243,Mass,X,0.2349831820671277
C103244,Mass,IV,0.4373348256301534
C103245,Mass,II,0.39418357378072644
C103246,Mass,V,0.26079377128815157
C103247,Jóvenes,X,0.15128325503895393
C103248,Mass,V,0.37478425599188875
C103249,Mass,VIII,0.3363928597040488
C103250,Mass,V,0.30191181203993545
C103251,Premium,VIII,0.28667859995432105
C103252,Gold,V,0.1747440050135587
C103253,Mass,VIII,0.24391304012761839
C103254,Jóvenes,IV,0.27411708145565733
C103255,Mass,X,0.30884946873969993
C103256,Jóvenes,V,0.29371894834124634
C103257,Premium,V,0.23628262944544978
C103258,Mass,X,0.3577135862497423
C103259,Gold,II,0.41494265062260705
C103260,Mass,V,0.27728218877086863
C103261,Gold,IV,0.26852748416414995
C103262,Mass,II,0.4460434997523229
C103263,Gold,RM,0.2532766252380658
C103264,Gold,II,0.2585485640343829
C103265,Premium,II,0.3249372425770764
C103266,Gold,IV,0.343127777752754
C103267,Mass,V,0.31906516072545293
C103268,Gold,X,0.3042408746488051
C103269,Mass,RM,0.2548067483555924
C103270,Gold,IV,0.25415314300278047
C103271,Premium,II,0.24722046211593274
C103272,Jóvenes,VIII,0.19749546353454028
C103273,Mass,V,0.2645516830526683
C103274,Mass,VIII,0.310633464615187
C103275,Mass,X,0.23871533136730816
C103276,Premium,II,0.2902291782906648
C103277,Mass,VIII,0.3228910834146202
C103278,Gold,VIII,0.252360525040398
C103279,Gold,X,0.27853434436141006
C103280,Premium,II,0.2422475004778113
C103281,Jóvenes,II,0.33581248742311864
C103282,Gold,II,0.19921537525076083
C103283,Mass,RM,0.20062772925826527
C103284,Gold,RM,0.2640492133743864
C103285,Gold,IV,0.2237809906920476
C103286,Jóvenes,VIII,0.347491086554665
C103287,Mass,VIII,0.2949055853516222
C103288,Gold,II,0.33418459872601175
C103289,Gold,II,0.2840720049010129
C103290,Gold,V,0.2777364463066015
C103291,Mass,VIII,0.2409042487958696
C103292,Gold,II,0.2731237351626523
C103293,Mass,IV,0.32069541600458085
C103294,Gold,VIII,0.2751101705929168
C103295,Gold,IV,0.22941071174248337
C103296,Mass,IV,0.3566609429780858
C103297,Gold,II,0.2843535348581454
C103298,Premium,II,0.3633540276298498
C103299,Mass,X,0.19834831068723374
C103300,Gold,IV,0.4026335106881524
C103301,Mass,IV,0.31716864357213265
C103302,Mass,RM,0.3412242776770822
C103303,Mass,RM,0.33871587485200344
C103304,Mass,V,0.3325459378671392
C103305,Mass,V,0.20878351523551905
C103306,Premium,V,0.28839611564403994
C103307,Jóvenes,VIII,0.2443470776449081
C103308,Mass,RM,0.2842204811174357
C103309,Premium,VIII,0.2762362091735951
C103310,Mass,VIII,0.329750004566101
C103311,Mass,X,0.24209001831708316
C103312,Premium,VIII,0.22320705272068425
C103313,Mass,RM,0.32918012997760016
C103314,Premium,II,0.29524679115787206
C103315,Gold,RM,0.3471023525945134
C103316,Mass,II,0.24025129246896984
C103317,Mass,V,0.2717573216271785
C103318,Mass,IV,0.2386468756846514
C103319,Mass,VIII,0.2744903319714685
C103320,Gold,IV,0.18273182841598182
C103321,Gold,IV,0.19364052800505166
C103322,Premium,II,0.30451275127339794
C103323,Mass,RM,0.2735278688926486
C103324,Gold,II,0.2555935530540728
C103325,Gold,RM,0.2831104711498648
C103326,Mass,RM,0.2311650359222317
C103327,Premium,IV,0.27268743932127876
C103328,Mass,II,0.3226658095953345
C103329,Premium,VIII,0.3667064624933154
C103330,Mass,X,0.24963201735478766
C103331,Premium,IV,0.2643762328765825
C103332,Mass,X,0.4459044459164904
C103333,Mass,II,0.277634721387765
C103334,Mass,VIII,0.18182783596861019
C103335,Jóvenes,RM,0.3325283566773624
C103336,Premium,IV,0.2750108787030707
C103337,Gold,II,0.348400365495958
C103338,Mass,IV,0.29097157747504493
C103339,Mass,V,0.31477230864584993
C103340,Mass,VIII,0.3113525419309533
C103341,Premium,RM,0.3562800295272155
C103342,Gold,II,0.31749149329371706
C103343,Mass,II,0.13433495071805665
C103344,Mass,IV,0.20925543557117282
C103345,Mass,IV,0.346929973101077
C103346,Mass,X,0.2540760346603213
C103347,Premium,RM,0.33985601065967896
C103348,Mass,X,0.17424776668009762
C103349,Jóvenes,II,0.16825860054838565
C103350,Jóvenes,IV,0.2672878687622026
C103351,Mass,VIII,0.3335223084235761
C103352,Mass,V,0.18052452647646178
C103353,Mass,VIII,0.31971931746320326
C103354,Mass,II,0.310836004685094
C103355,Jóvenes,VIII,0.15414027399624233
C103356,Mass,V,0.3096566715857135
C103357,Mass,II,0.20552469559144082
C103358,Mass,IV,0.23417565445766447
C103359,Jóvenes,II,0.24003011600840196
C103360,Mass,X,0.2920801279725397
C103361,Mass,X,0.17592352710006626
C103362,Mass,V,0.2981759102799969
C103363,Gold,X,0.31351652241070704
C103364,Jóvenes,II,0.24515367016141282
C103365,Premium,X,0.2231635888189419
C103366,Gold,IV,0.3804191476090334
C103367,Gold,II,0.15809709776849037
C103368,Gold,X,0.21933403326610298
C103369,Premium,V,0.23959697597309798
C103370,Mass,X,0.2667306309464886
C103371,Gold,RM,0.2466435741055499
C103372,Mass,II,0.35960167779251934
C103373,Premium,V,0.19182878325902825
C103374,Gold,IV,0.34789674965854417
C103375,Mass,II,0.37294542393916685
C103376,Jóvenes,VIII,0.2500626593691951
C103377,Premium,VIII,0.37088977740210527
C103378,Mass,IV,0.29297547706049554
C103379,Mass,V,0.32581859218635695
C103380,Mass,IV,0.3028267770624304
C103381,Gold,II,0.2026552928182197
C103382,Mass,V,0.2586292698269278
C103383,Gold,IV,0.3045804343341007
C103384,Jóvenes,VIII,0.2791744510670736
C103385,Premium,V,0.17038163844641646
C103386,Mass,RM,0.17179485150083437
C103387,Gold,II,0.2671872156268122
C103388,Jóvenes,RM,0.3096110658472046
C103389,Gold,RM,0.3616120494830448
C103390,Gold,VIII,0.3363221655594772
C103391,Gold,RM,0.31367958854727807
C103392,Mass,II,0.3244845511326875
C103393,Mass,V,0.19440165114440083
C103394,Mass,RM,0.16352416583653176
C103395,Mass,IV,0.258259043106826
C103396,Premium,VIII,0.1780022026322919
C103397,Mass,II,0.30779573394156545
C103398,Mass,V,0.27938173696930185
C103399,Mass,X,0.26659006871039187
C103400,Mass,II,0.297717223315312
C103401,Mass,IV,0.3304062364322444
C103402,Gold,RM,0.27802962698897005
C103403,Mass,V,0.2600553832267512
C103404,Mass,VIII,0.2536513862985674
C103405,Gold,IV,0.3713457556997917
C103406,Gold,II,0.23125926737647906
C103407,Mass,V,0.29795738818843415
C103408,Gold,II,0.40241345714386345
C103409,Gold,V,0.1720591817945628
C103410,Mass,IV,0.24516314794555763
C103411,Mass,IV,0.3286456664373539
C103412,Gold,RM,0.26051311535702676
C103413,Mass,VIII,0.3418160820469512
C103414,Gold,VIII,0.27935876715588276
C103415,Mass,RM,0.23848552078298468
C103416,Gold,VIII,0.2940829147411121
C103417,Mass,RM,0.30571182802280517
C103418,Gold,II,0.3176075240110751
C103419,Jóvenes,RM,0.3247796903133303
C103420,Mass,V,0.21827766491112469
C103421,Mass,VIII,0.32308797871936434
C103422,Mass,X,0.2924854401160386
C103423,Mass,V,0.2479566869768243
C103424,Gold,RM,0.34281051139127383
C103425,Premium,V,0.38399731300294604
C103426,Mass,VIII,0.26482482512985633
C103427,Jóvenes,IV,0.22138151008167206
C103428,Mass,X,0.2700739782871791
C103429,Mass,IV,0.3399481177786925
C103430,Gold,V,0.21077819465950898
C103431,Gold,VIII,0.37068387381258927
C103432,Mass,V,0.25979718166916776
C103433,Mass,RM,0.3207258343548538
C103434,Premium,X,0.2666803318433446
C103435,Mass,II,0.24890821980046912
C103436,Gold,II,0.29751663389746746
C103437,Premium,IV,0.13928422882285535
C103438,Gold,VIII,0.14624153513155524
C103439,Jóvenes,X,0.19108295118499058
C103440,Mass,II,0.39338161861147836
C103441,Jóvenes,II,0.39590323418968043
C103442,Mass,VIII,0.2562072735560021
C103443,Mass,RM,0.2490102533935392
C103444,Mass,IV,0.34719795964696865
C103445,Gold,V,0.2928648947235213
C103446,Mass,X,0.22099915554545693
C103447,Mass,VIII,0.3197433194170083
C103448,Mass,RM,0.3305575230604114
C103449,Premium,X,0.34266133915904423
C103450,Gold,VIII,0.30947481563161794
C103451,Mass,VIII,0.20523322572029282
C103452,Mass,VIII,0.3663176612080178
C103453,Mass,RM,0.22352887762538054
C103454,Premium,V,0.23814417283715528
C103455,Gold,VIII,0.2245365048907208
C103456,Mass,II,0.20650341572904857
C103457,Mass,RM,0.3554914945974593
C103458,Mass,RM,0.3251542512062398
C103459,Mass,X,0.17911339602329424
C103460,Mass,X,0.23122514012288095
C103461,Mass,RM,0.31228503089442616
C103462,Jóvenes,IV,0.24370408193334525
C103463,Premium,II,0.19889649256647512
C103464,Mass,VIII,0.29238648675951223
C103465,Gold,RM,0.28841893951748054
C103466,Mass,II,0.29725313484899085
C103467,Mass,II,0.237367936239928
C103468,Mass,VIII,0.1938764635069414
C103469,Mass,IV,0.3748286665243872
C103470,Gold,X,0.2910287881871425
C103471,Mass,II,0.28118897003308024
C103472,Jóvenes,IV,0.31319625629715586
C103473,Gold,RM,0.2689607210182075
C103474,Gold,II,0.2690663265941349
C103475,Gold,IV,0.287038604439172
C103476,Mass,II,0.271145769658229
C103477,Gold,IV,0.3111981296022604
C103478,Gold,V,0.23635210052706762
C103479,Premium,VIII,0.3569485564268156
C103480,Mass,II,0.25477787191053436
C103481,Mass,IV,0.24958802968767457
C103482,Mass,VIII,0.3928255421474561
C103483,Mass,IV,0.29686078015119677
C103484,Mass,X,0.3745857179491847
C103485,Mass,VIII,0.15207860525741587
C103486,Mass,V,0.3259438505980387
C103487,Mass,V,0.17858135113163573
C103488,Mass,V,0.2207512209510932
C103489,Mass,IV,0.2058723815467873
C103490,Premium,VIII,0.2820253484278682
C103491,Gold,VIII,0.24962386908206782
C103492,Mass,IV,0.2547939822795422
C103493,Mass,VIII,0.30799502548902485
C103494,Jóvenes,II,0.3170061991194446
C103495,Mass,V,0.2989684228870981
C103496,Mass,VIII,0.253982608999615
C103497,Premium,II,0.34894498415032504
C103498,Jóvenes,VIII,0.37478350695154256
C103499,Mass,V,0.19512244191140826
C103500,Mass,X,0.17819150493829788
C103501,Mass,RM,0.269553409701798
C103502,Gold,V,0.17739658319306417
C103503,Mass,X,0.24226935535572464
C103504,Gold,RM,0.2745014516312928
C103505,Gold,IV,0.34200153168578007
C103506,Gold,II,0.2410766273974102
C103507,Mass,IV,0.28527734545276634
C103508,Gold,X,0.23150382721355822
C103509,Mass,VIII,0.3322892995482088
C103510,Mass,V,0.36634027534622604
C103511,Mass,VIII,0.39512275999058566
C103512,Gold,IV,0.3504327820887807
C103513,Mass,RM,0.2564705404790723
C103514,Jóvenes,VIII,0.24912714359394503
C103515,Gold,X,0.3051681535654186
C103516,Gold,X,0.2723048353280768
C103517,Gold,X,0.35052863493306974
C103518,Gold,IV,0.2764018343414094
C103519,Mass,X,0.25967901511364916
C103520,Gold,VIII,0.15410113968220435
C103521,Gold,RM,0.2750754122504887
C103522,Gold,VIII,0.31046629978919027
C103523,Jóvenes,RM,0.30501163066973436
C103524,Mass,RM,0.25542337996429776
C103525,Premium,VIII,0.28257353594072504
C103526,Mass,V,0.34175667503131946
C103527,Mass,IV,0.27121528549765456
C103528,Jóvenes,VIII,0.14867472997710274
C103529,Mass,X,0.3517764584235502
C103530,Mass,II,0.2541984551455579
C103531,Gold,VIII,0.3090491117531485
C103532,Premium,VIII,0.3860374120442006
C103533,Gold,VIII,0.1769223754981854
C103534,Mass,II,0.2901918956684312
C103535,Gold,X,0.26058989121715476
C103536,Gold,VIII,0.3184925970525286
C103537,Mass,X,0.311608860743322
C103538,Mass,RM,0.2890712214527019
C103539,Mass,VIII,0.18802160353608766
C103540,Mass,X,0.2551466786675015
C103541,Mass,X,0.318330892624392
C103542,Jóvenes,V,0.26904767214771513
C103543,Mass,II,0.26509442970100144
C103544,Gold,RM,0.21019456695647176
C103545,Mass,IV,0.2668706350602821
C103546,Mass,IV,0.1837948129886174
C103547,Mass,II,0.3031938173783939
C103548,Mass,RM,0.23792099192912963
C103549,Mass,IV,0.27840875224450157
C103550,Mass,X,0.3719450070204062
C103551,Premium,IV,0.2234787062326566
C103552,Premium,VIII,0.2727761331605452
C103553,Mass,IV,0.29643834135012936
C103554,Gold,VIII,0.23409650514200941
C103555,Premium,RM,0.22730780114960614
C103556,Gold,X,0.2588564065315253
C103557,Mass,IV,0.22359922177488603
C103558,Premium,RM,0.2303308643319457
C103559,Jóvenes,II,0.21590757009149616
C103560,Jóvenes,II,0.3276401053627076
C103561,Mass,RM,0.22722260317577755
C103562,Gold,IV,0.25828148617900404
C103563,Mass,VIII,0.21859791719682453
C103564,Gold,IV,0.21565931045102063
C103565,Mass,X,0.307065221242528
C103566,Mass,VIII,0.3228702214652175
C103567,Gold,X,0.2824287002242286
C103568,Gold,II,0.29819906820235814
C103569,Gold,X,0.227662842771264
C103570,Mass,V,0.38302412292172744
C103571,Premium,X,0.35087738774523025
C103572,Premium,IV,0.27234707481232107
C103573,Mass,X,0.25751457106328
C103574,Jóvenes,RM,0.37733934008618664
C103575,Gold,VIII,0.27294171720936733
C103576,Mass,RM,0.16882452298259953
C103577,Mass,IV,0.23801526920268964
C103578,Premium,VIII,0.3356097088649901
C103579,Mass,V,0.31487410748781075
C103580,Jóvenes,X,0.3184043836799432
C103581,Mass,II,0.32641870907762666
C103582,Mass,II,0.29177081174400205
C103583,Gold,II,0.35923558272669454
C103584,Mass,X,0.22792099309135902
C103585,Jóvenes,IV,0.22771913312816808
C103586,Jóvenes,V,0.17318167340824187
C103587,Mass,IV,0.3252134894782379
C103588,Premium,IV,0.3071276367833093
C103589,Gold,IV,0.22599385503575356
C103590,Jóvenes,IV,0.2791910574625681
C103591,Mass,II,0.2933413274497465
C103592,Mass,V,0.27009696792202365
C103593,Jóvenes,V,0.3201227515414983
C103594,Mass,RM,0.3557958547482354
C103595,Gold,II,0.30036480898518697
C103596,Gold,V,0.29510991804357356
C103597,Mass,VIII,0.2714856391691193
C103598,Jóvenes,RM,0.3062021328841886
C103599,Jóvenes,X,0.2905513346337787
C103600,Gold,VIII,0.12
C103601,Mass,X,0.2737439234335508
C103602,Mass,II,0.32271553145642673
C103603,Mass,II,0.18950018523295867
C103604,Gold,IV,0.2518785218590512
C103605,Mass,VIII,0.22839710826905446
C103606,Gold,RM,0.3518409332871589
C103607,Premium,V,0.2133803796179503
C103608,Mass,VIII,0.31551451824555826
C103609,Mass,V,0.17817293423770705
C103610,Gold,VIII,0.2781943627808631
C103611,Mass,II,0.3445339368556503
C103612,Jóvenes,IV,0.2756641263069015
C103613,Mass,V,0.3305545367057728
C103614,Mass,VIII,0.2885130572333579
C103615,Gold,V,0.4279901509131562
C103616,Premium,II,0.32550491545943444
C103617,Premium,RM,0.2947209099634997
C103618,Premium,RM,0.23056664332355717
C103619,Gold,V,0.3120856457223896
C103620,Mass,VIII,0.2840303706268843
C103621,Mass,VIII,0.25825048434942444
C103622,Mass,IV,0.3398814493355976
C103623,Gold,RM,0.27042683126203376
C103624,Mass,VIII,0.3050665413509414
C103625,Premium,X,0.3564827974043552
C103626,Gold,II,0.28774974979293777
C103627,Gold,X,0.34281089880587234
C103628,Premium,IV,0.41378001448649726
C103629,Mass,VIII,0.3303313924315535
C103630,Mass,RM,0.18285785344406802
C103631,Mass,V,0.29764887959363356
C103632,Mass,X,0.23007607999679425
C103633,Premium,RM,0.12177796266407667
C103634,Premium,RM,0.25567862477319764
C103635,Premium,II,0.2991935145575869
C103636,Premium,II,0.3870170504061566
C103637,Premium,RM,0.2547592618357007
C103638,Premium,X,0.3038264345112243
C103639,Gold,V,0.37288722720520745
C103640,Mass,RM,0.25165945024622444
C103641,Jóvenes,V,0.24704429828204966
C103642,Gold,VIII,0.2772492603670564
C103643,Mass,V,0.23749089058912767
C103644,Gold,V,0.16475754503801635
C103645,Gold,IV,0.34543731870822625
C103646,Premium,X,0.4026750935991573
C103647,Jóvenes,V,0.2781086459740661
C103648,Premium,V,0.3243625217542502
C103649,Mass,V,0.1862124953101672
C103650,Mass,II,0.38666275111333026
C103651,Gold,V,0.3243961209850822
C103652,Mass,RM,0.2208364733554985
C103653,Mass,II,0.22497023950600342
C103654,Mass,IV,0.2947514058464253
C103655,Jóvenes,V,0.3091438764467168
C103656,Premium,X,0.2548041397667081
C103657,Mass,V,0.39198119230941764
C103658,Mass,V,0.3401433175942745
C103659,Gold,RM,0.345573705250663
C103660,Mass,X,0.30870888743298086
C103661,Mass,V,0.36698290946002715
C103662,Mass,RM,0.2627326848602295
C103663,Mass,RM,0.3469287040604767
C103664,Gold,RM,0.3757328118172823
C103665,Mass,V,0.3399915029905656
C103666,Mass,X,0.2997467967446599
C103667,Premium,VIII,0.24551887278650636
C103668,Mass,IV,0.2865355883983782
C103669,Mass,RM,0.2189032560454528
C103670,Mass,RM,0.20229836862181416
C103671,Jóvenes,RM,0.31654523080070457
C103672,Gold,X,0.29411146920451325
C103673,Mass,VIII,0.2096041861105565
C103674,Jóvenes,X,0.29968413421552637
C103675,Mass,IV,0.36776590410765997
C103676,Mass,IV,0.2851580585793529
C103677,Premium,VIII,0.3531025055152538
C103678,Gold,RM,0.19849756751872755
C103679,Mass,V,0.27448258037679146
C103680,Mass,RM,0.33240321384611926
C103681,Mass,IV,0.34477624154421216
C103682,Premium,IV,0.29543707506081684
C103683,Mass,IV,0.2461389209155894
C103684,Premium,VIII,0.33374793401504943
C103685,Mass,V,0.31903351978389394
C103686,Premium,RM,0.30068221050364485
C103687,Mass,RM,0.20682866551245305
C103688,Gold,X,0.21334763019410047
C103689,Gold,V,0.3417573358889098
C103690,Mass,IV,0.2515570208376159
C103691,Mass,IV,0.37745281865116215
C103692,Mass,VIII,0.17729485321162333
C103693,Mass,X,0.2724306583000059
C103694,Premium,VIII,0.26215794209796583
C103695,Mass,X,0.24838979341988027
C103696,Premium,RM,0.3393189350958435
C103697,Mass,IV,0.28764659035911844
C103698,Jóvenes,RM,0.21229061008820416
C103699,Mass,V,0.4013678189150578
C103700,Mass,II,0.31093306285152494
C103701,Mass,VIII,0.31025713169069297
C103702,Mass,RM,0.1807558530574756
C103703,Mass,V,0.2165856266618968
C103704,Gold,RM,0.4035557924822474
C103705,Mass,V,0.36375012291132697
C103706,Mass,V,0.19292516685684724
C103707,Mass,X,0.3022628125282334
C103708,Premium,VIII,0.3011944934044601
C103709,Mass,X,0.3001415467523814
C103710,Premium,IV,0.16292014119244008
C103711,Mass,II,0.3483931000090351
C103712,Gold,RM,0.34975707301162545
C103713,Gold,IV,0.16414367144204167
C103714,Mass,II,0.20085331206834978
C103715,Mass,VIII,0.19601249087745684
C103716,Mass,II,0.2360657027366671
C103717,Premium,V,0.3373946651424499
C103718,Mass,VIII,0.2071675569945895
C103719,Gold,RM,0.18944756039817667
C103720,Mass,X,0.32724918944176135
C103721,Mass,X,0.1365611836791903
C103722,Jóvenes,RM,0.33561232281057785
C103723,Mass,II,0.34366084553800447
C103724,Gold,V,0.28585568025333313
C103725,Mass,V,0.25228661976062816
C103726,Mass,IV,0.29649362664474427
C103727,Mass,X,0.3452558046371965
C103728,Jóvenes,X,0.2836773766470579
C103729,Premium,X,0.3449322975354259
C103730,Gold,X,0.3782478130929558
C103731,Gold,RM,0.3185340238324258
C103732,Mass,X,0.2960657192393765
C103733,Mass,IV,0.33981513708985583
C103734,Jóvenes,X,0.2922751934254033
C103735,Jóvenes,X,0.38249696541167816
C103736,Gold,II,0.29141632194345873
C103737,Mass,IV,0.3657064305074691
C103738,Gold,RM,0.24633762509108817
C103739,Mass,RM,0.23901163402320216
C103740,Mass,X,0.2269424511998703
C103741,Gold,IV,0.35753424813796736
C103742,Gold,X,0.2611231887049043
C103743,Premium,II,0.21749340704490283
C103744,Mass,IV,0.3526122536527121
C103745,Gold,IV,0.37541552165359227
C103746,Gold,RM,0.33649617156597517
C103747,Premium,V,0.40550263846717804
C103748,Premium,RM,0.3014049362642912
C103749,Mass,IV,0.2937715951431754
C103750,Jóvenes,V,0.22084492366972255
C103751,Mass,IV,0.21035794301605315
C103752,Premium,IV,0.2798889435886414
C103753,Mass,V,0.283938192291128
C103754,Premium,IV,0.24258993102774806
C103755,Mass,X,0.22472420775269267
C103756,Mass,IV,0.19561190055287475
C103757,Jóvenes,II,0.2586754342901369
C103758,Mass,RM,0.2565614293414498
C103759,Mass,IV,0.181695997954627
C103760,Mass,II,0.1945811434652483
C103761,Gold,V,0.2929215175452807
C103762,Premium,V,0.22342612966607162
C103763,Gold,VIII,0.3048656835672142
C103764,Mass,X,0.2695842701537127
C103765,Mass,X,0.3031850631119701
C103766,Premium,X,0.2286008400694709
C103767,Gold,II,0.18686542857159927
C103768,Gold,IV,0.2691087919727542
C103769,Gold,VIII,0.36443948513387514
C103770,Mass,IV,0.2724416864404761
C103771,Mass,II,0.3808122684623877
C103772,Jóvenes,IV,0.40883368423598354
C103773,Jóvenes,X,0.24957157531699084
C103774,Premium,X,0.22524455054996634
C103775,Mass,II,0.32186406285633296
C103776,Mass,VIII,0.21192770044592935
C103777,Gold,II,0.2875013126422638
C103778,Jóvenes,RM,0.23156704422413332
C103779,Premium,IV,0.22189014145767944
C103780,Mass,V,0.3080923547429661
C103781,Mass,V,0.3657985578277877
C103782,Gold,V,0.3184301521821319
C103783,Gold,RM,0.1806852738240336
C103784,Jóvenes,RM,0.24195382351805103
C103785,Mass,II,0.2569134383633571
C103786,Jóvenes,VIII,0.36713836633741087
C103787,Mass,IV,0.15178354925356
C103788,Mass,V,0.3393040486094138
C103789,Premium,II,0.2885304199881072
C103790,Mass,IV,0.20133095804833084
C103791,Mass,X,0.25504083098104424
C103792,Mass,VIII,0.20202177178214303
C103793,Gold,RM,0.2358054438504728
C103794,Gold,VIII,0.2867946458260213
C103795,Mass,V,0.25983363014558253
C103796,Jóvenes,X,0.30611546011680024
C103797,Mass,II,0.16150892942679362
C103798,Gold,V,0.2365432145752968
C103799,Gold,IV,0.2510402347265055
C103800,Mass,X,0.26392725715688325
C103801,Mass,V,0.24341624984708243
C103802,Mass,VIII,0.2728516695985489
C103803,Mass,X,0.3053731265722054
C103804,Jóvenes,II,0.18717497497051377
C103805,Mass,II,0.35945720083657645
C103806,Gold,V,0.2878626243937611
C103807,Mass,V,0.1287445779832794
C103808,Mass,RM,0.3971815906295636
C103809,Mass,IV,0.17935726243868544
C103810,Premium,V,0.39125282302509123
C103811,Premium,II,0.3114614338286053
C103812,Premium,RM,0.32650128423714814
C103813,Mass,II,0.35859705248091744
C103814,Premium,IV,0.33341176032018593
C103815,Mass,V,0.29177103542955946
C103816,Gold,V,0.29279087118216585
C103817,Mass,RM,0.3227536481976595
C103818,Premium,X,0.33099982101049547
C103819,Mass,X,0.34147107272290256
C103820,Mass,II,0.2034114822542836
C103821,Gold,RM,0.3080995402406731
C103822,Mass,VIII,0.12964584561995549
C103823,Gold,X,0.3194066726972503
C103824,Mass,X,0.28708931379160285
C103825,Mass,RM,0.36577049044270593
C103826,Gold,RM,0.2519967841027421
C103827,Mass,RM,0.2567620250026192
C103828,Mass,IV,0.16450853547226035
C103829,Jóvenes,II,0.2953802216298858
C103830,Mass,V,0.24039247914554443
C103831,Mass,V,0.40727815088717345
C103832,Gold,RM,0.3438103897883391
C103833,Gold,V,0.330195862854657
C103834,Gold,VIII,0.28222164904111935
C103835,Gold,IV,0.3103139126948003
C103836,Jóvenes,V,0.24737405304835036
C103837,Premium,RM,0.3618650605707091
C103838,Jóvenes,V,0.22955502656102036
C103839,Mass,X,0.2712070335180584
C103840,Gold,VIII,0.30346615985692527
C103841,Mass,II,0.26100971452989347
C103842,Gold,RM,0.20370370103959085
C103843,Mass,RM,0.25834668408740014
C103844,Gold,RM,0.23683655135542858
C103845,Mass,VIII,0.23347648241799235
C103846,Premium,V,0.3115716084136094
C103847,Jóvenes,II,0.3152858567359457
C103848,Mass,IV,0.29393841332384174
C103849,Gold,RM,0.2360768132617827
C103850,Gold,II,0.3028303861718602
C103851,Jóvenes,X,0.2770384452012916
C103852,Mass,X,0.2696547763977818
C103853,Gold,X,0.2103263692290629
C103854,Gold,VIII,0.292131593137022
C103855,Mass,X,0.3225381064625314
C103856,Mass,RM,0.2525792743672701
C103857,Mass,V,0.23464971730428558
C103858,Mass,IV,0.2586897560857484
C103859,Mass,II,0.3179770699080099
C103860,Mass,V,0.337965595404626
C103861,Mass,VIII,0.3057116960502485
C103862,Gold,VIII,0.29622603875371795
C103863,Gold,VIII,0.2730724557655947
C103864,Premium,IV,0.3336058662322312
C103865,Mass,X,0.18995689016557402
C103866,Jóvenes,II,0.20491548374690008
C103867,Mass,IV,0.3115760108132061
C103868,Gold,RM,0.4195266781185273
C103869,Mass,II,0.3240573905225272
C103870,Jóvenes,II,0.12
C103871,Gold,RM,0.21619429129025644
C103872,Mass,VIII,0.38515650964878834
C103873,Mass,V,0.29183312120044735
C103874,Gold,IV,0.33021883668596425
C103875,Mass,IV,0.29334204109100753
C103876,Gold,X,0.2775099584538462
C103877,Gold,VIII,0.3359954989554924
C103878,Mass,X,0.27540814341306474
C103879,Jóvenes,VIII,0.16869743021403705
C103880,Mass,IV,0.23371771128140006
C103881,Mass,IV,0.310831323925632
C103882,Premium,X,0.268217860677887
C103883,Mass,VIII,0.36849667434457445
C103884,Gold,V,0.3193608698196921
C103885,Mass,IV,0.29950066319927765
C103886,Jóvenes,II,0.2901181817734492
C103887,Premium,IV,0.297469785271093
C103888,Mass,RM,0.3584796188347354
C103889,Jóvenes,VIII,0.17799851707115472
C103890,Gold,IV,0.42905565581486615
C103891,Mass,II,0.3298246677847413
C103892,Mass,X,0.28433109293132963
C103893,Mass,II,0.2989665041779923
C103894,Mass,RM,0.252787076913416
C103895,Premium,V,0.249622197857127
C103896,Mass,RM,0.32845717468610597
C103897,Gold,VIII,0.26724478171105326
C103898,Mass,X,0.29747932719927894
C103899,Mass,RM,0.27314183617714943
C103900,Jóvenes,RM,0.16208945038612904
C103901,Mass,RM,0.17327046561333576
C103902,Premium,II,0.3801704848091323
C103903,Premium,VIII,0.31288558236177993
C103904,Premium,IV,0.2509414688325881
C103905,Mass,VIII,0.40007671534677824
C103906,Mass,IV,0.32903684236992325
C103907,Gold,VIII,0.34909809799180846
C103908,Mass,V,0.26337021958625684
C103909,Gold,IV,0.28866990469205595
C103910,Gold,V,0.21318554240915313
C103911,Mass,X,0.24671195935787188
C103912,Premium,V,0.3546015218123014
C103913,Mass,II,0.23895024518317054
C103914,Mass,IV,0.31452834338540103
C103915,Mass,II,0.2533340228230056
C103916,Gold,RM,0.2861431227870931
C103917,Mass,V,0.21799669481460743
C103918,Gold,VIII,0.2909736129968772
C103919,Jóvenes,VIII,0.28966127508424117
C103920,Mass,II,0.22237595141122862
C103921,Premium,IV,0.3107819666132531
C103922,Premium,RM,0.32006888743523226
C103923,Jóvenes,V,0.2989968135733554
C103924,Mass,IV,0.3529139701961654
C103925,Mass,V,0.29791064839230164
C103926,Gold,RM,0.278159521053139
C103927,Premium,VIII,0.3119302875443739
C103928,Premium,RM,0.23453874447683795
C103929,Mass,II,0.3292745423642612
C103930,Mass,VIII,0.35380064088596186
C103931,Premium,IV,0.426241034032144
C103932,Mass,RM,0.2774058957460724
C103933,Premium,X,0.20496827453869648
C103934,Premium,II,0.2646157809894307
C103935,Mass,RM,0.4287917737357261
C103936,Jóvenes,IV,0.18534907701217296
C103937,Jóvenes,VIII,0.24264509865797168
C103938,Mass,VIII,0.40634372098324917
C103939,Mass,RM,0.269549355347968
C103940,Premium,VIII,0.34092107915841824
C103941,Mass,VIII,0.36310206565546976
C103942,Premium,VIII,0.22138353202218325
C103943,Mass,IV,0.22794540300558824
C103944,Jóvenes,X,0.3374651144054065
C103945,Gold,RM,0.27966207619927175
C103946,Premium,II,0.3179856443418098
C103947,Gold,II,0.30580040750894966
C103948,Gold,X,0.4585968215468307
C103949,Mass,V,0.29918819256095996
C103950,Mass,V,0.3438161613095504
C103951,Gold,V,0.2925242611828577
C103952,Mass,V,0.36979419417397463
C103953,Mass,RM,0.285152464220887
C103954,Mass,II,0.3663183426315123
C103955,Mass,RM,0.27993517389153627
C103956,Mass,IV,0.3124137642980025
C103957,Mass,V,0.36456295624484736
C103958,Mass,X,0.2527967134064033
C103959,Gold,II,0.27328152864202204
C103960,Mass,VIII,0.3467037805801524
C103961,Mass,VIII,0.35208612587283855
C103962,Gold,V,0.3647928610994869
C103963,Gold,VIII,0.31763290267160366
C103964,Mass,IV,0.2649306876512681
C103965,Gold,RM,0.23057248644338896
C103966,Mass,VIII,0.25532632817695317
C103967,Premium,RM,0.29505910783524436
C103968,Jóvenes,II,0.28690757663544747
C103969,Mass,VIII,0.285293482130821
C103970,Mass,IV,0.26989513333975307
C103971,Gold,IV,0.28634737201279914
C103972,Mass,VIII,0.4299744378761927
C103973,Gold,RM,0.25763688745143604
C103974,Gold,V,0.43232894131011224
C103975,Gold,V,0.12
C103976,Gold,RM,0.2888668631609267
C103977,Premium,VIII,0.3301217779115014
C103978,Premium,VIII,0.26250216350733324
C103979,Gold,RM,0.3292810460282574
C103980,Mass,IV,0.30916847469534814
C103981,Mass,V,0.17837809858787979
C103982,Mass,RM,0.22370529014862672
C103983,Mass,II,0.379788784942991
C103984,Mass,X,0.3109496483801797
C103985,Mass,IV,0.20046860585031848
C103986,Mass,II,0.3426081876512582
C103987,Mass,RM,0.30535457785415915
C103988,Premium,VIII,0.3335766017010998
C103989,Mass,X,0.20991805988139728
C103990,Jóvenes,VIII,0.21084656255942244
C103991,Mass,IV,0.3162190912126298
C103992,Mass,RM,0.2533722779964027
C103993,Mass,RM,0.2634583891166618
C103994,Jóvenes,II,0.2625145006519202
C103995,Premium,V,0.25231384144106145
C103996,Gold,V,0.2843832558188078
C103997,Premium,II,0.26395974594831306
C103998,Mass,II,0.23694649910847126
C103999,Mass,IV,0.27181233260370363
C104000,Mass,II,0.40895214371222843
C104001,Gold,II,0.28150911439055804
C104002,Mass,X,0.29975654877872604
C104003,Mass,VIII,0.3896015569834303
C104004,Mass,II,0.2820433280178559
C104005,Premium,VIII,0.3123235603547941
C104006,Mass,VIII,0.24711806772647893
C104007,Mass,VIII,0.12
C104008,Gold,RM,0.2820646357836427
C104009,Premium,IV,0.38993332459887375
C104010,Mass,RM,0.34082997967067435
C104011,Mass,V,0.28920559811281976
C104012,Gold,V,0.2963111400146382
C104013,Mass,II,0.3531806736262847
C104014,Mass,RM,0.3528750403511753
C104015,Mass,II,0.3068293840900933
C104016,Premium,II,0.3131923505816612
C104017,Jóvenes,X,0.3216180784881505
C104018,Mass,II,0.3471196636286969
C104019,Mass,RM,0.2538027482605126
C104020,Premium,V,0.19629057418174706
C104021,Mass,X,0.2367454802270593
C104022,Mass,RM,0.32025927416071287
C104023,Premium,IV,0.20441723774801115
C104024,Jóvenes,X,0.30691045831594266
C104025,Premium,IV,0.2482387201685417
C104026,Mass,II,0.2430848039220712
C104027,Mass,X,0.30951610465841767
C104028,Gold,RM,0.1793746472084568
C104029,Gold,RM,0.40606529735725594
C104030,Jóvenes,V,0.33022315950117553
C104031,Premium,II,0.33334457029282216
C104032,Gold,IV,0.3361738175495306
C104033,Mass,IV,0.22140863245083384
C104034,Gold,IV,0.24093433755122282
C104035,Gold,II,0.37146249684262506
C104036,Premium,V,0.23531698096765474
C104037,Gold,VIII,0.23735489464739312
C104038,Mass,V,0.27909156397441875
C104039,Mass,II,0.2821900837631785
C104040,Premium,X,0.2994154169133865
C104041,Premium,V,0.21203983520415579
C104042,Mass,VIII,0.2366013785979748
C104043,Mass,V,0.3080715468343383
C104044,Gold,RM,0.3571245879162736
C104045,Mass,RM,0.28247970146176343
C104046,Jóvenes,II,0.4081262749692994
C104047,Premium,V,0.241645623256436
C104048,Mass,X,0.29622640791100513
C104049,Gold,II,0.34013849774803134
C104050,Jóvenes,V,0.34567147694452205
C104051,Premium,X,0.2546581729733035
C104052,Gold,IV,0.3315223735693693
C104053,Mass,IV,0.24280015769223462
C104054,Premium,IV,0.3398063855503846
C104055,Mass,VIII,0.24348192748223701
C104056,Jóvenes,RM,0.2763571574182521
C104057,Mass,X,0.3171965516161025
C104058,Gold,IV,0.1992597915483945
C104059,Mass,X,0.22120123768147973
C104060,Jóvenes,VIII,0.26397969250039405
C104061,Mass,RM,0.23664631504115718
C104062,Mass,RM,0.35312346096314423
C104063,Mass,RM,0.3076719221278358
C104064,Mass,X,0.27720829471090186
C104065,Mass,V,0.33499016860138836
C104066,Mass,VIII,0.33878219926449343
C104067,Mass,V,0.2012566232044405
C104068,Premium,RM,0.2693202891733994
C104069,Jóvenes,II,0.26681422016639667
C104070,Premium,X,0.12
C104071,Gold,VIII,0.21709870286390454
C104072,Mass,VIII,0.25114915095945356
C104073,Mass,X,0.23898746493715553
C104074,Mass,VIII,0.302661201008956
C104075,Gold,II,0.22084195719001914
C104076,Mass,X,0.3008106573281057
C104077,Gold,RM,0.2626968779832252
C104078,Mass,II,0.29206381103314877
C104079,Gold,IV,0.2103836030022831
C104080,Jóvenes,II,0.3583998735069981
C104081,Gold,V,0.25769775238556814
C104082,Mass,RM,0.2707078882923904
C104083,Premium,VIII,0.33206228480131494
C104084,Gold,X,0.2583999392847656
C104085,Mass,RM,0.370528690001575
C104086,Gold,X,0.22686462586176823
C104087,Gold,X,0.24042919323666465
C104088,Mass,X,0.2203507072778851
C104089,Mass,IV,0.3202289538359103
C104090,Gold,V,0.3504487960678676
C104091,Premium,II,0.3435024887384446
C104092,Gold,RM,0.19699108421387934
C104093,Mass,V,0.2739961066624271
C104094,Mass,IV,0.26933279027112345
C104095,Gold,IV,0.21302113300788544
C104096,Mass,II,0.1836730236847402
C104097,Premium,X,0.2759886553178448
C104098,Gold,X,0.24691421199978458
C104099,Jóvenes,IV,0.3051564131866473
C104100,Gold,VIII,0.2450056160940193
C104101,Mass,IV,0.24758538105902425
C104102,Jóvenes,VIII,0.282567348343247
C104103,Mass,RM,0.18616916004703088
C104104,Mass,RM,0.2592549747200063
C104105,Premium,VIII,0.35764621774407723
C104106,Gold,II,0.2536871601329836
C104107,Gold,V,0.23907356529874313
C104108,Gold,IV,0.3237431667142554
C104109,Gold,IV,0.33104811932763206
C104110,Gold,X,0.3537755843065097
C104111,Gold,VIII,0.3200786183212752
C104112,Mass,IV,0.3112052295631764
C104113,Mass,V,0.2588909001351876
C104114,Mass,X,0.2986338899774209
C104115,Premium,IV,0.23546648885093177
C104116,Premium,X,0.26606167072216386
C104117,Mass,IV,0.3431509562934623
C104118,Premium,IV,0.22611782290202528
C104119,Mass,RM,0.33338452631550086
C104120,Gold,IV,0.23975886638568938
C104121,Mass,V,0.28781479847186475
C104122,Mass,II,0.2732885958117161
C104123,Gold,VIII,0.31501645063238476
C104124,Gold,IV,0.4275438873125746
C104125,Mass,II,0.3348708413931133
C104126,Mass,II,0.36338622640148727
C104127,Premium,II,0.30792485074171677
C104128,Mass,V,0.23080315760584064
C104129,Mass,II,0.19573970370767027
C104130,Mass,VIII,0.37758838556394975
C104131,Mass,VIII,0.2359124737098196
C104132,Premium,II,0.25881323353709806
C104133,Premium,RM,0.35517847850722606
C104134,Mass,V,0.22474632113159432
C104135,Mass,II,0.3339891304665566
C104136,Mass,V,0.34037582872275035
C104137,Mass,RM,0.17478223357052575
C104138,Mass,V,0.22631189700419385
C104139,Mass,RM,0.3157280915512306
C104140,Mass,RM,0.23678760244093522
C104141,Mass,II,0.2450565551851641
C104142,Gold,II,0.2457257009902468
C104143,Mass,X,0.38952159190390645
C104144,Mass,RM,0.2691771142080229
C104145,Gold,II,0.2694680238265449
C104146,Mass,VIII,0.25067515231122994
C104147,Premium,V,0.2944801410035372
C104148,Mass,II,0.2353935719928365
C104149,Mass,IV,0.2105259247230294
C104150,Mass,II,0.20105451117650397
C104151,Mass,VIII,0.29150820925547427
C104152,Mass,IV,0.2427224496159907
C104153,Mass,IV,0.33492599160222236
C104154,Mass,X,0.344699756008956
C104155,Mass,RM,0.2629845893036212
C104156,Gold,X,0.15045396931836452
C104157,Mass,VIII,0.33898257629222683
C104158,Mass,II,0.33101437538629463
C104159,Premium,X,0.28147103745210733
C104160,Gold,V,0.2661759235404754
C104161,Mass,RM,0.2612095787878752
C104162,Jóvenes,IV,0.41764117452820426
C104163,Mass,II,0.251868505049506
C104164,Mass,VIII,0.28224818664337004
C104165,Mass,IV,0.3808596517464501
C104166,Mass,VIII,0.26457689705507254
C104167,Gold,II,0.29460606041579096
C104168,Mass,RM,0.38147570005398834
C104169,Gold,VIII,0.30766689228181926
C104170,Gold,II,0.22785408577644814
C104171,Mass,X,0.2404963741802479
C104172,Premium,V,0.39985496858302805
C104173,Mass,X,0.3269736511943306
C104174,Gold,X,0.25493223667900927
C104175,Mass,V,0.32448889934212777
C104176,Gold,V,0.32424489269654
C104177,Mass,RM,0.26381803261683084
C104178,Mass,IV,0.21372541206365164
C104179,Gold,RM,0.33592096149146894
C104180,Gold,VIII,0.3300908233520793
C104181,Mass,RM,0.2513751654185358
C104182,Gold,II,0.28338882966335255
C104183,Gold,RM,0.23433307236060982
C104184,Gold,RM,0.3625060135730217
C104185,Gold,V,0.2796060245717249
C104186,Mass,RM,0.3098795332005137
C104187,Mass,II,0.26568296619174775
C104188,Gold,V,0.2674248839481219
C104189,Gold,V,0.24654544054297511
C104190,Mass,IV,0.23852462391522994
C104191,Mass,V,0.255205669512578
C104192,Premium,IV,0.3508898835624561
C104193,Premium,V,0.3461839004776163
C104194,Mass,VIII,0.20317994329868574
C104195,Premium,X,0.29499206149196994
C104196,Mass,X,0.27916109396324146
C104197,Mass,VIII,0.22998570332922236
C104198,Gold,RM,0.31721087556503613
C104199,Mass,IV,0.3129887261304347
C104200,Mass,VIII,0.26657988022333484
C104201,Gold,VIII,0.34535842831499924
C104202,Mass,IV,0.3045247237716678
C104203,Mass,VIII,0.32259671108393906
C104204,Premium,V,0.29847311022432
C104205,Premium,X,0.3177098313323259
C104206,Mass,RM,0.21941695872806213
C104207,Mass,V,0.2878944977880409
C104208,Jóvenes,IV,0.2936636282459403
C104209,Mass,II,0.27449184715433095
C104210,Jóvenes,X,0.32320017508039545
C104211,Jóvenes,RM,0.32147251300255847
C104212,Gold,RM,0.32478241197244784
C104213,Mass,II,0.2324731320336953
C104214,Mass,II,0.12392523761854132
C104215,Premium,II,0.3130510925682446
C104216,Gold,VIII,0.3101095101504067
C104217,Mass,IV,0.29690639606047997
C104218,Mass,VIII,0.19245554343800947
C104219,Mass,X,0.33242889577064205
C104220,Mass,X,0.26286546125068805
C104221,Mass,II,0.40066624042199905
C104222,Mass,V,0.24547174257316554
C104223,Jóvenes,X,0.2958953704089668
C104224,Gold,IV,0.32710552581518126
C104225,Mass,RM,0.12
C104226,Mass,IV,0.3380004537467737
C104227,Mass,IV,0.22020146614431407
C104228,Mass,X,0.17879099072939836
C104229,Mass,RM,0.2336155924466125
C104230,Premium,V,0.177998586089527
C104231,Jóvenes,RM,0.2980752081756752
C104232,Jóvenes,RM,0.2558831824290448
C104233,Gold,X,0.2887492563410008
C104234,Mass,VIII,0.1257620434184625
C104235,Mass,RM,0.27863232629571727
C104236,Mass,X,0.36119864184065503
C104237,Mass,II,0.29931568159941174
C104238,Mass,II,0.3418128600031533
C104239,Mass,X,0.26668507964492755
C104240,Premium,II,0.21584761358364543
C104241,Mass,RM,0.2709344394237266
C104242,Mass,RM,0.3045742251794127
C104243,Premium,V,0.25791310890783037
C104244,Mass,II,0.2063757407380895
C104245,Mass,RM,0.2962075558997191
C104246,Mass,X,0.38694403450486137
C104247,Mass,RM,0.316128579244466
C104248,Mass,VIII,0.40021474931458456
C104249,Mass,V,0.16019580580330828
C104250,Premium,IV,0.2143359181885447
C104251,Gold,RM,0.340553724388117
C104252,Jóvenes,X,0.2934686959649573
C104253,Mass,X,0.3022660048771095
C104254,Mass,IV,0.3214345429270415
C104255,Gold,II,0.30082215652876154
C104256,Mass,X,0.17339358899256158
C104257,Mass,X,0.31157241046072837
C104258,Gold,X,0.3018045680617075
C104259,Premium,V,0.2637440467201262
C104260,Mass,II,0.2531467050670834
C104261,Mass,IV,0.18787773622319032
C104262,Mass,VIII,0.20187297647643423
C104263,Mass,VIII,0.36582126818901906
C104264,Gold,X,0.23779408989283718
C104265,Mass,II,0.2969576679308092
C104266,Gold,VIII,0.1789957133767598
C104267,Gold,IV,0.18645382940664462
C104268,Mass,IV,0.30072360765498324
C104269,Mass,VIII,0.23441188525266493
C104270,Mass,VIII,0.2867342860195147
C104271,Mass,RM,0.22636299468952117
C104272,Mass,X,0.309120805935382
C104273,Mass,II,0.33884520942067
C104274,Jóvenes,VIII,0.2249055621240149
C104275,Mass,X,0.3011869688017267
C104276,Mass,II,0.2628664857112842
C104277,Mass,X,0.394071850974562
C104278,Mass,RM,0.41904407140433436
C104279,Mass,II,0.2217099692506461
C104280,Mass,X,0.3753327417761936
C104281,Mass,RM,0.2322036438875048
C104282,Mass,RM,0.2207554600149939
C104283,Premium,II,0.3688358289670044
C104284,Premium,II,0.32772094694209375
C104285,Jóvenes,II,0.23054228640575286
C104286,Gold,IV,0.2453507437476163
C104287,Jóvenes,RM,0.29150294873929533
C104288,Gold,RM,0.337732862294876
C104289,Gold,VIII,0.2716722188635793
C104290,Mass,IV,0.2540822721570633
C104291,Mass,IV,0.2916961701742143
C104292,Gold,II,0.2719145673029282
C104293,Mass,RM,0.21300497046069816
C104294,Mass,IV,0.35407009526824745
C104295,Mass,VIII,0.20782506522297373
C104296,Mass,II,0.25155160837664053
C104297,Jóvenes,VIII,0.3501252352594354
C104298,Mass,II,0.23890553549887036
C104299,Gold,RM,0.21237630898784626
C104300,Mass,RM,0.33690586160842495
C104301,Gold,X,0.32434997787183306
C104302,Mass,II,0.2832867812328159
C104303,Mass,X,0.3298552599335873
C104304,Gold,II,0.2817967236335222
C104305,Gold,VIII,0.3153816206560471
C104306,Jóvenes,V,0.35258053241762366
C104307,Mass,VIII,0.29129569430223934
C104308,Premium,RM,0.19363788797907727
C104309,Mass,V,0.20053635155697985
C104310,Mass,IV,0.24956559437563763
C104311,Gold,IV,0.29975166593880287
C104312,Mass,VIII,0.2535068535263941
C104313,Mass,II,0.3243321534962598
C104314,Gold,X,0.29284372763338123
C104315,Mass,X,0.26932970602594974
C104316,Mass,RM,0.32190017059212983
C104317,Premium,V,0.22627860233496094
C104318,Mass,RM,0.3179956809632525
C104319,Gold,RM,0.26623204355569746
C104320,Mass,V,0.3139452749910605
C104321,Mass,IV,0.33765293860363527
C104322,Gold,VIII,0.2067438610774387
C104323,Mass,IV,0.2502436625879503
C104324,Mass,RM,0.38877259540579046
C104325,Mass,IV,0.3149213529451207
C104326,Gold,X,0.3311343411980723
C104327,Mass,RM,0.24491576230267514
C104328,Jóvenes,RM,0.2031698176798046
C104329,Mass,VIII,0.2377332075682616
C104330,Gold,VIII,0.3608597847612431
C104331,Mass,V,0.23007321582428164
C104332,Mass,RM,0.2995093496613671
C104333,Mass,VIII,0.269616686035126
C104334,Mass,X,0.3596193146476378
C104335,Mass,RM,0.40769328997008736
C104336,Premium,X,0.29625678688914875
C104337,Mass,RM,0.23238313498878369
C104338,Mass,II,0.29974918573452836
C104339,Mass,VIII,0.3399229222159774
C104340,Premium,II,0.18455783548345273
C104341,Mass,VIII,0.316927713668571
C104342,Mass,VIII,0.3048979668599926
C104343,Gold,VIII,0.29211764312844085
C104344,Premium,V,0.2654185427024282
C104345,Mass,V,0.29594534602084943
C104346,Mass,X,0.2602530754433808
C104347,Mass,V,0.21032571364698344
C104348,Mass,II,0.3013925507249091
C104349,Mass,RM,0.3602684657135249
C104350,Gold,VIII,0.2129441313275946
C104351,Gold,VIII,0.191233283250221
C104352,Premium,VIII,0.26626444146175837
C104353,Gold,RM,0.2676184683211302
C104354,Gold,II,0.14383065767677047
C104355,Mass,VIII,0.22624169594004956
C104356,Gold,RM,0.39499061083645326
C104357,Mass,VIII,0.31804550037346824
C104358,Mass,IV,0.25763202585486317
C104359,Mass,RM,0.34846499957749316
C104360,Mass,V,0.2524744369700356
C104361,Mass,IV,0.30411249335911594
C104362,Mass,II,0.27528540146715685
C104363,Mass,IV,0.36730758472776526
C104364,Gold,IV,0.3902145902881504
C104365,Mass,X,0.3004390819758777
C104366,Mass,X,0.2529294201421925
C104367,Mass,II,0.26144897077575285
C104368,Premium,II,0.23826881851720477
C104369,Mass,RM,0.395093441312866
C104370,Gold,IV,0.29668746425883796
C104371,Mass,X,0.3406965623514656
C104372,Mass,VIII,0.2805462441022422
C104373,Gold,X,0.36722116810660677
C104374,Mass,VIII,0.26291348617818844
C104375,Gold,V,0.22248786503127377
C104376,Mass,V,0.3055434738670345
C104377,Premium,RM,0.28162676965668093
C104378,Gold,IV,0.20851813233552874
C104379,Mass,X,0.46566666617956276
C104380,Premium,X,0.2278318248087583
C104381,Mass,VIII,0.29521885486949917
C104382,Gold,II,0.31240439555135285
C104383,Jóvenes,RM,0.2642361844101161
C104384,Mass,X,0.2495551833313275
C104385,Mass,RM,0.3424424076000039
C104386,Mass,IV,0.2541114363404892
C104387,Mass,II,0.31989041389553197
C104388,Gold,X,0.36940651095221255
C104389,Mass,V,0.3037632518306706
C104390,Mass,IV,0.2920269183878202
C104391,Gold,RM,0.2580194212873259
C104392,Premium,II,0.3139604795163282
C104393,Mass,RM,0.2995359724720614
C104394,Mass,X,0.14719303484851282
C104395,Mass,V,0.25338555180059286
C104396,Gold,VIII,0.19881783270199013
C104397,Gold,RM,0.26929370966818983
C104398,Jóvenes,X,0.33514651601295997
C104399,Mass,V,0.18826589840082475
C104400,Premium,X,0.28426930847766035
C104401,Gold,IV,0.33122727514596095
C104402,Gold,RM,0.2982346520060757
C104403,Mass,VIII,0.2865996654002173
C104404,Mass,V,0.29343910809021845
C104405,Mass,X,0.36867021883929163
C104406,Mass,X,0.30636179328159413
C104407,Mass,X,0.3044213070756663
C104408,Mass,V,0.3749491277270349
C104409,Gold,V,0.2851075149809848
C104410,Mass,II,0.36891612502934673
C104411,Mass,RM,0.291010908633367
C104412,Gold,VIII,0.32265159033903457
C104413,Gold,VIII,0.26971994730519055
C104414,Gold,VIII,0.24709844667701314
C104415,Mass,IV,0.2502325270891326
C104416,Mass,VIII,0.23861951071728596
C104417,Gold,IV,0.23930008259079755
C104418,Jóvenes,II,0.28918288035701323
C104419,Mass,VIII,0.3158027890157142
C104420,Mass,X,0.4317236508537835
C104421,Mass,V,0.3169958621506954
C104422,Gold,X,0.2448235880465221
C104423,Mass,X,0.2906571208671471
C104424,Jóvenes,X,0.2639736983955765
C104425,Mass,RM,0.34983671467278527
C104426,Mass,V,0.2507694999604346
C104427,Mass,V,0.3314875398168131
C104428,Mass,IV,0.2531265031200782
C104429,Mass,X,0.4403263006724437
C104430,Gold,VIII,0.32772012017604596
C104431,Premium,X,0.2139155077403872
C104432,Gold,RM,0.2530856212826237
C104433,Gold,IV,0.3279369721901119
C104434,Premium,II,0.3315420728032351
C104435,Mass,IV,0.3193836748415883
C104436,Gold,V,0.2978352815858478
C104437,Premium,X,0.24808572422101777
C104438,Premium,VIII,0.34167126739711035
C104439,Mass,X,0.1995261607293658
C104440,Premium,VIII,0.3083995786116402
C104441,Premium,RM,0.27211021655713125
C104442,Gold,V,0.27264034999008235
C104443,Premium,V,0.2530845049495032
C104444,Mass,V,0.3574624827598377
C104445,Mass,V,0.2866522506126796
C104446,Gold,V,0.15423150929443094
C104447,Gold,IV,0.24711073479567572
C104448,Premium,IV,0.3545528510741677
C104449,Premium,IV,0.3393598960283518
C104450,Mass,VIII,0.31648429183930454
C104451,Gold,V,0.37186759092508737
C104452,Mass,VIII,0.1645879091223864
C104453,Gold,V,0.345935786320996
C104454,Mass,RM,0.2755989859927664
C104455,Jóvenes,VIII,0.29151475288511863
C104456,Gold,V,0.22447387716109374
C104457,Mass,VIII,0.33743055002445876
C104458,Mass,RM,0.1644399490526488
C104459,Mass,V,0.28165231893794906
C104460,Gold,V,0.3054776510365754
C104461,Mass,X,0.28926710392140026
C104462,Jóvenes,VIII,0.3013619534497194
C104463,Mass,II,0.2616618343069684
C104464,Mass,X,0.32148610803468597
C104465,Premium,V,0.25020193605529356
C104466,Mass,II,0.30366402416639476
C104467,Mass,II,0.27209036734590397
C104468,Premium,IV,0.18423229007286235
C104469,Mass,X,0.19810107540043104
C104470,Gold,IV,0.2954185617611183
C104471,Premium,VIII,0.2069490271839025
C104472,Jóvenes,II,0.25532766914632216
C104473,Jóvenes,RM,0.20181682593643266
C104474,Mass,X,0.3068050923307513
C104475,Jóvenes,VIII,0.301256838199528
C104476,Premium,VIII,0.2374833037849692
C104477,Mass,IV,0.2617502601855492
C104478,Mass,V,0.20679709633711008
C104479,Gold,IV,0.34331109852321123
C104480,Mass,RM,0.2694553996886029
C104481,Mass,X,0.2801461498147242
C104482,Mass,II,0.3293499068590744
C104483,Gold,V,0.28433618214983003
C104484,Mass,RM,0.32184518858314326
C104485,Mass,IV,0.17071401670740133
C104486,Gold,V,0.24189933943692327
C104487,Mass,VIII,0.23360283451894787
C104488,Premium,IV,0.2299004270209536
C104489,Mass,RM,0.20299302836426625
C104490,Mass,V,0.15595064961485094
C104491,Jóvenes,VIII,0.2740359385011337
C104492,Mass,IV,0.34042515241952076
C104493,Gold,V,0.23140340540747276
C104494,Premium,X,0.30238267703355415
C104495,Mass,X,0.237111672038931
C104496,Gold,VIII,0.24256684957074326
C104497,Jóvenes,X,0.2649676775674233
C104498,Jóvenes,VIII,0.3707426924850849
C104499,Gold,IV,0.20991507405965398
C104500,Mass,RM,0.16501695809308886
C104501,Premium,X,0.20067044226128078
C104502,Premium,X,0.241107570423347
C104503,Gold,X,0.3417039875643798
C104504,Mass,RM,0.28985561018977585
C104505,Mass,X,0.2633659916870283
C104506,Mass,X,0.28123882705349307
C104507,Gold,V,0.3587066080858661
C104508,Mass,V,0.4060185765695232
C104509,Mass,X,0.2989688224685864
C104510,Jóvenes,RM,0.2304335458686084
C104511,Gold,VIII,0.3430398140751707
C104512,Gold,X,0.2549321704885347
C104513,Mass,X,0.28209425763887264
C104514,Gold,II,0.16239916661136827
C104515,Gold,VIII,0.31655374261146696
C104516,Gold,RM,0.3774525207374757
C104517,Gold,RM,0.3168629423969296
C104518,Gold,VIII,0.26418624363699683
C104519,Jóvenes,IV,0.2534149475246247
C104520,Mass,II,0.3312941812646116
C104521,Mass,RM,0.3001261266934444
C104522,Gold,X,0.2930462804188661
C104523,Mass,X,0.35715426293006525
C104524,Premium,IV,0.2653856764073922
C104525,Premium,IV,0.2586797320180991
C104526,Mass,VIII,0.19919071015291506
C104527,Jóvenes,IV,0.26892257444796674
C104528,Gold,IV,0.3533211493574462
C104529,Mass,RM,0.26805774679705646
C104530,Mass,V,0.14603921548960183
C104531,Gold,V,0.32959061510324383
C104532,Gold,RM,0.3766775173642757
C104533,Premium,II,0.3353355698974628
C104534,Mass,II,0.22602470283730614
C104535,Gold,VIII,0.23660418378290005
C104536,Mass,IV,0.24547885955249
C104537,Mass,VIII,0.23936065320157857
C104538,Jóvenes,IV,0.3000930925581631
C104539,Gold,RM,0.3206793931864729
C104540,Mass,VIII,0.3488438309567825
C104541,Jóvenes,IV,0.22880618642978942
C104542,Gold,V,0.2822781730113743
C104543,Mass,RM,0.2882266254114007
C104544,Mass,RM,0.224226563495188
C104545,Mass,X,0.3135868583216032
C104546,Mass,RM,0.2943119182678147
C104547,Mass,X,0.3398120348864858
C104548,Mass,VIII,0.3326109007567011
C104549,Mass,II,0.28272420223899963
C104550,Jóvenes,RM,0.287159433429803
C104551,Mass,IV,0.21302271418437835
C104552,Gold,V,0.34277133543016813
C104553,Mass,VIII,0.30094288748266185
C104554,Gold,VIII,0.2683301181056249
C104555,Mass,II,0.38302529807784647
C104556,Premium,VIII,0.22862629964963943
C104557,Jóvenes,X,0.37266391643065444
C104558,Mass,IV,0.2222515245850381
C104559,Gold,RM,0.28550617626246433
C104560,Premium,IV,0.31648837414597136
C104561,Mass,IV,0.20926283895810405
C104562,Mass,RM,0.2542593780868497
C104563,Mass,RM,0.28921649116211284
C104564,Gold,VIII,0.15948158063167034
C104565,Gold,II,0.2577305192400102
C104566,Mass,X,0.13485800853671176
C104567,Gold,V,0.3020915287517715
C104568,Mass,X,0.29291656887456113
C104569,Premium,IV,0.3422289867156268
C104570,Gold,IV,0.12
C104571,Premium,V,0.24870187243116937
C104572,Mass,V,0.2603949491763506
C104573,Premium,X,0.15050525976486445
C104574,Gold,V,0.3143316163812603
C104575,Mass,IV,0.17118360084767098
C104576,Gold,RM,0.2238681647971666
C104577,Gold,IV,0.279297031808712
C104578,Mass,II,0.2794085808002026
C104579,Mass,X,0.28417396426685343
C104580,Gold,II,0.2678344064562708
C104581,Mass,RM,0.2664534732221491
C104582,Mass,IV,0.26093770992484466
C104583,Mass,IV,0.2770034446613748
C104584,Mass,X,0.3511513100918406
C104585,Mass,X,0.2897671346602826
C104586,Mass,II,0.3072081570216903
C104587,Mass,RM,0.20893802056784022
C104588,Gold,IV,0.3761753345536172
C104589,Gold,V,0.27882961047751326
C104590,Gold,V,0.24429301594211777
C104591,Gold,X,0.28846654979094793
C104592,Mass,X,0.30069795144266437
C104593,Mass,IV,0.2543482118136809
C104594,Mass,II,0.238656115073641
C104595,Mass,II,0.24985691299130036
C104596,Premium,II,0.275756682940507
C104597,Mass,RM,0.4046483248517645
C104598,Mass,X,0.25712953176755965
C104599,Mass,II,0.30389789681801943
C104600,Gold,IV,0.2470214828512971
C104601,Gold,II,0.3432644165498763
C104602,Mass,VIII,0.2452351978775322
C104603,Mass,II,0.40755000823315146
C104604,Mass,II,0.31409060540215944
C104605,Premium,RM,0.2534202714658209
C104606,Jóvenes,VIII,0.27731265850731496
C104607,Premium,II,0.28513082688087893
C104608,Gold,VIII,0.27147567560279984
C104609,Mass,X,0.3516716677342169
C104610,Mass,II,0.23128310218169162
C104611,Mass,II,0.2707447171237394
C104612,Mass,II,0.255506378070023
C104613,Jóvenes,RM,0.295725859341637
C104614,Mass,RM,0.17917367896808628
C104615,Premium,V,0.2626401645845302
C104616,Mass,IV,0.2251531180723699
C104617,Premium,RM,0.2406453852322063
C104618,Mass,II,0.33337438567999267
C104619,Mass,II,0.24733597034585503
C104620,Mass,IV,0.33560442544968655
C104621,Premium,RM,0.3352506914339221
C104622,Mass,II,0.26812998977116026
C104623,Mass,V,0.2189731582490565
C104624,Mass,II,0.3194284462032544
C104625,Premium,X,0.25421591119274173
C104626,Mass,II,0.34712271040180753
C104627,Gold,RM,0.4320912317756291
C104628,Mass,II,0.28639564379045956
C104629,Mass,X,0.2860937520573984
C104630,Gold,RM,0.3042882330834747
C104631,Mass,IV,0.313477348536593
C104632,Mass,VIII,0.43152348608888524
C104633,Mass,VIII,0.2587662990617672
C104634,Mass,X,0.2459812462764739
C104635,Jóvenes,RM,0.32152765894159474
C104636,Mass,IV,0.22757888645053864
C104637,Mass,V,0.26233056437947283
C104638,Mass,VIII,0.3280766500251659
C104639,Mass,II,0.3734120052058671
C104640,Gold,RM,0.4561581164362619
C104641,Premium,VIII,0.15055331148658355
C104642,Mass,RM,0.27294158016436354
C104643,Mass,VIII,0.2965790770340451
C104644,Mass,X,0.22958253721608696
C104645,Mass,V,0.3320880644850718
C104646,Jóvenes,RM,0.3434511514497458
C104647,Mass,VIII,0.2969212265808511
C104648,Gold,VIII,0.37492322327572447
C104649,Mass,II,0.3746950570965219
C104650,Gold,II,0.20139084135060298
C104651,Mass,X,0.3543571669667015
C104652,Mass,RM,0.30768734824546445
C104653,Gold,II,0.25910750128311055
C104654,Gold,V,0.25154369493217993
C104655,Premium,RM,0.31296695656617624
C104656,Mass,IV,0.2405007140569538
C104657,Mass,VIII,0.1852571019953281
C104658,Mass,IV,0.2523485589381774
C104659,Mass,V,0.2746314582549504
C104660,Gold,X,0.26230319620849846
C104661,Mass,V,0.24660086589515107
C104662,Mass,IV,0.20724719680942955
C104663,Gold,V,0.26992356062053846
C104664,Mass,X,0.3128084605128548
C104665,Mass,II,0.32705341333941457
C104666,Mass,II,0.38635395861579347
C104667,Mass,IV,0.3182152420801583
C104668,Mass,IV,0.24835995153203283
C104669,Mass,IV,0.3355055396027484
C104670,Mass,RM,0.2520331715429271
C104671,Mass,V,0.23534214721439334
C104672,Jóvenes,X,0.3494334612805169
C104673,Gold,X,0.2675242349420668
C104674,Gold,VIII,0.2293786484458435
C104675,Gold,VIII,0.3293477359949111
C104676,Mass,IV,0.13131104190618248
C104677,Mass,RM,0.2700649860336315
C104678,Premium,RM,0.2899321750254277
C104679,Mass,VIII,0.26477366151357024
C104680,Mass,IV,0.28595662133345734
C104681,Gold,II,0.35947891870569737
C104682,Gold,II,0.236312107049323
C104683,Premium,RM,0.2756767474277784
C104684,Mass,VIII,0.30282782007602754
C104685,Jóvenes,IV,0.3082028825022951
C104686,Gold,II,0.29478427345538727
C104687,Mass,IV,0.34179275116976
C104688,Premium,VIII,0.29303489086074574
C104689,Gold,X,0.26252656489755405
C104690,Mass,RM,0.31684816718982683
C104691,Mass,IV,0.39402219151542467
C104692,Mass,V,0.2539406602333099
C104693,Gold,V,0.27602424331059217
C104694,Gold,IV,0.2934548568212553
C104695,Mass,V,0.2164076336699512
C104696,Mass,IV,0.28604924490295136
C104697,Mass,RM,0.12215560446209464
C104698,Premium,RM,0.2822252555509067
C104699,Gold,V,0.3195363830918747
C104700,Mass,X,0.2334262904762792
C104701,Gold,RM,0.34453321697620964
C104702,Mass,X,0.2847147476153656
C104703,Mass,RM,0.31713701780585324
C104704,Premium,II,0.30872150326022485
C104705,Mass,II,0.20203638602057755
C104706,Mass,V,0.33500403585071803
C104707,Mass,II,0.26254191578552805
C104708,Mass,X,0.22908010414540708
C104709,Jóvenes,II,0.3285413948943616
C104710,Mass,V,0.2050209267698173
C104711,Jóvenes,II,0.25306947041260314
C104712,Jóvenes,X,0.2907220297046791
C104713,Gold,IV,0.21648139442678588
C104714,Jóvenes,IV,0.3341831560496703
C104715,Mass,V,0.30019397790856595
C104716,Mass,IV,0.34571930232994336
C104717,Gold,IV,0.22856167050504417
C104718,Mass,VIII,0.16433218461510735
C104719,Gold,RM,0.25554977335062773
C104720,Mass,II,0.36362126452447563
C104721,Jóvenes,IV,0.24818050440741843
C104722,Premium,II,0.22663781514765008
C104723,Mass,II,0.30520341382140825
C104724,Mass,V,0.2615558248704335
C104725,Premium,II,0.265476887500597
C104726,Mass,IV,0.3236866375745389
C104727,Mass,IV,0.2707892824724401
C104728,Premium,RM,0.3121352472304201
C104729,Gold,VIII,0.3689919838034929
C104730,Gold,RM,0.25941490988687765
C104731,Mass,II,0.23445839348997377
C104732,Mass,RM,0.1655018682891194
C104733,Mass,RM,0.22019573377746832
C104734,Premium,II,0.3402969897400683
C104735,Mass,V,0.17095103858297556
C104736,Mass,RM,0.25464258804546513
C104737,Gold,VIII,0.24061009781123768
C104738,Mass,X,0.2890589493179935
C104739,Mass,V,0.316873185310548
C104740,Gold,IV,0.2190592773880484
C104741,Jóvenes,V,0.39799936622669735
C104742,Gold,IV,0.21863538139962005
C104743,Mass,II,0.24778898601615487
C104744,Mass,II,0.267463528287338
C104745,Gold,II,0.2858673129081065
C104746,Mass,X,0.24443469687043
C104747,Mass,II,0.3736741067737455
C104748,Premium,VIII,0.2536645480409996
C104749,Gold,RM,0.2595802806483193
C104750,Mass,VIII,0.20000331847211206
C104751,Gold,RM,0.2912023009256247
C104752,Gold,V,0.26947904022338737
C104753,Mass,RM,0.3096642014790866
C104754,Mass,X,0.38714119652338497
C104755,Premium,RM,0.22429320340986916
C104756,Mass,II,0.2819780323351247
C104757,Gold,II,0.2673195192273939
C104758,Mass,RM,0.26779151002987117
C104759,Premium,X,0.31086236357885677
C104760,Jóvenes,IV,0.2550951382640384
C104761,Premium,V,0.3022826479866477
C104762,Mass,IV,0.27969260793484596
C104763,Jóvenes,VIII,0.36889808574273364
C104764,Premium,VIII,0.2569040958400259
C104765,Mass,V,0.3559166057761213
C104766,Jóvenes,V,0.2413271872428207
C104767,Gold,IV,0.32702336656276293
C104768,Jóvenes,VIII,0.27267593166654874
C104769,Premium,II,0.2126661928634433
C104770,Gold,IV,0.2693688622826619
C104771,Mass,VIII,0.25502559534832
C104772,Mass,X,0.24063456657438737
C104773,Mass,IV,0.3022477946771644
C104774,Mass,RM,0.2617271435729259
C104775,Mass,VIII,0.2669989786128712
C104776,Premium,II,0.2594620426043398
C104777,Mass,II,0.21801091540171874
C104778,Mass,II,0.19364547429620044
C104779,Jóvenes,V,0.26339366763293964
C104780,Premium,IV,0.22631006234639678
C104781,Premium,II,0.3224887884511847
C104782,Premium,RM,0.28712922647909733
C104783,Mass,X,0.26653193974910605
C104784,Mass,RM,0.29163110240702855
C104785,Premium,V,0.16333907669654932
C104786,Premium,II,0.25906699803040395
C104787,Gold,VIII,0.2547394380419856
C104788,Mass,VIII,0.2907762097613262
C104789,Jóvenes,VIII,0.3009159320382291
C104790,Gold,V,0.26173327303459104
C104791,Jóvenes,VIII,0.2131338555041566
C104792,Mass,VIII,0.337615994008218
C104793,Jóvenes,RM,0.21079752564245738
C104794,Jóvenes,RM,0.2936520361500592
C104795,Gold,V,0.2825881936491238
C104796,Mass,II,0.21650402298798416
C104797,Gold,RM,0.319676578974859
C104798,Mass,RM,0.31708361453194234
C104799,Mass,II,0.30600026512631034
C104800,Mass,IV,0.37086940035297417
C104801,Jóvenes,II,0.38407909843196486
C104802,Gold,RM,0.3285588792309181
C104803,Gold,V,0.2786324380258334
C104804,Premium,X,0.31478126495107467
C104805,Premium,V,0.3703150453252442
C104806,Gold,IV,0.23361806961597326
C104807,Mass,IV,0.2826534215664486
C104808,Premium,RM,0.17883912927386827
C104809,Mass,II,0.21268701098638898
C104810,Jóvenes,II,0.2408876422016557
C104811,Premium,IV,0.3422620678883206
C104812,Gold,X,0.27103703130124374
C104813,Gold,VIII,0.21724854573521446
C104814,Mass,VIII,0.2753954471620951
C104815,Gold,V,0.32214464484564204
C104816,Premium,RM,0.29960143653833377
C104817,Gold,RM,0.3991758445024319
C104818,Mass,V,0.23328752067216105
C104819,Gold,VIII,0.3342658409349524
C104820,Mass,VIII,0.32103590711597213
C104821,Jóvenes,II,0.2772381983795771
C104822,Mass,IV,0.2823697865680267
C104823,Mass,RM,0.3104789793407662
C104824,Premium,VIII,0.31359794230846527
C104825,Mass,VIII,0.2794443331814498
C104826,Mass,IV,0.3173716002753556
C104827,Premium,II,0.2603084361804337
C104828,Mass,VIII,0.2422718152355264
C104829,Mass,X,0.2688336459573262
C104830,Gold,V,0.19342640645516262
C104831,Mass,V,0.26403499623719595
C104832,Gold,II,0.3586718138692795
C104833,Gold,V,0.3687256373897747
C104834,Mass,IV,0.13929615318762828
C104835,Jóvenes,VIII,0.2260739182129984
C104836,Gold,II,0.319027633881193
C104837,Mass,RM,0.2780449109031426
C104838,Mass,VIII,0.3351082230963256
C104839,Mass,X,0.2278939854705941
C104840,Gold,X,0.3071628045570901
C104841,Gold,IV,0.23776385876282435
C104842,Jóvenes,IV,0.26881345445237353
C104843,Gold,X,0.25300554849145285
C104844,Premium,VIII,0.2821328581192547
C104845,Mass,RM,0.22137744207935398
C104846,Mass,X,0.23535619206114577
C104847,Mass,RM,0.28056285209297366
C104848,Mass,V,0.26268378385385843
C104849,Mass,IV,0.2831459150571712
C104850,Gold,RM,0.22388371893525816
C104851,Mass,X,0.21833251841428425
C104852,Mass,IV,0.29130567386620276
C104853,Mass,V,0.2807238689811281
C104854,Gold,V,0.31689084567848597
C104855,Gold,VIII,0.1286495347274965
C104856,Gold,II,0.20422888696699304
C104857,Gold,V,0.288441804101821
C104858,Mass,IV,0.2176774960370764
C104859,Jóvenes,RM,0.3439605506652146
C104860,Gold,VIII,0.19036880095570757
C104861,Gold,II,0.2065656360162067
C104862,Mass,II,0.27305303583973217
C104863,Mass,VIII,0.24929179847064312
C104864,Premium,II,0.30433294327212124
C104865,Premium,V,0.43664090819201545
C104866,Mass,IV,0.25549459007835856
C104867,Premium,VIII,0.3421789335377146
C104868,Gold,VIII,0.30779542456509257
C104869,Gold,IV,0.15223494778691007
C104870,Gold,X,0.18248149543754666
C104871,Mass,II,0.29157919463991205
C104872,Premium,IV,0.24443123026558783
C104873,Mass,RM,0.2533996107954978
C104874,Mass,II,0.2924074571915619
C104875,Mass,VIII,0.3398218232756991
C104876,Gold,IV,0.27004104904867227
C104877,Gold,X,0.27751942400377877
C104878,Mass,VIII,0.29613195699413986
C104879,Mass,X,0.38310443180759246
C104880,Mass,II,0.21008756163429604
C104881,Mass,VIII,0.28175438816397147
C104882,Mass,VIII,0.35538614169654736
C104883,Mass,RM,0.36196603974964825
C104884,Gold,IV,0.2439658508114289
C104885,Gold,V,0.2166042559739715
C104886,Mass,II,0.24283321994406942
C104887,Mass,X,0.31646082986925167
C104888,Jóvenes,X,0.4230827970828118
C104889,Gold,IV,0.17741828112971533
C104890,Gold,RM,0.25970207282681124
C104891,Gold,IV,0.26182316822399804
C104892,Mass,RM,0.23323958990619043
C104893,Premium,IV,0.29873305931455646
C104894,Mass,X,0.1907738975157655
C104895,Jóvenes,II,0.2188463422984579
C104896,Mass,VIII,0.4280203488158216
C104897,Jóvenes,IV,0.3510261649118678
C104898,Mass,II,0.4018319021687421
C104899,Jóvenes,V,0.37965473777686953
C104900,Premium,II,0.24551254756752186
C104901,Jóvenes,X,0.18266442810261568
C104902,Premium,V,0.28129718177489726
C104903,Mass,X,0.3127711730911673
C104904,Gold,X,0.18233431161190652
C104905,Mass,IV,0.32075349616411253
C104906,Mass,V,0.24566471128952713
C104907,Mass,VIII,0.24484603245744554
C104908,Gold,RM,0.30397510752242124
C104909,Mass,V,0.1971991305108282
C104910,Mass,II,0.2819813756029665
C104911,Mass,RM,0.3107648709260582
C104912,Mass,X,0.23747920585043863
C104913,Premium,RM,0.2975989401640369
C104914,Premium,RM,0.24564751639039595
C104915,Mass,RM,0.33012131617048746
C104916,Premium,II,0.3361488383311536
C104917,Premium,RM,0.3033939189936984
C104918,Jóvenes,IV,0.3119984077661995
C104919,Mass,VIII,0.3421849768807524
C104920,Jóvenes,IV,0.3205519249529577
C104921,Premium,II,0.31052712729699716
C104922,Mass,V,0.35036148614514684
C104923,Mass,VIII,0.4002020917977675
C104924,Premium,VIII,0.35096140844968016
C104925,Mass,II,0.2692923875257209
C104926,Premium,V,0.33894675229654553
C104927,Mass,VIII,0.26157112362768414
C104928,Mass,X,0.23080789826131698
C104929,Mass,RM,0.38252984612150276
C104930,Premium,X,0.17077665854533264
C104931,Jóvenes,RM,0.20948428624829082
C104932,Gold,V,0.34218518940832726
C104933,Gold,X,0.27040275574488803
C104934,Mass,IV,0.2424069174728392
C104935,Mass,VIII,0.22121656752614383
C104936,Premium,X,0.1603569846316722
C104937,Gold,X,0.2852557322567665
C104938,Mass,V,0.2691520517758039
C104939,Gold,RM,0.2273758427743172
C104940,Mass,X,0.3385679371521073
C104941,Gold,RM,0.2762316776624991
C104942,Mass,VIII,0.283588459997948
C104943,Mass,IV,0.3291054455307491
C104944,Gold,VIII,0.2840789862538279
C104945,Mass,V,0.22646720928260827
C104946,Gold,IV,0.2855955143956005
C104947,Premium,X,0.2962986245618202
C104948,Gold,II,0.2754802449926398
C104949,Mass,X,0.2266206251717599
C104950,Mass,VIII,0.26971138733015027
C104951,Mass,X,0.2281260064554944
C104952,Gold,V,0.1583347483279446
C104953,Gold,VIII,0.2395252219331442
C104954,Mass,V,0.21247996162992788
C104955,Mass,RM,0.2947163477593817
C104956,Mass,II,0.30505138384273306
C104957,Gold,X,0.15506378735574766
C104958,Mass,IV,0.28843081816646066
C104959,Premium,RM,0.3002264524368147
C104960,Mass,IV,0.2459547895303905
C104961,Gold,VIII,0.2552134832302947
C104962,Mass,II,0.43180700585307696
C104963,Gold,V,0.26687686731026666
C104964,Premium,II,0.24393179174969337
C104965,Mass,RM,0.3091488505408741
C104966,Mass,IV,0.23533130362097626
C104967,Mass,II,0.2766196625070703
C104968,Jóvenes,RM,0.39661352444541537
C104969,Gold,VIII,0.17649771054815971
C104970,Mass,VIII,0.22091904756783642
C104971,Premium,II,0.25038675915499436
C104972,Jóvenes,X,0.2517577158042975
C104973,Mass,II,0.3702961702149744
C104974,Mass,X,0.24803342173001436
C104975,Mass,II,0.1930041370495258
C104976,Mass,V,0.27438882831613665
C104977,Mass,RM,0.3505428454676252
C104978,Premium,IV,0.21576439889894136
C104979,Gold,IV,0.16275142963468703
C104980,Mass,RM,0.295652166277334
C104981,Mass,V,0.30032513851050296
C104982,Mass,II,0.2846062744040334
C104983,Mass,RM,0.3148713145118824
C104984,Gold,IV,0.2558055236922965
C104985,Gold,V,0.21759750650553825
C104986,Mass,II,0.1884227897613165
C104987,Premium,RM,0.28805377342572086
C104988,Mass,IV,0.33447151587832824
C104989,Mass,VIII,0.2616289239666849
C104990,Mass,II,0.23954243140974774
C104991,Gold,IV,0.23474966544129194
C104992,Gold,VIII,0.36106750751422967
C104993,Mass,RM,0.2825448947262355
C104994,Mass,IV,0.2781768462630412
C104995,Mass,RM,0.32633800906136384
C104996,Mass,IV,0.3981022952643846
C104997,Mass,RM,0.34064041845871856
C104998,Gold,RM,0.29429776655238343
C104999,Jóvenes,II,0.3418886326551831
