id_cliente,id_cuenta,tipo
C100000,C100000-T1,TC
C100001,C100001-T1,TC
C100001,C100001-T2,TC
C100001,C100001-T3,TC
C100002,C100002-T1,TC
C100003,C100003-T1,TC
C100003,C100003-T2,TC
C100004,C100004-T1,TC
C100004,C100004-T2,TC
C100005,C100005-T1,TC
C100005,C100005-T2,TC
C100006,C100006-T1,TC
C100006,C100006-T2,TC
C100007,C100007-T1,TC
C100007,C100007-T2,TC
C100008,C100008-T1,TC
C100008,C100008-T2,TC
C100008,C100008-T3,TC
C100009,C100009-T1,TC
C100010,C100010-T1,TC
C100011,C100011-T1,TC
C100011,C100011-T2,TC
C100012,C100012-T1,TC
C100013,C100013-T1,TC
C100013,C100013-T2,TC
C100014,C100014-T1,TC
C100015,C100015-T1,TC
C100015,C100015-T2,TC
C100015,C100015-T3,TC
C100016,C100016-T1,TC
C100017,C100017-T1,TC
C100018,C100018-T1,TC
C100018,C100018-T2,TC
C100018,C100018-T3,TC
C100019,C100019-T1,TC
C100020,C100020-T1,TC
C100020,C100020-T2,TC
C100021,C100021-T1,TC
C100022,C100022-T1,TC
C100022,C100022-T2,TC
C100023,C100023-T1,TC
C100023,C100023-T2,TC
C100024,C100024-T1,TC
C100025,C100025-T1,TC
C100026,C100026-T1,TC
C100026,C100026-T2,TC
C100026,C100026-T3,TC
C100027,C100027-T1,TC
C100028,C100028-T1,TC
C100029,C100029-T1,TC
C100030,C100030-T1,TC
C100031,C100031-T1,TC
C100032,C100032-T1,TC
C100032,C100032-T2,TC
C100032,C100032-T3,TC
C100033,C100033-T1,TC
C100033,C100033-T2,TC
C100033,C100033-T3,TC
C100034,C100034-T1,TC
C100035,C100035-T1,TC
C100036,C100036-T1,TC
C100037,C100037-T1,TC
C100037,C100037-T2,TC
C100037,C100037-T3,TC
C100038,C100038-T1,TC
C100039,C100039-T1,TC
C100040,C100040-T1,TC
C100041,C100041-T1,TC
C100041,C100041-T2,TC
C100042,C100042-T1,TC
C100043,C100043-T1,TC
C100043,C100043-T2,TC
C100044,C100044-T1,TC
C100044,C100044-T2,TC
C100044,C100044-T3,TC
C100045,C100045-T1,TC
C100046,C100046-T1,TC
C100047,C100047-T1,TC
C100048,C100048-T1,TC
C100049,C100049-T1,TC
C100050,C100050-T1,TC
C100050,C100050-T2,TC
C100051,C100051-T1,TC
C100051,C100051-T2,TC
C100052,C100052-T1,TC
C100053,C100053-T1,TC
C100054,C100054-T1,TC
C100055,C100055-T1,TC
C100055,C100055-T2,TC
C100056,C100056-T1,TC
C100057,C100057-T1,TC
C100057,C100057-T2,TC
C100057,C100057-T3,TC
C100058,C100058-T1,TC
C100058,C100058-T2,TC
C100058,C100058-T3,TC
C100059,C100059-T1,TC
C100060,C100060-T1,TC
C100060,C100060-T2,TC
C100061,C100061-T1,TC
C100062,C100062-T1,TC
C100062,C100062-T2,TC
C100063,C100063-T1,TC
C100064,C100064-T1,TC
C100064,C100064-T2,TC
C100065,C100065-T1,TC
C100065,C100065-T2,TC
C100066,C100066-T1,TC
C100067,C100067-T1,TC
C100068,C100068-T1,TC
C100068,C100068-T2,TC
C100069,C100069-T1,TC
C100069,C100069-T2,TC
C100070,C100070-T1,TC
C100070,C100070-T2,TC
C100071,C100071-T1,TC
C100072,C100072-T1,TC
C100072,C100072-T2,TC
C100072,C100072-T3,TC
C100073,C100073-T1,TC
C100074,C100074-T1,TC
C100075,C100075-T1,TC
C100076,C100076-T1,TC
C100077,C100077-T1,TC
C100078,C100078-T1,TC
C100079,C100079-T1,TC
C100080,C100080-T1,TC
C100081,C100081-T1,TC
C100081,C100081-T2,TC
C100082,C100082-T1,TC
C100083,C100083-T1,TC
C100083,C100083-T2,TC
C100084,C100084-T1,TC
C100084,C100084-T2,TC
C100085,C100085-T1,TC
C100085,C100085-T2,TC
C100086,C100086-T1,TC
C100086,C100086-T2,TC
C100086,C100086-T3,TC
C100087,C100087-T1,TC
C100087,C100087-T2,TC
C100087,C100087-T3,TC
C100088,C100088-T1,TC
C100088,C100088-T2,TC
C100089,C100089-T1,TC
C100090,C100090-T1,TC
C100091,C100091-T1,TC
C100091,C100091-T2,TC
C100091,C100091-T3,TC
C100092,C100092-T1,TC
C100093,C100093-T1,TC
C100093,C100093-T2,TC
C100094,C100094-T1,TC
C100095,C100095-T1,TC
C100096,C100096-T1,TC
C100097,C100097-T1,TC
C100098,C100098-T1,TC
C100099,C100099-T1,TC
C100099,C100099-T2,TC
C100100,C100100-T1,TC
C100100,C100100-T2,TC
C100101,C100101-T1,TC
C100102,C100102-T1,TC
C100103,C100103-T1,TC
C100104,C100104-T1,TC
C100105,C100105-T1,TC
C100106,C100106-T1,TC
C100107,C100107-T1,TC
C100108,C100108-T1,TC
C100109,C100109-T1,TC
C100110,C100110-T1,TC
C100111,C100111-T1,TC
C100112,C100112-T1,TC
C100112,C100112-T2,TC
C100113,C100113-T1,TC
C100114,C100114-T1,TC
C100114,C100114-T2,TC
C100114,C100114-T3,TC
C100115,C100115-T1,TC
C100115,C100115-T2,TC
C100116,C100116-T1,TC
C100117,C100117-T1,TC
C100118,C100118-T1,TC
C100118,C100118-T2,TC
C100119,C100119-T1,TC
C100120,C100120-T1,TC
C100121,C100121-T1,TC
C100122,C100122-T1,TC
C100122,C100122-T2,TC
C100123,C100123-T1,TC
C100124,C100124-T1,TC
C100124,C100124-T2,TC
C100124,C100124-T3,TC
C100125,C100125-T1,TC
C100126,C100126-T1,TC
C100126,C100126-T2,TC
C100126,C100126-T3,TC
C100127,C100127-T1,TC
C100128,C100128-T1,TC
C100128,C100128-T2,TC
C100129,C100129-T1,TC
C100130,C100130-T1,TC
C100131,C100131-T1,TC
C100132,C100132-T1,TC
C100133,C100133-T1,TC
C100134,C100134-T1,TC
C100134,C100134-T2,TC
C100135,C100135-T1,TC
C100136,C100136-T1,TC
C100136,C100136-T2,TC
C100137,C100137-T1,TC
C100137,C100137-T2,TC
C100138,C100138-T1,TC
C100138,C100138-T2,TC
C100139,C100139-T1,TC
C100139,C100139-T2,TC
C100140,C100140-T1,TC
C100141,C100141-T1,TC
C100141,C100141-T2,TC
C100142,C100142-T1,TC
C100143,C100143-T1,TC
C100144,C100144-T1,TC
C100145,C100145-T1,TC
C100145,C100145-T2,TC
C100146,C100146-T1,TC
C100146,C100146-T2,TC
C100147,C100147-T1,TC
C100148,C100148-T1,TC
C100149,C100149-T1,TC
C100150,C100150-T1,TC
C100151,C100151-T1,TC
C100151,C100151-T2,TC
C100152,C100152-T1,TC
C100152,C100152-T2,TC
C100152,C100152-T3,TC
C100153,C100153-T1,TC
C100153,C100153-T2,TC
C100153,C100153-T3,TC
C100154,C100154-T1,TC
C100155,C100155-T1,TC
C100156,C100156-T1,TC
C100156,C100156-T2,TC
C100157,C100157-T1,TC
C100158,C100158-T1,TC
C100158,C100158-T2,TC
C100159,C100159-T1,TC
C100159,C100159-T2,TC
C100160,C100160-T1,TC
C100160,C100160-T2,TC
C100160,C100160-T3,TC
C100161,C100161-T1,TC
C100161,C100161-T2,TC
C100161,C100161-T3,TC
C100162,C100162-T1,TC
C100162,C100162-T2,TC
C100162,C100162-T3,TC
C100163,C100163-T1,TC
C100164,C100164-T1,TC
C100165,C100165-T1,TC
C100166,C100166-T1,TC
C100166,C100166-T2,TC
C100167,C100167-T1,TC
C100167,C100167-T2,TC
C100168,C100168-T1,TC
C100168,C100168-T2,TC
C100168,C100168-T3,TC
C100169,C100169-T1,TC
C100170,C100170-T1,TC
C100170,C100170-T2,TC
C100171,C100171-T1,TC
C100171,C100171-T2,TC
C100172,C100172-T1,TC
C100172,C100172-T2,TC
C100173,C100173-T1,TC
C100174,C100174-T1,TC
C100175,C100175-T1,TC
C100176,C100176-T1,TC
C100176,C100176-T2,TC
C100177,C100177-T1,TC
C100177,C100177-T2,TC
C100178,C100178-T1,TC
C100179,C100179-T1,TC
C100180,C100180-T1,TC
C100180,C100180-T2,TC
C100181,C100181-T1,TC
C100181,C100181-T2,TC
C100182,C100182-T1,TC
C100183,C100183-T1,TC
C100183,C100183-T2,TC
C100184,C100184-T1,TC
C100185,C100185-T1,TC
C100185,C100185-T2,TC
C100185,C100185-T3,TC
C100186,C100186-T1,TC
C100187,C100187-T1,TC
C100187,C100187-T2,TC
C100188,C100188-T1,TC
C100188,C100188-T2,TC
C100189,C100189-T1,TC
C100189,C100189-T2,TC
C100190,C100190-T1,TC
C100191,C100191-T1,TC
C100191,C100191-T2,TC
C100192,C100192-T1,TC
C100193,C100193-T1,TC
C100194,C100194-T1,TC
C100195,C100195-T1,TC
C100196,C100196-T1,TC
C100197,C100197-T1,TC
C100198,C100198-T1,TC
C100198,C100198-T2,TC
C100198,C100198-T3,TC
C100199,C100199-T1,TC
C100200,C100200-T1,TC
C100201,C100201-T1,TC
C100202,C100202-T1,TC
C100203,C100203-T1,TC
C100204,C100204-T1,TC
C100205,C100205-T1,TC
C100206,C100206-T1,TC
C100206,C100206-T2,TC
C100207,C100207-T1,TC
C100207,C100207-T2,TC
C100208,C100208-T1,TC
C100209,C100209-T1,TC
C100210,C100210-T1,TC
C100210,C100210-T2,TC
C100211,C100211-T1,TC
C100212,C100212-T1,TC
C100212,C100212-T2,TC
C100212,C100212-T3,TC
C100213,C100213-T1,TC
C100214,C100214-T1,TC
C100214,C100214-T2,TC
C100214,C100214-T3,TC
C100215,C100215-T1,TC
C100216,C100216-T1,TC
C100217,C100217-T1,TC
C100217,C100217-T2,TC
C100217,C100217-T3,TC
C100218,C100218-T1,TC
C100218,C100218-T2,TC
C100219,C100219-T1,TC
C100219,C100219-T2,TC
C100219,C100219-T3,TC
C100220,C100220-T1,TC
C100221,C100221-T1,TC
C100221,C100221-T2,TC
C100222,C100222-T1,TC
C100222,C100222-T2,TC
C100223,C100223-T1,TC
C100223,C100223-T2,TC
C100223,C100223-T3,TC
C100224,C100224-T1,TC
C100225,C100225-T1,TC
C100226,C100226-T1,TC
C100227,C100227-T1,TC
C100228,C100228-T1,TC
C100228,C100228-T2,TC
C100229,C100229-T1,TC
C100229,C100229-T2,TC
C100229,C100229-T3,TC
C100230,C100230-T1,TC
C100230,C100230-T2,TC
C100231,C100231-T1,TC
C100232,C100232-T1,TC
C100233,C100233-T1,TC
C100233,C100233-T2,TC
C100233,C100233-T3,TC
C100234,C100234-T1,TC
C100235,C100235-T1,TC
C100235,C100235-T2,TC
C100236,C100236-T1,TC
C100237,C100237-T1,TC
C100238,C100238-T1,TC
C100239,C100239-T1,TC
C100239,C100239-T2,TC
C100240,C100240-T1,TC
C100240,C100240-T2,TC
C100241,C100241-T1,TC
C100241,C100241-T2,TC
C100242,C100242-T1,TC
C100242,C100242-T2,TC
C100243,C100243-T1,TC
C100244,C100244-T1,TC
C100244,C100244-T2,TC
C100245,C100245-T1,TC
C100245,C100245-T2,TC
C100246,C100246-T1,TC
C100247,C100247-T1,TC
C100248,C100248-T1,TC
C100249,C100249-T1,TC
C100250,C100250-T1,TC
C100251,C100251-T1,TC
C100252,C100252-T1,TC
C100253,C100253-T1,TC
C100254,C100254-T1,TC
C100255,C100255-T1,TC
C100256,C100256-T1,TC
C100257,C100257-T1,TC
C100257,C100257-T2,TC
C100257,C100257-T3,TC
C100258,C100258-T1,TC
C100259,C100259-T1,TC
C100259,C100259-T2,TC
C100260,C100260-T1,TC
C100261,C100261-T1,TC
C100261,C100261-T2,TC
C100261,C100261-T3,TC
C100262,C100262-T1,TC
C100263,C100263-T1,TC
C100264,C100264-T1,TC
C100264,C100264-T2,TC
C100265,C100265-T1,TC
C100266,C100266-T1,TC
C100267,C100267-T1,TC
C100268,C100268-T1,TC
C100269,C100269-T1,TC
C100269,C100269-T2,TC
C100270,C100270-T1,TC
C100271,C100271-T1,TC
C100272,C100272-T1,TC
C100273,C100273-T1,TC
C100274,C100274-T1,TC
C100275,C100275-T1,TC
C100276,C100276-T1,TC
C100277,C100277-T1,TC
C100277,C100277-T2,TC
C100278,C100278-T1,TC
C100279,C100279-T1,TC
C100279,C100279-T2,TC
C100280,C100280-T1,TC
C100281,C100281-T1,TC
C100282,C100282-T1,TC
C100283,C100283-T1,TC
C100284,C100284-T1,TC
C100285,C100285-T1,TC
C100286,C100286-T1,TC
C100287,C100287-T1,TC
C100287,C100287-T2,TC
C100287,C100287-T3,TC
C100288,C100288-T1,TC
C100289,C100289-T1,TC
C100290,C100290-T1,TC
C100290,C100290-T2,TC
C100291,C100291-T1,TC
C100291,C100291-T2,TC
C100292,C100292-T1,TC
C100293,C100293-T1,TC
C100294,C100294-T1,TC
C100295,C100295-T1,TC
C100296,C100296-T1,TC
C100296,C100296-T2,TC
C100297,C100297-T1,TC
C100298,C100298-T1,TC
C100298,C100298-T2,TC
C100299,C100299-T1,TC
C100300,C100300-T1,TC
C100300,C100300-T2,TC
C100301,C100301-T1,TC
C100302,C100302-T1,TC
C100302,C100302-T2,TC
C100303,C100303-T1,TC
C100304,C100304-T1,TC
C100305,C100305-T1,TC
C100305,C100305-T2,TC
C100306,C100306-T1,TC
C100307,C100307-T1,TC
C100308,C100308-T1,TC
C100308,C100308-T2,TC
C100309,C100309-T1,TC
C100309,C100309-T2,TC
C100310,C100310-T1,TC
C100311,C100311-T1,TC
C100311,C100311-T2,TC
C100311,C100311-T3,TC
C100312,C100312-T1,TC
C100312,C100312-T2,TC
C100313,C100313-T1,TC
C100314,C100314-T1,TC
C100315,C100315-T1,TC
C100316,C100316-T1,TC
C100316,C100316-T2,TC
C100317,C100317-T1,TC
C100318,C100318-T1,TC
C100318,C100318-T2,TC
C100319,C100319-T1,TC
C100320,C100320-T1,TC
C100320,C100320-T2,TC
C100320,C100320-T3,TC
C100321,C100321-T1,TC
C100321,C100321-T2,TC
C100322,C100322-T1,TC
C100323,C100323-T1,TC
C100324,C100324-T1,TC
C100325,C100325-T1,TC
C100325,C100325-T2,TC
C100326,C100326-T1,TC
C100327,C100327-T1,TC
C100327,C100327-T2,TC
C100328,C100328-T1,TC
C100328,C100328-T2,TC
C100329,C100329-T1,TC
C100329,C100329-T2,TC
C100330,C100330-T1,TC
C100330,C100330-T2,TC
C100331,C100331-T1,TC
C100332,C100332-T1,TC
C100333,C100333-T1,TC
C100333,C100333-T2,TC
C100333,C100333-T3,TC
C100334,C100334-T1,TC
C100335,C100335-T1,TC
C100335,C100335-T2,TC
C100336,C100336-T1,TC
C100336,C100336-T2,TC
C100337,C100337-T1,TC
C100337,C100337-T2,TC
C100338,C100338-T1,TC
C100339,C100339-T1,TC
C100340,C100340-T1,TC
C100341,C100341-T1,TC
C100342,C100342-T1,TC
C100343,C100343-T1,TC
C100344,C100344-T1,TC
C100345,C100345-T1,TC
C100345,C100345-T2,TC
C100346,C100346-T1,TC
C100346,C100346-T2,TC
C100347,C100347-T1,TC
C100348,C100348-T1,TC
C100348,C100348-T2,TC
C100349,C100349-T1,TC
C100349,C100349-T2,TC
C100350,C100350-T1,TC
C100350,C100350-T2,TC
C100351,C100351-T1,TC
C100351,C100351-T2,TC
C100351,C100351-T3,TC
C100352,C100352-T1,TC
C100353,C100353-T1,TC
C100354,C100354-T1,TC
C100355,C100355-T1,TC
C100356,C100356-T1,TC
C100357,C100357-T1,TC
C100358,C100358-T1,TC
C100359,C100359-T1,TC
C100360,C100360-T1,TC
C100361,C100361-T1,TC
C100361,C100361-T2,TC
C100362,C100362-T1,TC
C100363,C100363-T1,TC
C100364,C100364-T1,TC
C100365,C100365-T1,TC
C100365,C100365-T2,TC
C100366,C100366-T1,TC
C100367,C100367-T1,TC
C100368,C100368-T1,TC
C100369,C100369-T1,TC
C100370,C100370-T1,TC
C100370,C100370-T2,TC
C100371,C100371-T1,TC
C100372,C100372-T1,TC
C100372,C100372-T2,TC
C100372,C100372-T3,TC
C100373,C100373-T1,TC
C100374,C100374-T1,TC
C100374,C100374-T2,TC
C100375,C100375-T1,TC
C100375,C100375-T2,TC
C100375,C100375-T3,TC
C100376,C100376-T1,TC
C100377,C100377-T1,TC
C100377,C100377-T2,TC
C100377,C100377-T3,TC
C100378,C100378-T1,TC
C100378,C100378-T2,TC
C100378,C100378-T3,TC
C100379,C100379-T1,TC
C100380,C100380-T1,TC
C100380,C100380-T2,TC
C100381,C100381-T1,TC
C100382,C100382-T1,TC
C100383,C100383-T1,TC
C100384,C100384-T1,TC
C100385,C100385-T1,TC
C100385,C100385-T2,TC
C100386,C100386-T1,TC
C100386,C100386-T2,TC
C100386,C100386-T3,TC
C100387,C100387-T1,TC
C100388,C100388-T1,TC
C100388,C100388-T2,TC
C100389,C100389-T1,TC
C100389,C100389-T2,TC
C100389,C100389-T3,TC
C100390,C100390-T1,TC
C100391,C100391-T1,TC
C100392,C100392-T1,TC
C100393,C100393-T1,TC
C100393,C100393-T2,TC
C100393,C100393-T3,TC
C100394,C100394-T1,TC
C100394,C100394-T2,TC
C100395,C100395-T1,TC
C100396,C100396-T1,TC
C100397,C100397-T1,TC
C100398,C100398-T1,TC
C100398,C100398-T2,TC
C100399,C100399-T1,TC
C100400,C100400-T1,TC
C100400,C100400-T2,TC
C100400,C100400-T3,TC
C100401,C100401-T1,TC
C100402,C100402-T1,TC
C100403,C100403-T1,TC
C100404,C100404-T1,TC
C100404,C100404-T2,TC
C100405,C100405-T1,TC
C100405,C100405-T2,TC
C100406,C100406-T1,TC
C100407,C100407-T1,TC
C100407,C100407-T2,TC
C100408,C100408-T1,TC
C100408,C100408-T2,TC
C100409,C100409-T1,TC
C100409,C100409-T2,TC
C100409,C100409-T3,TC
C100410,C100410-T1,TC
C100411,C100411-T1,TC
C100411,C100411-T2,TC
C100412,C100412-T1,TC
C100413,C100413-T1,TC
C100413,C100413-T2,TC
C100414,C100414-T1,TC
C100415,C100415-T1,TC
C100416,C100416-T1,TC
C100416,C100416-T2,TC
C100417,C100417-T1,TC
C100417,C100417-T2,TC
C100417,C100417-T3,TC
C100418,C100418-T1,TC
C100419,C100419-T1,TC
C100419,C100419-T2,TC
C100420,C100420-T1,TC
C100420,C100420-T2,TC
C100421,C100421-T1,TC
C100422,C100422-T1,TC
C100423,C100423-T1,TC
C100424,C100424-T1,TC
C100425,C100425-T1,TC
C100426,C100426-T1,TC
C100427,C100427-T1,TC
C100427,C100427-T2,TC
C100428,C100428-T1,TC
C100429,C100429-T1,TC
C100430,C100430-T1,TC
C100431,C100431-T1,TC
C100432,C100432-T1,TC
C100433,C100433-T1,TC
C100434,C100434-T1,TC
C100435,C100435-T1,TC
C100435,C100435-T2,TC
C100436,C100436-T1,TC
C100436,C100436-T2,TC
C100437,C100437-T1,TC
C100437,C100437-T2,TC
C100438,C100438-T1,TC
C100439,C100439-T1,TC
C100440,C100440-T1,TC
C100441,C100441-T1,TC
C100442,C100442-T1,TC
C100443,C100443-T1,TC
C100444,C100444-T1,TC
C100445,C100445-T1,TC
C100445,C100445-T2,TC
C100446,C100446-T1,TC
C100446,C100446-T2,TC
C100447,C100447-T1,TC
C100448,C100448-T1,TC
C100448,C100448-T2,TC
C100449,C100449-T1,TC
C100449,C100449-T2,TC
C100449,C100449-T3,TC
C100450,C100450-T1,TC
C100451,C100451-T1,TC
C100452,C100452-T1,TC
C100453,C100453-T1,TC
C100454,C100454-T1,TC
C100455,C100455-T1,TC
C100455,C100455-T2,TC
C100455,C100455-T3,TC
C100456,C100456-T1,TC
C100457,C100457-T1,TC
C100458,C100458-T1,TC
C100459,C100459-T1,TC
C100460,C100460-T1,TC
C100460,C100460-T2,TC
C100461,C100461-T1,TC
C100461,C100461-T2,TC
C100462,C100462-T1,TC
C100463,C100463-T1,TC
C100463,C100463-T2,TC
C100463,C100463-T3,TC
C100464,C100464-T1,TC
C100464,C100464-T2,TC
C100465,C100465-T1,TC
C100466,C100466-T1,TC
C100466,C100466-T2,TC
C100466,C100466-T3,TC
C100467,C100467-T1,TC
C100468,C100468-T1,TC
C100468,C100468-T2,TC
C100469,C100469-T1,TC
C100470,C100470-T1,TC
C100470,C100470-T2,TC
C100470,C100470-T3,TC
C100471,C100471-T1,TC
C100472,C100472-T1,TC
C100472,C100472-T2,TC
C100472,C100472-T3,TC
C100473,C100473-T1,TC
C100473,C100473-T2,TC
C100474,C100474-T1,TC
C100474,C100474-T2,TC
C100475,C100475-T1,TC
C100476,C100476-T1,TC
C100477,C100477-T1,TC
C100478,C100478-T1,TC
C100479,C100479-T1,TC
C100480,C100480-T1,TC
C100480,C100480-T2,TC
C100481,C100481-T1,TC
C100482,C100482-T1,TC
C100482,C100482-T2,TC
C100483,C100483-T1,TC
C100484,C100484-T1,TC
C100484,C100484-T2,TC
C100485,C100485-T1,TC
C100486,C100486-T1,TC
C100486,C100486-T2,TC
C100487,C100487-T1,TC
C100487,C100487-T2,TC
C100488,C100488-T1,TC
C100488,C100488-T2,TC
C100489,C100489-T1,TC
C100489,C100489-T2,TC
C100490,C100490-T1,TC
C100490,C100490-T2,TC
C100491,C100491-T1,TC
C100491,C100491-T2,TC
C100492,C100492-T1,TC
C100493,C100493-T1,TC
C100493,C100493-T2,TC
C100494,C100494-T1,TC
C100494,C100494-T2,TC
C100495,C100495-T1,TC
C100496,C100496-T1,TC
C100496,C100496-T2,TC
C100497,C100497-T1,TC
C100498,C100498-T1,TC
C100499,C100499-T1,TC
C100499,C100499-T2,TC
C100499,C100499-T3,TC
C100500,C100500-T1,TC
C100501,C100501-T1,TC
C100502,C100502-T1,TC
C100503,C100503-T1,TC
C100503,C100503-T2,TC
C100504,C100504-T1,TC
C100505,C100505-T1,TC
C100506,C100506-T1,TC
C100506,C100506-T2,TC
C100507,C100507-T1,TC
C100508,C100508-T1,TC
C100508,C100508-T2,TC
C100508,C100508-T3,TC
C100509,C100509-T1,TC
C100509,C100509-T2,TC
C100510,C100510-T1,TC
C100510,C100510-T2,TC
C100511,C100511-T1,TC
C100512,C100512-T1,TC
C100513,C100513-T1,TC
C100514,C100514-T1,TC
C100515,C100515-T1,TC
C100515,C100515-T2,TC
C100516,C100516-T1,TC
C100517,C100517-T1,TC
C100517,C100517-T2,TC
C100518,C100518-T1,TC
C100519,C100519-T1,TC
C100519,C100519-T2,TC
C100520,C100520-T1,TC
C100521,C100521-T1,TC
C100522,C100522-T1,TC
C100522,C100522-T2,TC
C100523,C100523-T1,TC
C100524,C100524-T1,TC
C100525,C100525-T1,TC
C100526,C100526-T1,TC
C100526,C100526-T2,TC
C100526,C100526-T3,TC
C100527,C100527-T1,TC
C100527,C100527-T2,TC
C100528,C100528-T1,TC
C100528,C100528-T2,TC
C100528,C100528-T3,TC
C100529,C100529-T1,TC
C100530,C100530-T1,TC
C100530,C100530-T2,TC
C100530,C100530-T3,TC
C100531,C100531-T1,TC
C100532,C100532-T1,TC
C100533,C100533-T1,TC
C100533,C100533-T2,TC
C100534,C100534-T1,TC
C100534,C100534-T2,TC
C100535,C100535-T1,TC
C100535,C100535-T2,TC
C100536,C100536-T1,TC
C100536,C100536-T2,TC
C100536,C100536-T3,TC
C100537,C100537-T1,TC
C100537,C100537-T2,TC
C100538,C100538-T1,TC
C100538,C100538-T2,TC
C100538,C100538-T3,TC
C100539,C100539-T1,TC
C100539,C100539-T2,TC
C100539,C100539-T3,TC
C100540,C100540-T1,TC
C100541,C100541-T1,TC
C100542,C100542-T1,TC
C100543,C100543-T1,TC
C100544,C100544-T1,TC
C100545,C100545-T1,TC
C100546,C100546-T1,TC
C100546,C100546-T2,TC
C100547,C100547-T1,TC
C100547,C100547-T2,TC
C100548,C100548-T1,TC
C100548,C100548-T2,TC
C100549,C100549-T1,TC
C100550,C100550-T1,TC
C100551,C100551-T1,TC
C100552,C100552-T1,TC
C100552,C100552-T2,TC
C100552,C100552-T3,TC
C100553,C100553-T1,TC
C100554,C100554-T1,TC
C100555,C100555-T1,TC
C100556,C100556-T1,TC
C100556,C100556-T2,TC
C100557,C100557-T1,TC
C100557,C100557-T2,TC
C100558,C100558-T1,TC
C100559,C100559-T1,TC
C100560,C100560-T1,TC
C100560,C100560-T2,TC
C100561,C100561-T1,TC
C100562,C100562-T1,TC
C100563,C100563-T1,TC
C100563,C100563-T2,TC
C100564,C100564-T1,TC
C100565,C100565-T1,TC
C100566,C100566-T1,TC
C100567,C100567-T1,TC
C100568,C100568-T1,TC
C100569,C100569-T1,TC
C100569,C100569-T2,TC
C100570,C100570-T1,TC
C100571,C100571-T1,TC
C100572,C100572-T1,TC
C100572,C100572-T2,TC
C100573,C100573-T1,TC
C100573,C100573-T2,TC
C100574,C100574-T1,TC
C100575,C100575-T1,TC
C100576,C100576-T1,TC
C100577,C100577-T1,TC
C100577,C100577-T2,TC
C100578,C100578-T1,TC
C100579,C100579-T1,TC
C100580,C100580-T1,TC
C100581,C100581-T1,TC
C100582,C100582-T1,TC
C100583,C100583-T1,TC
C100584,C100584-T1,TC
C100584,C100584-T2,TC
C100585,C100585-T1,TC
C100586,C100586-T1,TC
C100586,C100586-T2,TC
C100587,C100587-T1,TC
C100588,C100588-T1,TC
C100588,C100588-T2,TC
C100589,C100589-T1,TC
C100590,C100590-T1,TC
C100591,C100591-T1,TC
C100592,C100592-T1,TC
C100593,C100593-T1,TC
C100594,C100594-T1,TC
C100595,C100595-T1,TC
C100595,C100595-T2,TC
C100596,C100596-T1,TC
C100596,C100596-T2,TC
C100597,C100597-T1,TC
C100597,C100597-T2,TC
C100598,C100598-T1,TC
C100598,C100598-T2,TC
C100598,C100598-T3,TC
C100599,C100599-T1,TC
C100600,C100600-T1,TC
C100601,C100601-T1,TC
C100602,C100602-T1,TC
C100602,C100602-T2,TC
C100603,C100603-T1,TC
C100604,C100604-T1,TC
C100605,C100605-T1,TC
C100606,C100606-T1,TC
C100606,C100606-T2,TC
C100606,C100606-T3,TC
C100607,C100607-T1,TC
C100607,C100607-T2,TC
C100608,C100608-T1,TC
C100608,C100608-T2,TC
C100608,C100608-T3,TC
C100609,C100609-T1,TC
C100609,C100609-T2,TC
C100610,C100610-T1,TC
C100610,C100610-T2,TC
C100611,C100611-T1,TC
C100612,C100612-T1,TC
C100612,C100612-T2,TC
C100612,C100612-T3,TC
C100613,C100613-T1,TC
C100614,C100614-T1,TC
C100615,C100615-T1,TC
C100615,C100615-T2,TC
C100615,C100615-T3,TC
C100616,C100616-T1,TC
C100616,C100616-T2,TC
C100617,C100617-T1,TC
C100617,C100617-T2,TC
C100618,C100618-T1,TC
C100618,C100618-T2,TC
C100619,C100619-T1,TC
C100620,C100620-T1,TC
C100620,C100620-T2,TC
C100620,C100620-T3,TC
C100621,C100621-T1,TC
C100622,C100622-T1,TC
C100623,C100623-T1,TC
C100624,C100624-T1,TC
C100624,C100624-T2,TC
C100625,C100625-T1,TC
C100626,C100626-T1,TC
C100626,C100626-T2,TC
C100627,C100627-T1,TC
C100628,C100628-T1,TC
C100629,C100629-T1,TC
C100630,C100630-T1,TC
C100631,C100631-T1,TC
C100632,C100632-T1,TC
C100632,C100632-T2,TC
C100632,C100632-T3,TC
C100633,C100633-T1,TC
C100633,C100633-T2,TC
C100634,C100634-T1,TC
C100634,C100634-T2,TC
C100635,C100635-T1,TC
C100635,C100635-T2,TC
C100636,C100636-T1,TC
C100637,C100637-T1,TC
C100637,C100637-T2,TC
C100638,C100638-T1,TC
C100638,C100638-T2,TC
C100639,C100639-T1,TC
C100640,C100640-T1,TC
C100641,C100641-T1,TC
C100641,C100641-T2,TC
C100642,C100642-T1,TC
C100642,C100642-T2,TC
C100643,C100643-T1,TC
C100643,C100643-T2,TC
C100644,C100644-T1,TC
C100644,C100644-T2,TC
C100645,C100645-T1,TC
C100646,C100646-T1,TC
C100647,C100647-T1,TC
C100648,C100648-T1,TC
C100649,C100649-T1,TC
C100650,C100650-T1,TC
C100650,C100650-T2,TC
C100651,C100651-T1,TC
C100652,C100652-T1,TC
C100652,C100652-T2,TC
C100653,C100653-T1,TC
C100654,C100654-T1,TC
C100655,C100655-T1,TC
C100655,C100655-T2,TC
C100656,C100656-T1,TC
C100657,C100657-T1,TC
C100657,C100657-T2,TC
C100658,C100658-T1,TC
C100658,C100658-T2,TC
C100659,C100659-T1,TC
C100659,C100659-T2,TC
C100659,C100659-T3,TC
C100660,C100660-T1,TC
C100661,C100661-T1,TC
C100662,C100662-T1,TC
C100663,C100663-T1,TC
C100664,C100664-T1,TC
C100664,C100664-T2,TC
C100665,C100665-T1,TC
C100665,C100665-T2,TC
C100666,C100666-T1,TC
C100667,C100667-T1,TC
C100667,C100667-T2,TC
C100668,C100668-T1,TC
C100669,C100669-T1,TC
C100670,C100670-T1,TC
C100671,C100671-T1,TC
C100672,C100672-T1,TC
C100673,C100673-T1,TC
C100673,C100673-T2,TC
C100673,C100673-T3,TC
C100674,C100674-T1,TC
C100674,C100674-T2,TC
C100675,C100675-T1,TC
C100676,C100676-T1,TC
C100677,C100677-T1,TC
C100677,C100677-T2,TC
C100678,C100678-T1,TC
C100679,C100679-T1,TC
C100679,C100679-T2,TC
C100680,C100680-T1,TC
C100680,C100680-T2,TC
C100681,C100681-T1,TC
C100682,C100682-T1,TC
C100683,C100683-T1,TC
C100683,C100683-T2,TC
C100684,C100684-T1,TC
C100685,C100685-T1,TC
C100685,C100685-T2,TC
C100686,C100686-T1,TC
C100686,C100686-T2,TC
C100687,C100687-T1,TC
C100687,C100687-T2,TC
C100688,C100688-T1,TC
C100688,C100688-T2,TC
C100688,C100688-T3,TC
C100689,C100689-T1,TC
C100689,C100689-T2,TC
C100690,C100690-T1,TC
C100690,C100690-T2,TC
C100690,C100690-T3,TC
C100691,C100691-T1,TC
C100692,C100692-T1,TC
C100693,C100693-T1,TC
C100694,C100694-T1,TC
C100695,C100695-T1,TC
C100696,C100696-T1,TC
C100696,C100696-T2,TC
C100697,C100697-T1,TC
C100698,C100698-T1,TC
C100698,C100698-T2,TC
C100699,C100699-T1,TC
C100700,C100700-T1,TC
C100700,C100700-T2,TC
C100700,C100700-T3,TC
C100701,C100701-T1,TC
C100701,C100701-T2,TC
C100702,C100702-T1,TC
C100703,C100703-T1,TC
C100704,C100704-T1,TC
C100705,C100705-T1,TC
C100705,C100705-T2,TC
C100706,C100706-T1,TC
C100706,C100706-T2,TC
C100707,C100707-T1,TC
C100708,C100708-T1,TC
C100709,C100709-T1,TC
C100709,C100709-T2,TC
C100710,C100710-T1,TC
C100711,C100711-T1,TC
C100712,C100712-T1,TC
C100713,C100713-T1,TC
C100713,C100713-T2,TC
C100713,C100713-T3,TC
C100714,C100714-T1,TC
C100714,C100714-T2,TC
C100715,C100715-T1,TC
C100715,C100715-T2,TC
C100716,C100716-T1,TC
C100717,C100717-T1,TC
C100717,C100717-T2,TC
C100718,C100718-T1,TC
C100718,C100718-T2,TC
C100719,C100719-T1,TC
C100720,C100720-T1,TC
C100721,C100721-T1,TC
C100722,C100722-T1,TC
C100723,C100723-T1,TC
C100724,C100724-T1,TC
C100725,C100725-T1,TC
C100725,C100725-T2,TC
C100726,C100726-T1,TC
C100727,C100727-T1,TC
C100727,C100727-T2,TC
C100728,C100728-T1,TC
C100729,C100729-T1,TC
C100729,C100729-T2,TC
C100730,C100730-T1,TC
C100730,C100730-T2,TC
C100731,C100731-T1,TC
C100731,C100731-T2,TC
C100732,C100732-T1,TC
C100733,C100733-T1,TC
C100733,C100733-T2,TC
C100734,C100734-T1,TC
C100734,C100734-T2,TC
C100735,C100735-T1,TC
C100735,C100735-T2,TC
C100736,C100736-T1,TC
C100737,C100737-T1,TC
C100738,C100738-T1,TC
C100739,C100739-T1,TC
C100739,C100739-T2,TC
C100739,C100739-T3,TC
C100740,C100740-T1,TC
C100741,C100741-T1,TC
C100742,C100742-T1,TC
C100743,C100743-T1,TC
C100744,C100744-T1,TC
C100745,C100745-T1,TC
C100746,C100746-T1,TC
C100746,C100746-T2,TC
C100747,C100747-T1,TC
C100748,C100748-T1,TC
C100748,C100748-T2,TC
C100749,C100749-T1,TC
C100750,C100750-T1,TC
C100751,C100751-T1,TC
C100752,C100752-T1,TC
C100753,C100753-T1,TC
C100754,C100754-T1,TC
C100755,C100755-T1,TC
C100756,C100756-T1,TC
C100756,C100756-T2,TC
C100756,C100756-T3,TC
C100757,C100757-T1,TC
C100758,C100758-T1,TC
C100759,C100759-T1,TC
C100760,C100760-T1,TC
C100761,C100761-T1,TC
C100762,C100762-T1,TC
C100763,C100763-T1,TC
C100764,C100764-T1,TC
C100765,C100765-T1,TC
C100766,C100766-T1,TC
C100766,C100766-T2,TC
C100766,C100766-T3,TC
C100767,C100767-T1,TC
C100767,C100767-T2,TC
C100767,C100767-T3,TC
C100768,C100768-T1,TC
C100769,C100769-T1,TC
C100770,C100770-T1,TC
C100770,C100770-T2,TC
C100770,C100770-T3,TC
C100771,C100771-T1,TC
C100772,C100772-T1,TC
C100772,C100772-T2,TC
C100772,C100772-T3,TC
C100773,C100773-T1,TC
C100774,C100774-T1,TC
C100775,C100775-T1,TC
C100775,C100775-T2,TC
C100775,C100775-T3,TC
C100776,C100776-T1,TC
C100777,C100777-T1,TC
C100778,C100778-T1,TC
C100778,C100778-T2,TC
C100779,C100779-T1,TC
C100779,C100779-T2,TC
C100780,C100780-T1,TC
C100780,C100780-T2,TC
C100781,C100781-T1,TC
C100782,C100782-T1,TC
C100783,C100783-T1,TC
C100783,C100783-T2,TC
C100784,C100784-T1,TC
C100784,C100784-T2,TC
C100785,C100785-T1,TC
C100786,C100786-T1,TC
C100786,C100786-T2,TC
C100787,C100787-T1,TC
C100788,C100788-T1,TC
C100788,C100788-T2,TC
C100789,C100789-T1,TC
C100789,C100789-T2,TC
C100790,C100790-T1,TC
C100791,C100791-T1,TC
C100792,C100792-T1,TC
C100792,C100792-T2,TC
C100793,C100793-T1,TC
C100794,C100794-T1,TC
C100794,C100794-T2,TC
C100795,C100795-T1,TC
C100795,C100795-T2,TC
C100795,C100795-T3,TC
C100796,C100796-T1,TC
C100796,C100796-T2,TC
C100797,C100797-T1,TC
C100798,C100798-T1,TC
C100799,C100799-T1,TC
C100800,C100800-T1,TC
C100800,C100800-T2,TC
C100801,C100801-T1,TC
C100802,C100802-T1,TC
C100803,C100803-T1,TC
C100803,C100803-T2,TC
C100803,C100803-T3,TC
C100804,C100804-T1,TC
C100805,C100805-T1,TC
C100805,C100805-T2,TC
C100806,C100806-T1,TC
C100807,C100807-T1,TC
C100808,C100808-T1,TC
C100809,C100809-T1,TC
C100809,C100809-T2,TC
C100809,C100809-T3,TC
C100810,C100810-T1,TC
C100810,C100810-T2,TC
C100811,C100811-T1,TC
C100811,C100811-T2,TC
C100812,C100812-T1,TC
C100813,C100813-T1,TC
C100814,C100814-T1,TC
C100815,C100815-T1,TC
C100815,C100815-T2,TC
C100816,C100816-T1,TC
C100816,C100816-T2,TC
C100817,C100817-T1,TC
C100818,C100818-T1,TC
C100819,C100819-T1,TC
C100820,C100820-T1,TC
C100820,C100820-T2,TC
C100821,C100821-T1,TC
C100822,C100822-T1,TC
C100823,C100823-T1,TC
C100824,C100824-T1,TC
C100825,C100825-T1,TC
C100826,C100826-T1,TC
C100827,C100827-T1,TC
C100828,C100828-T1,TC
C100828,C100828-T2,TC
C100829,C100829-T1,TC
C100829,C100829-T2,TC
C100830,C100830-T1,TC
C100831,C100831-T1,TC
C100831,C100831-T2,TC
C100832,C100832-T1,TC
C100833,C100833-T1,TC
C100833,C100833-T2,TC
C100834,C100834-T1,TC
C100835,C100835-T1,TC
C100836,C100836-T1,TC
C100836,C100836-T2,TC
C100837,C100837-T1,TC
C100837,C100837-T2,TC
C100838,C100838-T1,TC
C100839,C100839-T1,TC
C100840,C100840-T1,TC
C100841,C100841-T1,TC
C100841,C100841-T2,TC
C100841,C100841-T3,TC
C100842,C100842-T1,TC
C100843,C100843-T1,TC
C100844,C100844-T1,TC
C100845,C100845-T1,TC
C100846,C100846-T1,TC
C100846,C100846-T2,TC
C100847,C100847-T1,TC
C100847,C100847-T2,TC
C100847,C100847-T3,TC
C100848,C100848-T1,TC
C100848,C100848-T2,TC
C100849,C100849-T1,TC
C100849,C100849-T2,TC
C100850,C100850-T1,TC
C100851,C100851-T1,TC
C100851,C100851-T2,TC
C100852,C100852-T1,TC
C100853,C100853-T1,TC
C100854,C100854-T1,TC
C100854,C100854-T2,TC
C100854,C100854-T3,TC
C100855,C100855-T1,TC
C100855,C100855-T2,TC
C100856,C100856-T1,TC
C100856,C100856-T2,TC
C100856,C100856-T3,TC
C100857,C100857-T1,TC
C100858,C100858-T1,TC
C100859,C100859-T1,TC
C100860,C100860-T1,TC
C100861,C100861-T1,TC
C100862,C100862-T1,TC
C100863,C100863-T1,TC
C100863,C100863-T2,TC
C100864,C100864-T1,TC
C100864,C100864-T2,TC
C100865,C100865-T1,TC
C100865,C100865-T2,TC
C100866,C100866-T1,TC
C100867,C100867-T1,TC
C100867,C100867-T2,TC
C100868,C100868-T1,TC
C100869,C100869-T1,TC
C100870,C100870-T1,TC
C100870,C100870-T2,TC
C100871,C100871-T1,TC
C100871,C100871-T2,TC
C100872,C100872-T1,TC
C100873,C100873-T1,TC
C100873,C100873-T2,TC
C100874,C100874-T1,TC
C100874,C100874-T2,TC
C100874,C100874-T3,TC
C100875,C100875-T1,TC
C100876,C100876-T1,TC
C100877,C100877-T1,TC
C100878,C100878-T1,TC
C100878,C100878-T2,TC
C100879,C100879-T1,TC
C100880,C100880-T1,TC
C100881,C100881-T1,TC
C100882,C100882-T1,TC
C100883,C100883-T1,TC
C100883,C100883-T2,TC
C100884,C100884-T1,TC
C100885,C100885-T1,TC
C100885,C100885-T2,TC
C100886,C100886-T1,TC
C100887,C100887-T1,TC
C100887,C100887-T2,TC
C100888,C100888-T1,TC
C100889,C100889-T1,TC
C100890,C100890-T1,TC
C100891,C100891-T1,TC
C100891,C100891-T2,TC
C100892,C100892-T1,TC
C100893,C100893-T1,TC
C100894,C100894-T1,TC
C100894,C100894-T2,TC
C100895,C100895-T1,TC
C100896,C100896-T1,TC
C100896,C100896-T2,TC
C100897,C100897-T1,TC
C100898,C100898-T1,TC
C100899,C100899-T1,TC
C100900,C100900-T1,TC
C100901,C100901-T1,TC
C100902,C100902-T1,TC
C100902,C100902-T2,TC
C100902,C100902-T3,TC
C100903,C100903-T1,TC
C100903,C100903-T2,TC
C100904,C100904-T1,TC
C100905,C100905-T1,TC
C100905,C100905-T2,TC
C100906,C100906-T1,TC
C100906,C100906-T2,TC
C100907,C100907-T1,TC
C100907,C100907-T2,TC
C100907,C100907-T3,TC
C100908,C100908-T1,TC
C100908,C100908-T2,TC
C100909,C100909-T1,TC
C100910,C100910-T1,TC
C100911,C100911-T1,TC
C100911,C100911-T2,TC
C100911,C100911-T3,TC
C100912,C100912-T1,TC
C100913,C100913-T1,TC
C100913,C100913-T2,TC
C100913,C100913-T3,TC
C100914,C100914-T1,TC
C100915,C100915-T1,TC
C100916,C100916-T1,TC
C100916,C100916-T2,TC
C100917,C100917-T1,TC
C100917,C100917-T2,TC
C100917,C100917-T3,TC
C100918,C100918-T1,TC
C100919,C100919-T1,TC
C100920,C100920-T1,TC
C100921,C100921-T1,TC
C100921,C100921-T2,TC
C100922,C100922-T1,TC
C100923,C100923-T1,TC
C100923,C100923-T2,TC
C100924,C100924-T1,TC
C100924,C100924-T2,TC
C100924,C100924-T3,TC
C100925,C100925-T1,TC
C100925,C100925-T2,TC
C100926,C100926-T1,TC
C100926,C100926-T2,TC
C100927,C100927-T1,TC
C100928,C100928-T1,TC
C100929,C100929-T1,TC
C100930,C100930-T1,TC
C100930,C100930-T2,TC
C100931,C100931-T1,TC
C100932,C100932-T1,TC
C100932,C100932-T2,TC
C100933,C100933-T1,TC
C100933,C100933-T2,TC
C100934,C100934-T1,TC
C100934,C100934-T2,TC
C100935,C100935-T1,TC
C100936,C100936-T1,TC
C100937,C100937-T1,TC
C100937,C100937-T2,TC
C100937,C100937-T3,TC
C100938,C100938-T1,TC
C100938,C100938-T2,TC
C100938,C100938-T3,TC
C100939,C100939-T1,TC
C100939,C100939-T2,TC
C100939,C100939-T3,TC
C100940,C100940-T1,TC
C100941,C100941-T1,TC
C100941,C100941-T2,TC
C100942,C100942-T1,TC
C100943,C100943-T1,TC
C100943,C100943-T2,TC
C100944,C100944-T1,TC
C100944,C100944-T2,TC
C100945,C100945-T1,TC
C100945,C100945-T2,TC
C100946,C100946-T1,TC
C100946,C100946-T2,TC
C100946,C100946-T3,TC
C100947,C100947-T1,TC
C100947,C100947-T2,TC
C100947,C100947-T3,TC
C100948,C100948-T1,TC
C100949,C100949-T1,TC
C100950,C100950-T1,TC
C100951,C100951-T1,TC
C100951,C100951-T2,TC
C100952,C100952-T1,TC
C100953,C100953-T1,TC
C100953,C100953-T2,TC
C100953,C100953-T3,TC
C100954,C100954-T1,TC
C100955,C100955-T1,TC
C100956,C100956-T1,TC
C100956,C100956-T2,TC
C100957,C100957-T1,TC
C100958,C100958-T1,TC
C100959,C100959-T1,TC
C100960,C100960-T1,TC
C100961,C100961-T1,TC
C100961,C100961-T2,TC
C100962,C100962-T1,TC
C100962,C100962-T2,TC
C100963,C100963-T1,TC
C100963,C100963-T2,TC
C100964,C100964-T1,TC
C100964,C100964-T2,TC
C100965,C100965-T1,TC
C100965,C100965-T2,TC
C100966,C100966-T1,TC
C100966,C100966-T2,TC
C100966,C100966-T3,TC
C100967,C100967-T1,TC
C100968,C100968-T1,TC
C100968,C100968-T2,TC
C100969,C100969-T1,TC
C100969,C100969-T2,TC
C100970,C100970-T1,TC
C100971,C100971-T1,TC
C100972,C100972-T1,TC
C100972,C100972-T2,TC
C100973,C100973-T1,TC
C100973,C100973-T2,TC
C100973,C100973-T3,TC
C100974,C100974-T1,TC
C100974,C100974-T2,TC
C100974,C100974-T3,TC
C100975,C100975-T1,TC
C100975,C100975-T2,TC
C100975,C100975-T3,TC
C100976,C100976-T1,TC
C100977,C100977-T1,TC
C100977,C100977-T2,TC
C100978,C100978-T1,TC
C100978,C100978-T2,TC
C100979,C100979-T1,TC
C100979,C100979-T2,TC
C100980,C100980-T1,TC
C100980,C100980-T2,TC
C100981,C100981-T1,TC
C100982,C100982-T1,TC
C100983,C100983-T1,TC
C100984,C100984-T1,TC
C100985,C100985-T1,TC
C100986,C100986-T1,TC
C100987,C100987-T1,TC
C100988,C100988-T1,TC
C100988,C100988-T2,TC
C100989,C100989-T1,TC
C100990,C100990-T1,TC
C100990,C100990-T2,TC
C100991,C100991-T1,TC
C100991,C100991-T2,TC
C100992,C100992-T1,TC
C100992,C100992-T2,TC
C100993,C100993-T1,TC
C100994,C100994-T1,TC
C100995,C100995-T1,TC
C100995,C100995-T2,TC
C100996,C100996-T1,TC
C100996,C100996-T2,TC
C100997,C100997-T1,TC
C100998,C100998-T1,TC
C100998,C100998-T2,TC
C100999,C100999-T1,TC
C101000,C101000-T1,TC
C101001,C101001-T1,TC
C101001,C101001-T2,TC
C101001,C101001-T3,TC
C101002,C101002-T1,TC
C101002,C101002-T2,TC
C101003,C101003-T1,TC
C101003,C101003-T2,TC
C101004,C101004-T1,TC
C101005,C101005-T1,TC
C101005,C101005-T2,TC
C101006,C101006-T1,TC
C101006,C101006-T2,TC
C101007,C101007-T1,TC
C101007,C101007-T2,TC
C101008,C101008-T1,TC
C101009,C101009-T1,TC
C101010,C101010-T1,TC
C101010,C101010-T2,TC
C101011,C101011-T1,TC
C101011,C101011-T2,TC
C101011,C101011-T3,TC
C101012,C101012-T1,TC
C101012,C101012-T2,TC
C101012,C101012-T3,TC
C101013,C101013-T1,TC
C101013,C101013-T2,TC
C101014,C101014-T1,TC
C101015,C101015-T1,TC
C101016,C101016-T1,TC
C101016,C101016-T2,TC
C101016,C101016-T3,TC
C101017,C101017-T1,TC
C101017,C101017-T2,TC
C101017,C101017-T3,TC
C101018,C101018-T1,TC
C101019,C101019-T1,TC
C101020,C101020-T1,TC
C101020,C101020-T2,TC
C101021,C101021-T1,TC
C101022,C101022-T1,TC
C101022,C101022-T2,TC
C101023,C101023-T1,TC
C101024,C101024-T1,TC
C101024,C101024-T2,TC
C101024,C101024-T3,TC
C101025,C101025-T1,TC
C101026,C101026-T1,TC
C101026,C101026-T2,TC
C101027,C101027-T1,TC
C101028,C101028-T1,TC
C101028,C101028-T2,TC
C101029,C101029-T1,TC
C101030,C101030-T1,TC
C101030,C101030-T2,TC
C101030,C101030-T3,TC
C101031,C101031-T1,TC
C101031,C101031-T2,TC
C101032,C101032-T1,TC
C101033,C101033-T1,TC
C101033,C101033-T2,TC
C101034,C101034-T1,TC
C101034,C101034-T2,TC
C101034,C101034-T3,TC
C101035,C101035-T1,TC
C101036,C101036-T1,TC
C101037,C101037-T1,TC
C101037,C101037-T2,TC
C101037,C101037-T3,TC
C101038,C101038-T1,TC
C101039,C101039-T1,TC
C101040,C101040-T1,TC
C101041,C101041-T1,TC
C101041,C101041-T2,TC
C101042,C101042-T1,TC
C101042,C101042-T2,TC
C101043,C101043-T1,TC
C101044,C101044-T1,TC
C101045,C101045-T1,TC
C101045,C101045-T2,TC
C101046,C101046-T1,TC
C101047,C101047-T1,TC
C101048,C101048-T1,TC
C101049,C101049-T1,TC
C101050,C101050-T1,TC
C101050,C101050-T2,TC
C101051,C101051-T1,TC
C101052,C101052-T1,TC
C101052,C101052-T2,TC
C101053,C101053-T1,TC
C101054,C101054-T1,TC
C101055,C101055-T1,TC
C101055,C101055-T2,TC
C101056,C101056-T1,TC
C101056,C101056-T2,TC
C101057,C101057-T1,TC
C101058,C101058-T1,TC
C101059,C101059-T1,TC
C101060,C101060-T1,TC
C101061,C101061-T1,TC
C101061,C101061-T2,TC
C101062,C101062-T1,TC
C101062,C101062-T2,TC
C101063,C101063-T1,TC
C101064,C101064-T1,TC
C101065,C101065-T1,TC
C101066,C101066-T1,TC
C101066,C101066-T2,TC
C101066,C101066-T3,TC
C101067,C101067-T1,TC
C101067,C101067-T2,TC
C101068,C101068-T1,TC
C101068,C101068-T2,TC
C101068,C101068-T3,TC
C101069,C101069-T1,TC
C101069,C101069-T2,TC
C101070,C101070-T1,TC
C101071,C101071-T1,TC
C101071,C101071-T2,TC
C101072,C101072-T1,TC
C101073,C101073-T1,TC
C101073,C101073-T2,TC
C101074,C101074-T1,TC
C101075,C101075-T1,TC
C101075,C101075-T2,TC
C101076,C101076-T1,TC
C101077,C101077-T1,TC
C101077,C101077-T2,TC
C101077,C101077-T3,TC
C101078,C101078-T1,TC
C101079,C101079-T1,TC
C101080,C101080-T1,TC
C101081,C101081-T1,TC
C101082,C101082-T1,TC
C101083,C101083-T1,TC
C101083,C101083-T2,TC
C101084,C101084-T1,TC
C101084,C101084-T2,TC
C101085,C101085-T1,TC
C101086,C101086-T1,TC
C101087,C101087-T1,TC
C101088,C101088-T1,TC
C101088,C101088-T2,TC
C101089,C101089-T1,TC
C101089,C101089-T2,TC
C101090,C101090-T1,TC
C101090,C101090-T2,TC
C101091,C101091-T1,TC
C101091,C101091-T2,TC
C101092,C101092-T1,TC
C101092,C101092-T2,TC
C101093,C101093-T1,TC
C101093,C101093-T2,TC
C101093,C101093-T3,TC
C101094,C101094-T1,TC
C101095,C101095-T1,TC
C101095,C101095-T2,TC
C101096,C101096-T1,TC
C101097,C101097-T1,TC
C101098,C101098-T1,TC
C101098,C101098-T2,TC
C101099,C101099-T1,TC
C101100,C101100-T1,TC
C101100,C101100-T2,TC
C101101,C101101-T1,TC
C101101,C101101-T2,TC
C101102,C101102-T1,TC
C101103,C101103-T1,TC
C101103,C101103-T2,TC
C101104,C101104-T1,TC
C101105,C101105-T1,TC
C101106,C101106-T1,TC
C101107,C101107-T1,TC
C101107,C101107-T2,TC
C101108,C101108-T1,TC
C101109,C101109-T1,TC
C101110,C101110-T1,TC
C101111,C101111-T1,TC
C101111,C101111-T2,TC
C101111,C101111-T3,TC
C101112,C101112-T1,TC
C101113,C101113-T1,TC
C101114,C101114-T1,TC
C101115,C101115-T1,TC
C101116,C101116-T1,TC
C101117,C101117-T1,TC
C101118,C101118-T1,TC
C101118,C101118-T2,TC
C101119,C101119-T1,TC
C101120,C101120-T1,TC
C101120,C101120-T2,TC
C101121,C101121-T1,TC
C101122,C101122-T1,TC
C101123,C101123-T1,TC
C101123,C101123-T2,TC
C101124,C101124-T1,TC
C101125,C101125-T1,TC
C101126,C101126-T1,TC
C101127,C101127-T1,TC
C101128,C101128-T1,TC
C101129,C101129-T1,TC
C101130,C101130-T1,TC
C101131,C101131-T1,TC
C101132,C101132-T1,TC
C101133,C101133-T1,TC
C101134,C101134-T1,TC
C101134,C101134-T2,TC
C101135,C101135-T1,TC
C101136,C101136-T1,TC
C101136,C101136-T2,TC
C101136,C101136-T3,TC
C101137,C101137-T1,TC
C101138,C101138-T1,TC
C101139,C101139-T1,TC
C101139,C101139-T2,TC
C101139,C101139-T3,TC
C101140,C101140-T1,TC
C101140,C101140-T2,TC
C101140,C101140-T3,TC
C101141,C101141-T1,TC
C101141,C101141-T2,TC
C101142,C101142-T1,TC
C101143,C101143-T1,TC
C101144,C101144-T1,TC
C101144,C101144-T2,TC
C101145,C101145-T1,TC
C101146,C101146-T1,TC
C101146,C101146-T2,TC
C101147,C101147-T1,TC
C101148,C101148-T1,TC
C101149,C101149-T1,TC
C101150,C101150-T1,TC
C101151,C101151-T1,TC
C101152,C101152-T1,TC
C101153,C101153-T1,TC
C101153,C101153-T2,TC
C101154,C101154-T1,TC
C101155,C101155-T1,TC
C101155,C101155-T2,TC
C101156,C101156-T1,TC
C101157,C101157-T1,TC
C101158,C101158-T1,TC
C101159,C101159-T1,TC
C101159,C101159-T2,TC
C101160,C101160-T1,TC
C101161,C101161-T1,TC
C101162,C101162-T1,TC
C101162,C101162-T2,TC
C101162,C101162-T3,TC
C101163,C101163-T1,TC
C101164,C101164-T1,TC
C101165,C101165-T1,TC
C101165,C101165-T2,TC
C101166,C101166-T1,TC
C101167,C101167-T1,TC
C101168,C101168-T1,TC
C101168,C101168-T2,TC
C101169,C101169-T1,TC
C101169,C101169-T2,TC
C101170,C101170-T1,TC
C101171,C101171-T1,TC
C101172,C101172-T1,TC
C101173,C101173-T1,TC
C101174,C101174-T1,TC
C101174,C101174-T2,TC
C101175,C101175-T1,TC
C101175,C101175-T2,TC
C101176,C101176-T1,TC
C101177,C101177-T1,TC
C101178,C101178-T1,TC
C101178,C101178-T2,TC
C101178,C101178-T3,TC
C101179,C101179-T1,TC
C101180,C101180-T1,TC
C101180,C101180-T2,TC
C101181,C101181-T1,TC
C101182,C101182-T1,TC
C101182,C101182-T2,TC
C101183,C101183-T1,TC
C101184,C101184-T1,TC
C101184,C101184-T2,TC
C101185,C101185-T1,TC
C101186,C101186-T1,TC
C101186,C101186-T2,TC
C101187,C101187-T1,TC
C101187,C101187-T2,TC
C101187,C101187-T3,TC
C101188,C101188-T1,TC
C101188,C101188-T2,TC
C101189,C101189-T1,TC
C101190,C101190-T1,TC
C101191,C101191-T1,TC
C101191,C101191-T2,TC
C101192,C101192-T1,TC
C101192,C101192-T2,TC
C101192,C101192-T3,TC
C101193,C101193-T1,TC
C101194,C101194-T1,TC
C101195,C101195-T1,TC
C101196,C101196-T1,TC
C101197,C101197-T1,TC
C101198,C101198-T1,TC
C101199,C101199-T1,TC
C101199,C101199-T2,TC
C101200,C101200-T1,TC
C101200,C101200-T2,TC
C101201,C101201-T1,TC
C101201,C101201-T2,TC
C101202,C101202-T1,TC
C101203,C101203-T1,TC
C101204,C101204-T1,TC
C101205,C101205-T1,TC
C101206,C101206-T1,TC
C101206,C101206-T2,TC
C101206,C101206-T3,TC
C101207,C101207-T1,TC
C101207,C101207-T2,TC
C101208,C101208-T1,TC
C101208,C101208-T2,TC
C101209,C101209-T1,TC
C101209,C101209-T2,TC
C101210,C101210-T1,TC
C101211,C101211-T1,TC
C101212,C101212-T1,TC
C101213,C101213-T1,TC
C101214,C101214-T1,TC
C101214,C101214-T2,TC
C101215,C101215-T1,TC
C101215,C101215-T2,TC
C101215,C101215-T3,TC
C101216,C101216-T1,TC
C101217,C101217-T1,TC
C101218,C101218-T1,TC
C101219,C101219-T1,TC
C101220,C101220-T1,TC
C101221,C101221-T1,TC
C101222,C101222-T1,TC
C101223,C101223-T1,TC
C101223,C101223-T2,TC
C101224,C101224-T1,TC
C101224,C101224-T2,TC
C101224,C101224-T3,TC
C101225,C101225-T1,TC
C101226,C101226-T1,TC
C101226,C101226-T2,TC
C101226,C101226-T3,TC
C101227,C101227-T1,TC
C101227,C101227-T2,TC
C101228,C101228-T1,TC
C101228,C101228-T2,TC
C101229,C101229-T1,TC
C101230,C101230-T1,TC
C101231,C101231-T1,TC
C101231,C101231-T2,TC
C101232,C101232-T1,TC
C101233,C101233-T1,TC
C101234,C101234-T1,TC
C101235,C101235-T1,TC
C101236,C101236-T1,TC
C101237,C101237-T1,TC
C101237,C101237-T2,TC
C101237,C101237-T3,TC
C101238,C101238-T1,TC
C101239,C101239-T1,TC
C101240,C101240-T1,TC
C101240,C101240-T2,TC
C101240,C101240-T3,TC
C101241,C101241-T1,TC
C101241,C101241-T2,TC
C101242,C101242-T1,TC
C101242,C101242-T2,TC
C101243,C101243-T1,TC
C101244,C101244-T1,TC
C101245,C101245-T1,TC
C101246,C101246-T1,TC
C101246,C101246-T2,TC
C101247,C101247-T1,TC
C101248,C101248-T1,TC
C101248,C101248-T2,TC
C101249,C101249-T1,TC
C101249,C101249-T2,TC
C101250,C101250-T1,TC
C101250,C101250-T2,TC
C101251,C101251-T1,TC
C101252,C101252-T1,TC
C101252,C101252-T2,TC
C101252,C101252-T3,TC
C101253,C101253-T1,TC
C101254,C101254-T1,TC
C101255,C101255-T1,TC
C101256,C101256-T1,TC
C101257,C101257-T1,TC
C101258,C101258-T1,TC
C101258,C101258-T2,TC
C101259,C101259-T1,TC
C101260,C101260-T1,TC
C101261,C101261-T1,TC
C101261,C101261-T2,TC
C101261,C101261-T3,TC
C101262,C101262-T1,TC
C101263,C101263-T1,TC
C101264,C101264-T1,TC
C101264,C101264-T2,TC
C101265,C101265-T1,TC
C101265,C101265-T2,TC
C101266,C101266-T1,TC
C101267,C101267-T1,TC
C101268,C101268-T1,TC
C101269,C101269-T1,TC
C101269,C101269-T2,TC
C101270,C101270-T1,TC
C101271,C101271-T1,TC
C101272,C101272-T1,TC
C101273,C101273-T1,TC
C101274,C101274-T1,TC
C101275,C101275-T1,TC
C101275,C101275-T2,TC
C101276,C101276-T1,TC
C101277,C101277-T1,TC
C101278,C101278-T1,TC
C101278,C101278-T2,TC
C101279,C101279-T1,TC
C101279,C101279-T2,TC
C101279,C101279-T3,TC
C101280,C101280-T1,TC
C101281,C101281-T1,TC
C101281,C101281-T2,TC
C101282,C101282-T1,TC
C101283,C101283-T1,TC
C101284,C101284-T1,TC
C101284,C101284-T2,TC
C101285,C101285-T1,TC
C101285,C101285-T2,TC
C101286,C101286-T1,TC
C101287,C101287-T1,TC
C101288,C101288-T1,TC
C101288,C101288-T2,TC
C101289,C101289-T1,TC
C101289,C101289-T2,TC
C101290,C101290-T1,TC
C101291,C101291-T1,TC
C101292,C101292-T1,TC
C101293,C101293-T1,TC
C101294,C101294-T1,TC
C101295,C101295-T1,TC
C101296,C101296-T1,TC
C101296,C101296-T2,TC
C101296,C101296-T3,TC
C101297,C101297-T1,TC
C101298,C101298-T1,TC
C101299,C101299-T1,TC
C101299,C101299-T2,TC
C101300,C101300-T1,TC
C101300,C101300-T2,TC
C101301,C101301-T1,TC
C101302,C101302-T1,TC
C101302,C101302-T2,TC
C101303,C101303-T1,TC
C101304,C101304-T1,TC
C101305,C101305-T1,TC
C101305,C101305-T2,TC
C101305,C101305-T3,TC
C101306,C101306-T1,TC
C101307,C101307-T1,TC
C101308,C101308-T1,TC
C101309,C101309-T1,TC
C101309,C101309-T2,TC
C101310,C101310-T1,TC
C101310,C101310-T2,TC
C101310,C101310-T3,TC
C101311,C101311-T1,TC
C101311,C101311-T2,TC
C101312,C101312-T1,TC
C101313,C101313-T1,TC
C101313,C101313-T2,TC
C101314,C101314-T1,TC
C101315,C101315-T1,TC
C101316,C101316-T1,TC
C101316,C101316-T2,TC
C101317,C101317-T1,TC
C101317,C101317-T2,TC
C101317,C101317-T3,TC
C101318,C101318-T1,TC
C101318,C101318-T2,TC
C101319,C101319-T1,TC
C101320,C101320-T1,TC
C101321,C101321-T1,TC
C101321,C101321-T2,TC
C101322,C101322-T1,TC
C101323,C101323-T1,TC
C101323,C101323-T2,TC
C101324,C101324-T1,TC
C101325,C101325-T1,TC
C101325,C101325-T2,TC
C101326,C101326-T1,TC
C101327,C101327-T1,TC
C101328,C101328-T1,TC
C101328,C101328-T2,TC
C101329,C101329-T1,TC
C101329,C101329-T2,TC
C101330,C101330-T1,TC
C101330,C101330-T2,TC
C101330,C101330-T3,TC
C101331,C101331-T1,TC
C101331,C101331-T2,TC
C101332,C101332-T1,TC
C101333,C101333-T1,TC
C101334,C101334-T1,TC
C101334,C101334-T2,TC
C101335,C101335-T1,TC
C101336,C101336-T1,TC
C101336,C101336-T2,TC
C101337,C101337-T1,TC
C101337,C101337-T2,TC
C101338,C101338-T1,TC
C101338,C101338-T2,TC
C101339,C101339-T1,TC
C101340,C101340-T1,TC
C101341,C101341-T1,TC
C101341,C101341-T2,TC
C101342,C101342-T1,TC
C101342,C101342-T2,TC
C101343,C101343-T1,TC
C101344,C101344-T1,TC
C101345,C101345-T1,TC
C101346,C101346-T1,TC
C101346,C101346-T2,TC
C101347,C101347-T1,TC
C101348,C101348-T1,TC
C101349,C101349-T1,TC
C101350,C101350-T1,TC
C101350,C101350-T2,TC
C101350,C101350-T3,TC
C101351,C101351-T1,TC
C101352,C101352-T1,TC
C101353,C101353-T1,TC
C101353,C101353-T2,TC
C101354,C101354-T1,TC
C101355,C101355-T1,TC
C101356,C101356-T1,TC
C101356,C101356-T2,TC
C101357,C101357-T1,TC
C101357,C101357-T2,TC
C101358,C101358-T1,TC
C101359,C101359-T1,TC
C101360,C101360-T1,TC
C101361,C101361-T1,TC
C101362,C101362-T1,TC
C101363,C101363-T1,TC
C101364,C101364-T1,TC
C101365,C101365-T1,TC
C101365,C101365-T2,TC
C101366,C101366-T1,TC
C101367,C101367-T1,TC
C101368,C101368-T1,TC
C101368,C101368-T2,TC
C101369,C101369-T1,TC
C101369,C101369-T2,TC
C101370,C101370-T1,TC
C101371,C101371-T1,TC
C101372,C101372-T1,TC
C101373,C101373-T1,TC
C101374,C101374-T1,TC
C101375,C101375-T1,TC
C101376,C101376-T1,TC
C101377,C101377-T1,TC
C101377,C101377-T2,TC
C101378,C101378-T1,TC
C101378,C101378-T2,TC
C101378,C101378-T3,TC
C101379,C101379-T1,TC
C101380,C101380-T1,TC
C101381,C101381-T1,TC
C101382,C101382-T1,TC
C101383,C101383-T1,TC
C101384,C101384-T1,TC
C101385,C101385-T1,TC
C101386,C101386-T1,TC
C101387,C101387-T1,TC
C101387,C101387-T2,TC
C101388,C101388-T1,TC
C101388,C101388-T2,TC
C101388,C101388-T3,TC
C101389,C101389-T1,TC
C101389,C101389-T2,TC
C101389,C101389-T3,TC
C101390,C101390-T1,TC
C101390,C101390-T2,TC
C101391,C101391-T1,TC
C101391,C101391-T2,TC
C101392,C101392-T1,TC
C101393,C101393-T1,TC
C101394,C101394-T1,TC
C101395,C101395-T1,TC
C101396,C101396-T1,TC
C101396,C101396-T2,TC
C101397,C101397-T1,TC
C101398,C101398-T1,TC
C101399,C101399-T1,TC
C101400,C101400-T1,TC
C101400,C101400-T2,TC
C101401,C101401-T1,TC
C101401,C101401-T2,TC
C101402,C101402-T1,TC
C101403,C101403-T1,TC
C101403,C101403-T2,TC
C101404,C101404-T1,TC
C101405,C101405-T1,TC
C101405,C101405-T2,TC
C101405,C101405-T3,TC
C101406,C101406-T1,TC
C101406,C101406-T2,TC
C101406,C101406-T3,TC
C101407,C101407-T1,TC
C101408,C101408-T1,TC
C101409,C101409-T1,TC
C101410,C101410-T1,TC
C101410,C101410-T2,TC
C101410,C101410-T3,TC
C101411,C101411-T1,TC
C101411,C101411-T2,TC
C101412,C101412-T1,TC
C101413,C101413-T1,TC
C101414,C101414-T1,TC
C101415,C101415-T1,TC
C101416,C101416-T1,TC
C101417,C101417-T1,TC
C101417,C101417-T2,TC
C101418,C101418-T1,TC
C101419,C101419-T1,TC
C101420,C101420-T1,TC
C101421,C101421-T1,TC
C101422,C101422-T1,TC
C101422,C101422-T2,TC
C101423,C101423-T1,TC
C101424,C101424-T1,TC
C101425,C101425-T1,TC
C101426,C101426-T1,TC
C101427,C101427-T1,TC
C101427,C101427-T2,TC
C101428,C101428-T1,TC
C101428,C101428-T2,TC
C101429,C101429-T1,TC
C101430,C101430-T1,TC
C101430,C101430-T2,TC
C101431,C101431-T1,TC
C101431,C101431-T2,TC
C101432,C101432-T1,TC
C101433,C101433-T1,TC
C101434,C101434-T1,TC
C101435,C101435-T1,TC
C101436,C101436-T1,TC
C101437,C101437-T1,TC
C101437,C101437-T2,TC
C101438,C101438-T1,TC
C101438,C101438-T2,TC
C101439,C101439-T1,TC
C101440,C101440-T1,TC
C101440,C101440-T2,TC
C101441,C101441-T1,TC
C101442,C101442-T1,TC
C101443,C101443-T1,TC
C101444,C101444-T1,TC
C101445,C101445-T1,TC
C101446,C101446-T1,TC
C101447,C101447-T1,TC
C101447,C101447-T2,TC
C101448,C101448-T1,TC
C101449,C101449-T1,TC
C101450,C101450-T1,TC
C101451,C101451-T1,TC
C101452,C101452-T1,TC
C101452,C101452-T2,TC
C101453,C101453-T1,TC
C101454,C101454-T1,TC
C101454,C101454-T2,TC
C101455,C101455-T1,TC
C101456,C101456-T1,TC
C101457,C101457-T1,TC
C101458,C101458-T1,TC
C101458,C101458-T2,TC
C101458,C101458-T3,TC
C101459,C101459-T1,TC
C101459,C101459-T2,TC
C101460,C101460-T1,TC
C101460,C101460-T2,TC
C101461,C101461-T1,TC
C101462,C101462-T1,TC
C101463,C101463-T1,TC
C101463,C101463-T2,TC
C101464,C101464-T1,TC
C101464,C101464-T2,TC
C101464,C101464-T3,TC
C101465,C101465-T1,TC
C101466,C101466-T1,TC
C101467,C101467-T1,TC
C101468,C101468-T1,TC
C101468,C101468-T2,TC
C101469,C101469-T1,TC
C101470,C101470-T1,TC
C101471,C101471-T1,TC
C101471,C101471-T2,TC
C101472,C101472-T1,TC
C101472,C101472-T2,TC
C101473,C101473-T1,TC
C101474,C101474-T1,TC
C101474,C101474-T2,TC
C101475,C101475-T1,TC
C101476,C101476-T1,TC
C101477,C101477-T1,TC
C101478,C101478-T1,TC
C101479,C101479-T1,TC
C101479,C101479-T2,TC
C101480,C101480-T1,TC
C101481,C101481-T1,TC
C101481,C101481-T2,TC
C101482,C101482-T1,TC
C101483,C101483-T1,TC
C101484,C101484-T1,TC
C101484,C101484-T2,TC
C101485,C101485-T1,TC
C101485,C101485-T2,TC
C101486,C101486-T1,TC
C101487,C101487-T1,TC
C101487,C101487-T2,TC
C101488,C101488-T1,TC
C101488,C101488-T2,TC
C101489,C101489-T1,TC
C101490,C101490-T1,TC
C101491,C101491-T1,TC
C101492,C101492-T1,TC
C101492,C101492-T2,TC
C101493,C101493-T1,TC
C101493,C101493-T2,TC
C101494,C101494-T1,TC
C101495,C101495-T1,TC
C101496,C101496-T1,TC
C101497,C101497-T1,TC
C101498,C101498-T1,TC
C101498,C101498-T2,TC
C101499,C101499-T1,TC
C101499,C101499-T2,TC
C101500,C101500-T1,TC
C101501,C101501-T1,TC
C101502,C101502-T1,TC
C101503,C101503-T1,TC
C101504,C101504-T1,TC
C101504,C101504-T2,TC
C101504,C101504-T3,TC
C101505,C101505-T1,TC
C101506,C101506-T1,TC
C101507,C101507-T1,TC
C101508,C101508-T1,TC
C101508,C101508-T2,TC
C101509,C101509-T1,TC
C101510,C101510-T1,TC
C101510,C101510-T2,TC
C101511,C101511-T1,TC
C101511,C101511-T2,TC
C101512,C101512-T1,TC
C101512,C101512-T2,TC
C101513,C101513-T1,TC
C101513,C101513-T2,TC
C101514,C101514-T1,TC
C101514,C101514-T2,TC
C101515,C101515-T1,TC
C101516,C101516-T1,TC
C101517,C101517-T1,TC
C101517,C101517-T2,TC
C101517,C101517-T3,TC
C101518,C101518-T1,TC
C101518,C101518-T2,TC
C101518,C101518-T3,TC
C101519,C101519-T1,TC
C101519,C101519-T2,TC
C101519,C101519-T3,TC
C101520,C101520-T1,TC
C101520,C101520-T2,TC
C101521,C101521-T1,TC
C101521,C101521-T2,TC
C101522,C101522-T1,TC
C101522,C101522-T2,TC
C101523,C101523-T1,TC
C101523,C101523-T2,TC
C101523,C101523-T3,TC
C101524,C101524-T1,TC
C101525,C101525-T1,TC
C101526,C101526-T1,TC
C101527,C101527-T1,TC
C101528,C101528-T1,TC
C101529,C101529-T1,TC
C101529,C101529-T2,TC
C101530,C101530-T1,TC
C101530,C101530-T2,TC
C101531,C101531-T1,TC
C101531,C101531-T2,TC
C101531,C101531-T3,TC
C101532,C101532-T1,TC
C101533,C101533-T1,TC
C101533,C101533-T2,TC
C101533,C101533-T3,TC
C101534,C101534-T1,TC
C101534,C101534-T2,TC
C101535,C101535-T1,TC
C101536,C101536-T1,TC
C101537,C101537-T1,TC
C101537,C101537-T2,TC
C101537,C101537-T3,TC
C101538,C101538-T1,TC
C101538,C101538-T2,TC
C101538,C101538-T3,TC
C101539,C101539-T1,TC
C101539,C101539-T2,TC
C101539,C101539-T3,TC
C101540,C101540-T1,TC
C101540,C101540-T2,TC
C101541,C101541-T1,TC
C101541,C101541-T2,TC
C101542,C101542-T1,TC
C101542,C101542-T2,TC
C101543,C101543-T1,TC
C101544,C101544-T1,TC
C101544,C101544-T2,TC
C101545,C101545-T1,TC
C101546,C101546-T1,TC
C101547,C101547-T1,TC
C101548,C101548-T1,TC
C101548,C101548-T2,TC
C101549,C101549-T1,TC
C101549,C101549-T2,TC
C101550,C101550-T1,TC
C101550,C101550-T2,TC
C101551,C101551-T1,TC
C101552,C101552-T1,TC
C101553,C101553-T1,TC
C101554,C101554-T1,TC
C101554,C101554-T2,TC
C101555,C101555-T1,TC
C101555,C101555-T2,TC
C101555,C101555-T3,TC
C101556,C101556-T1,TC
C101557,C101557-T1,TC
C101558,C101558-T1,TC
C101558,C101558-T2,TC
C101559,C101559-T1,TC
C101560,C101560-T1,TC
C101561,C101561-T1,TC
C101562,C101562-T1,TC
C101563,C101563-T1,TC
C101564,C101564-T1,TC
C101565,C101565-T1,TC
C101565,C101565-T2,TC
C101566,C101566-T1,TC
C101567,C101567-T1,TC
C101568,C101568-T1,TC
C101569,C101569-T1,TC
C101569,C101569-T2,TC
C101569,C101569-T3,TC
C101570,C101570-T1,TC
C101571,C101571-T1,TC
C101572,C101572-T1,TC
C101572,C101572-T2,TC
C101572,C101572-T3,TC
C101573,C101573-T1,TC
C101573,C101573-T2,TC
C101574,C101574-T1,TC
C101574,C101574-T2,TC
C101575,C101575-T1,TC
C101575,C101575-T2,TC
C101576,C101576-T1,TC
C101577,C101577-T1,TC
C101578,C101578-T1,TC
C101578,C101578-T2,TC
C101579,C101579-T1,TC
C101580,C101580-T1,TC
C101580,C101580-T2,TC
C101581,C101581-T1,TC
C101582,C101582-T1,TC
C101582,C101582-T2,TC
C101583,C101583-T1,TC
C101584,C101584-T1,TC
C101585,C101585-T1,TC
C101586,C101586-T1,TC
C101587,C101587-T1,TC
C101588,C101588-T1,TC
C101588,C101588-T2,TC
C101589,C101589-T1,TC
C101589,C101589-T2,TC
C101590,C101590-T1,TC
C101591,C101591-T1,TC
C101592,C101592-T1,TC
C101593,C101593-T1,TC
C101594,C101594-T1,TC
C101595,C101595-T1,TC
C101596,C101596-T1,TC
C101597,C101597-T1,TC
C101598,C101598-T1,TC
C101599,C101599-T1,TC
C101600,C101600-T1,TC
C101600,C101600-T2,TC
C101601,C101601-T1,TC
C101602,C101602-T1,TC
C101603,C101603-T1,TC
C101604,C101604-T1,TC
C101605,C101605-T1,TC
C101606,C101606-T1,TC
C101606,C101606-T2,TC
C101607,C101607-T1,TC
C101608,C101608-T1,TC
C101609,C101609-T1,TC
C101609,C101609-T2,TC
C101610,C101610-T1,TC
C101611,C101611-T1,TC
C101612,C101612-T1,TC
C101613,C101613-T1,TC
C101613,C101613-T2,TC
C101614,C101614-T1,TC
C101615,C101615-T1,TC
C101615,C101615-T2,TC
C101616,C101616-T1,TC
C101617,C101617-T1,TC
C101618,C101618-T1,TC
C101619,C101619-T1,TC
C101620,C101620-T1,TC
C101621,C101621-T1,TC
C101622,C101622-T1,TC
C101623,C101623-T1,TC
C101624,C101624-T1,TC
C101624,C101624-T2,TC
C101625,C101625-T1,TC
C101625,C101625-T2,TC
C101626,C101626-T1,TC
C101626,C101626-T2,TC
C101627,C101627-T1,TC
C101627,C101627-T2,TC
C101627,C101627-T3,TC
C101628,C101628-T1,TC
C101628,C101628-T2,TC
C101629,C101629-T1,TC
C101629,C101629-T2,TC
C101630,C101630-T1,TC
C101631,C101631-T1,TC
C101632,C101632-T1,TC
C101632,C101632-T2,TC
C101633,C101633-T1,TC
C101633,C101633-T2,TC
C101634,C101634-T1,TC
C101634,C101634-T2,TC
C101634,C101634-T3,TC
C101635,C101635-T1,TC
C101636,C101636-T1,TC
C101636,C101636-T2,TC
C101637,C101637-T1,TC
C101638,C101638-T1,TC
C101639,C101639-T1,TC
C101640,C101640-T1,TC
C101640,C101640-T2,TC
C101640,C101640-T3,TC
C101641,C101641-T1,TC
C101642,C101642-T1,TC
C101643,C101643-T1,TC
C101644,C101644-T1,TC
C101645,C101645-T1,TC
C101646,C101646-T1,TC
C101647,C101647-T1,TC
C101647,C101647-T2,TC
C101648,C101648-T1,TC
C101648,C101648-T2,TC
C101649,C101649-T1,TC
C101649,C101649-T2,TC
C101649,C101649-T3,TC
C101650,C101650-T1,TC
C101650,C101650-T2,TC
C101651,C101651-T1,TC
C101651,C101651-T2,TC
C101652,C101652-T1,TC
C101653,C101653-T1,TC
C101653,C101653-T2,TC
C101654,C101654-T1,TC
C101654,C101654-T2,TC
C101654,C101654-T3,TC
C101655,C101655-T1,TC
C101655,C101655-T2,TC
C101655,C101655-T3,TC
C101656,C101656-T1,TC
C101657,C101657-T1,TC
C101657,C101657-T2,TC
C101657,C101657-T3,TC
C101658,C101658-T1,TC
C101659,C101659-T1,TC
C101660,C101660-T1,TC
C101661,C101661-T1,TC
C101662,C101662-T1,TC
C101662,C101662-T2,TC
C101663,C101663-T1,TC
C101664,C101664-T1,TC
C101665,C101665-T1,TC
C101666,C101666-T1,TC
C101666,C101666-T2,TC
C101666,C101666-T3,TC
C101667,C101667-T1,TC
C101668,C101668-T1,TC
C101668,C101668-T2,TC
C101668,C101668-T3,TC
C101669,C101669-T1,TC
C101670,C101670-T1,TC
C101670,C101670-T2,TC
C101671,C101671-T1,TC
C101672,C101672-T1,TC
C101672,C101672-T2,TC
C101673,C101673-T1,TC
C101674,C101674-T1,TC
C101675,C101675-T1,TC
C101676,C101676-T1,TC
C101677,C101677-T1,TC
C101677,C101677-T2,TC
C101678,C101678-T1,TC
C101679,C101679-T1,TC
C101679,C101679-T2,TC
C101680,C101680-T1,TC
C101680,C101680-T2,TC
C101680,C101680-T3,TC
C101681,C101681-T1,TC
C101681,C101681-T2,TC
C101681,C101681-T3,TC
C101682,C101682-T1,TC
C101683,C101683-T1,TC
C101684,C101684-T1,TC
C101685,C101685-T1,TC
C101685,C101685-T2,TC
C101686,C101686-T1,TC
C101687,C101687-T1,TC
C101688,C101688-T1,TC
C101689,C101689-T1,TC
C101690,C101690-T1,TC
C101691,C101691-T1,TC
C101691,C101691-T2,TC
C101692,C101692-T1,TC
C101692,C101692-T2,TC
C101693,C101693-T1,TC
C101694,C101694-T1,TC
C101694,C101694-T2,TC
C101694,C101694-T3,TC
C101695,C101695-T1,TC
C101695,C101695-T2,TC
C101696,C101696-T1,TC
C101697,C101697-T1,TC
C101697,C101697-T2,TC
C101698,C101698-T1,TC
C101699,C101699-T1,TC
C101700,C101700-T1,TC
C101701,C101701-T1,TC
C101702,C101702-T1,TC
C101703,C101703-T1,TC
C101704,C101704-T1,TC
C101704,C101704-T2,TC
C101705,C101705-T1,TC
C101706,C101706-T1,TC
C101707,C101707-T1,TC
C101707,C101707-T2,TC
C101708,C101708-T1,TC
C101709,C101709-T1,TC
C101710,C101710-T1,TC
C101710,C101710-T2,TC
C101711,C101711-T1,TC
C101712,C101712-T1,TC
C101712,C101712-T2,TC
C101712,C101712-T3,TC
C101713,C101713-T1,TC
C101713,C101713-T2,TC
C101714,C101714-T1,TC
C101714,C101714-T2,TC
C101715,C101715-T1,TC
C101716,C101716-T1,TC
C101717,C101717-T1,TC
C101718,C101718-T1,TC
C101718,C101718-T2,TC
C101719,C101719-T1,TC
C101719,C101719-T2,TC
C101719,C101719-T3,TC
C101720,C101720-T1,TC
C101721,C101721-T1,TC
C101722,C101722-T1,TC
C101722,C101722-T2,TC
C101723,C101723-T1,TC
C101723,C101723-T2,TC
C101724,C101724-T1,TC
C101724,C101724-T2,TC
C101724,C101724-T3,TC
C101725,C101725-T1,TC
C101726,C101726-T1,TC
C101727,C101727-T1,TC
C101727,C101727-T2,TC
C101728,C101728-T1,TC
C101728,C101728-T2,TC
C101729,C101729-T1,TC
C101730,C101730-T1,TC
C101730,C101730-T2,TC
C101731,C101731-T1,TC
C101732,C101732-T1,TC
C101733,C101733-T1,TC
C101733,C101733-T2,TC
C101734,C101734-T1,TC
C101735,C101735-T1,TC
C101735,C101735-T2,TC
C101736,C101736-T1,TC
C101737,C101737-T1,TC
C101737,C101737-T2,TC
C101738,C101738-T1,TC
C101738,C101738-T2,TC
C101739,C101739-T1,TC
C101740,C101740-T1,TC
C101741,C101741-T1,TC
C101741,C101741-T2,TC
C101742,C101742-T1,TC
C101742,C101742-T2,TC
C101743,C101743-T1,TC
C101743,C101743-T2,TC
C101744,C101744-T1,TC
C101745,C101745-T1,TC
C101746,C101746-T1,TC
C101746,C101746-T2,TC
C101747,C101747-T1,TC
C101748,C101748-T1,TC
C101749,C101749-T1,TC
C101750,C101750-T1,TC
C101751,C101751-T1,TC
C101751,C101751-T2,TC
C101752,C101752-T1,TC
C101752,C101752-T2,TC
C101752,C101752-T3,TC
C101753,C101753-T1,TC
C101753,C101753-T2,TC
C101754,C101754-T1,TC
C101754,C101754-T2,TC
C101755,C101755-T1,TC
C101756,C101756-T1,TC
C101757,C101757-T1,TC
C101757,C101757-T2,TC
C101758,C101758-T1,TC
C101758,C101758-T2,TC
C101758,C101758-T3,TC
C101759,C101759-T1,TC
C101760,C101760-T1,TC
C101761,C101761-T1,TC
C101762,C101762-T1,TC
C101763,C101763-T1,TC
C101763,C101763-T2,TC
C101764,C101764-T1,TC
C101764,C101764-T2,TC
C101765,C101765-T1,TC
C101766,C101766-T1,TC
C101766,C101766-T2,TC
C101767,C101767-T1,TC
C101767,C101767-T2,TC
C101768,C101768-T1,TC
C101769,C101769-T1,TC
C101770,C101770-T1,TC
C101771,C101771-T1,TC
C101772,C101772-T1,TC
C101773,C101773-T1,TC
C101774,C101774-T1,TC
C101774,C101774-T2,TC
C101774,C101774-T3,TC
C101775,C101775-T1,TC
C101775,C101775-T2,TC
C101776,C101776-T1,TC
C101776,C101776-T2,TC
C101776,C101776-T3,TC
C101777,C101777-T1,TC
C101777,C101777-T2,TC
C101778,C101778-T1,TC
C101778,C101778-T2,TC
C101779,C101779-T1,TC
C101780,C101780-T1,TC
C101781,C101781-T1,TC
C101781,C101781-T2,TC
C101782,C101782-T1,TC
C101782,C101782-T2,TC
C101783,C101783-T1,TC
C101784,C101784-T1,TC
C101784,C101784-T2,TC
C101784,C101784-T3,TC
C101785,C101785-T1,TC
C101785,C101785-T2,TC
C101786,C101786-T1,TC
C101787,C101787-T1,TC
C101787,C101787-T2,TC
C101788,C101788-T1,TC
C101789,C101789-T1,TC
C101790,C101790-T1,TC
C101791,C101791-T1,TC
C101792,C101792-T1,TC
C101793,C101793-T1,TC
C101794,C101794-T1,TC
C101794,C101794-T2,TC
C101795,C101795-T1,TC
C101796,C101796-T1,TC
C101796,C101796-T2,TC
C101797,C101797-T1,TC
C101798,C101798-T1,TC
C101798,C101798-T2,TC
C101799,C101799-T1,TC
C101800,C101800-T1,TC
C101800,C101800-T2,TC
C101801,C101801-T1,TC
C101802,C101802-T1,TC
C101802,C101802-T2,TC
C101803,C101803-T1,TC
C101804,C101804-T1,TC
C101805,C101805-T1,TC
C101806,C101806-T1,TC
C101807,C101807-T1,TC
C101807,C101807-T2,TC
C101808,C101808-T1,TC
C101809,C101809-T1,TC
C101809,C101809-T2,TC
C101810,C101810-T1,TC
C101810,C101810-T2,TC
C101811,C101811-T1,TC
C101811,C101811-T2,TC
C101812,C101812-T1,TC
C101813,C101813-T1,TC
C101814,C101814-T1,TC
C101815,C101815-T1,TC
C101816,C101816-T1,TC
C101816,C101816-T2,TC
C101817,C101817-T1,TC
C101818,C101818-T1,TC
C101819,C101819-T1,TC
C101819,C101819-T2,TC
C101819,C101819-T3,TC
C101820,C101820-T1,TC
C101821,C101821-T1,TC
C101821,C101821-T2,TC
C101822,C101822-T1,TC
C101823,C101823-T1,TC
C101824,C101824-T1,TC
C101825,C101825-T1,TC
C101826,C101826-T1,TC
C101827,C101827-T1,TC
C101828,C101828-T1,TC
C101829,C101829-T1,TC
C101830,C101830-T1,TC
C101831,C101831-T1,TC
C101832,C101832-T1,TC
C101833,C101833-T1,TC
C101834,C101834-T1,TC
C101834,C101834-T2,TC
C101835,C101835-T1,TC
C101835,C101835-T2,TC
C101836,C101836-T1,TC
C101836,C101836-T2,TC
C101837,C101837-T1,TC
C101838,C101838-T1,TC
C101838,C101838-T2,TC
C101839,C101839-T1,TC
C101839,C101839-T2,TC
C101839,C101839-T3,TC
C101840,C101840-T1,TC
C101840,C101840-T2,TC
C101841,C101841-T1,TC
C101841,C101841-T2,TC
C101842,C101842-T1,TC
C101843,C101843-T1,TC
C101843,C101843-T2,TC
C101843,C101843-T3,TC
C101844,C101844-T1,TC
C101844,C101844-T2,TC
C101845,C101845-T1,TC
C101846,C101846-T1,TC
C101847,C101847-T1,TC
C101847,C101847-T2,TC
C101848,C101848-T1,TC
C101849,C101849-T1,TC
C101850,C101850-T1,TC
C101851,C101851-T1,TC
C101851,C101851-T2,TC
C101852,C101852-T1,TC
C101853,C101853-T1,TC
C101853,C101853-T2,TC
C101854,C101854-T1,TC
C101855,C101855-T1,TC
C101856,C101856-T1,TC
C101857,C101857-T1,TC
C101858,C101858-T1,TC
C101859,C101859-T1,TC
C101859,C101859-T2,TC
C101860,C101860-T1,TC
C101861,C101861-T1,TC
C101862,C101862-T1,TC
C101862,C101862-T2,TC
C101863,C101863-T1,TC
C101864,C101864-T1,TC
C101865,C101865-T1,TC
C101865,C101865-T2,TC
C101865,C101865-T3,TC
C101866,C101866-T1,TC
C101867,C101867-T1,TC
C101867,C101867-T2,TC
C101868,C101868-T1,TC
C101868,C101868-T2,TC
C101869,C101869-T1,TC
C101870,C101870-T1,TC
C101871,C101871-T1,TC
C101872,C101872-T1,TC
C101873,C101873-T1,TC
C101874,C101874-T1,TC
C101875,C101875-T1,TC
C101875,C101875-T2,TC
C101876,C101876-T1,TC
C101877,C101877-T1,TC
C101877,C101877-T2,TC
C101878,C101878-T1,TC
C101879,C101879-T1,TC
C101880,C101880-T1,TC
C101881,C101881-T1,TC
C101882,C101882-T1,TC
C101883,C101883-T1,TC
C101884,C101884-T1,TC
C101884,C101884-T2,TC
C101884,C101884-T3,TC
C101885,C101885-T1,TC
C101886,C101886-T1,TC
C101886,C101886-T2,TC
C101887,C101887-T1,TC
C101887,C101887-T2,TC
C101888,C101888-T1,TC
C101889,C101889-T1,TC
C101890,C101890-T1,TC
C101891,C101891-T1,TC
C101891,C101891-T2,TC
C101891,C101891-T3,TC
C101892,C101892-T1,TC
C101893,C101893-T1,TC
C101894,C101894-T1,TC
C101895,C101895-T1,TC
C101895,C101895-T2,TC
C101895,C101895-T3,TC
C101896,C101896-T1,TC
C101897,C101897-T1,TC
C101898,C101898-T1,TC
C101899,C101899-T1,TC
C101899,C101899-T2,TC
C101899,C101899-T3,TC
C101900,C101900-T1,TC
C101901,C101901-T1,TC
C101901,C101901-T2,TC
C101902,C101902-T1,TC
C101902,C101902-T2,TC
C101903,C101903-T1,TC
C101904,C101904-T1,TC
C101905,C101905-T1,TC
C101905,C101905-T2,TC
C101905,C101905-T3,TC
C101906,C101906-T1,TC
C101907,C101907-T1,TC
C101908,C101908-T1,TC
C101909,C101909-T1,TC
C101909,C101909-T2,TC
C101910,C101910-T1,TC
C101910,C101910-T2,TC
C101911,C101911-T1,TC
C101911,C101911-T2,TC
C101912,C101912-T1,TC
C101913,C101913-T1,TC
C101914,C101914-T1,TC
C101915,C101915-T1,TC
C101915,C101915-T2,TC
C101915,C101915-T3,TC
C101916,C101916-T1,TC
C101917,C101917-T1,TC
C101917,C101917-T2,TC
C101917,C101917-T3,TC
C101918,C101918-T1,TC
C101918,C101918-T2,TC
C101919,C101919-T1,TC
C101920,C101920-T1,TC
C101921,C101921-T1,TC
C101922,C101922-T1,TC
C101922,C101922-T2,TC
C101923,C101923-T1,TC
C101923,C101923-T2,TC
C101924,C101924-T1,TC
C101924,C101924-T2,TC
C101924,C101924-T3,TC
C101925,C101925-T1,TC
C101925,C101925-T2,TC
C101926,C101926-T1,TC
C101927,C101927-T1,TC
C101928,C101928-T1,TC
C101928,C101928-T2,TC
C101929,C101929-T1,TC
C101930,C101930-T1,TC
C101931,C101931-T1,TC
C101931,C101931-T2,TC
C101932,C101932-T1,TC
C101933,C101933-T1,TC
C101934,C101934-T1,TC
C101935,C101935-T1,TC
C101936,C101936-T1,TC
C101937,C101937-T1,TC
C101937,C101937-T2,TC
C101938,C101938-T1,TC
C101939,C101939-T1,TC
C101939,C101939-T2,TC
C101940,C101940-T1,TC
C101941,C101941-T1,TC
C101942,C101942-T1,TC
C101943,C101943-T1,TC
C101944,C101944-T1,TC
C101944,C101944-T2,TC
C101945,C101945-T1,TC
C101946,C101946-T1,TC
C101947,C101947-T1,TC
C101948,C101948-T1,TC
C101948,C101948-T2,TC
C101949,C101949-T1,TC
C101950,C101950-T1,TC
C101951,C101951-T1,TC
C101951,C101951-T2,TC
C101951,C101951-T3,TC
C101952,C101952-T1,TC
C101953,C101953-T1,TC
C101954,C101954-T1,TC
C101954,C101954-T2,TC
C101955,C101955-T1,TC
C101956,C101956-T1,TC
C101957,C101957-T1,TC
C101957,C101957-T2,TC
C101958,C101958-T1,TC
C101959,C101959-T1,TC
C101960,C101960-T1,TC
C101961,C101961-T1,TC
C101962,C101962-T1,TC
C101963,C101963-T1,TC
C101964,C101964-T1,TC
C101964,C101964-T2,TC
C101965,C101965-T1,TC
C101965,C101965-T2,TC
C101965,C101965-T3,TC
C101966,C101966-T1,TC
C101967,C101967-T1,TC
C101967,C101967-T2,TC
C101968,C101968-T1,TC
C101968,C101968-T2,TC
C101969,C101969-T1,TC
C101970,C101970-T1,TC
C101970,C101970-T2,TC
C101971,C101971-T1,TC
C101972,C101972-T1,TC
C101973,C101973-T1,TC
C101973,C101973-T2,TC
C101974,C101974-T1,TC
C101974,C101974-T2,TC
C101974,C101974-T3,TC
C101975,C101975-T1,TC
C101975,C101975-T2,TC
C101976,C101976-T1,TC
C101976,C101976-T2,TC
C101977,C101977-T1,TC
C101978,C101978-T1,TC
C101979,C101979-T1,TC
C101980,C101980-T1,TC
C101981,C101981-T1,TC
C101981,C101981-T2,TC
C101982,C101982-T1,TC
C101982,C101982-T2,TC
C101983,C101983-T1,TC
C101983,C101983-T2,TC
C101984,C101984-T1,TC
C101984,C101984-T2,TC
C101985,C101985-T1,TC
C101986,C101986-T1,TC
C101987,C101987-T1,TC
C101988,C101988-T1,TC
C101988,C101988-T2,TC
C101989,C101989-T1,TC
C101989,C101989-T2,TC
C101990,C101990-T1,TC
C101990,C101990-T2,TC
C101991,C101991-T1,TC
C101992,C101992-T1,TC
C101992,C101992-T2,TC
C101993,C101993-T1,TC
C101994,C101994-T1,TC
C101994,C101994-T2,TC
C101994,C101994-T3,TC
C101995,C101995-T1,TC
C101995,C101995-T2,TC
C101996,C101996-T1,TC
C101997,C101997-T1,TC
C101998,C101998-T1,TC
C101998,C101998-T2,TC
C101999,C101999-T1,TC
C101999,C101999-T2,TC
C102000,C102000-T1,TC
C102000,C102000-T2,TC
C102001,C102001-T1,TC
C102001,C102001-T2,TC
C102002,C102002-T1,TC
C102003,C102003-T1,TC
C102004,C102004-T1,TC
C102004,C102004-T2,TC
C102005,C102005-T1,TC
C102006,C102006-T1,TC
C102007,C102007-T1,TC
C102008,C102008-T1,TC
C102009,C102009-T1,TC
C102009,C102009-T2,TC
C102010,C102010-T1,TC
C102010,C102010-T2,TC
C102011,C102011-T1,TC
C102011,C102011-T2,TC
C102012,C102012-T1,TC
C102013,C102013-T1,TC
C102014,C102014-T1,TC
C102014,C102014-T2,TC
C102015,C102015-T1,TC
C102016,C102016-T1,TC
C102016,C102016-T2,TC
C102017,C102017-T1,TC
C102017,C102017-T2,TC
C102017,C102017-T3,TC
C102018,C102018-T1,TC
C102018,C102018-T2,TC
C102019,C102019-T1,TC
C102019,C102019-T2,TC
C102020,C102020-T1,TC
C102021,C102021-T1,TC
C102021,C102021-T2,TC
C102021,C102021-T3,TC
C102022,C102022-T1,TC
C102022,C102022-T2,TC
C102023,C102023-T1,TC
C102024,C102024-T1,TC
C102025,C102025-T1,TC
C102025,C102025-T2,TC
C102026,C102026-T1,TC
C102027,C102027-T1,TC
C102027,C102027-T2,TC
C102028,C102028-T1,TC
C102029,C102029-T1,TC
C102029,C102029-T2,TC
C102029,C102029-T3,TC
C102030,C102030-T1,TC
C102031,C102031-T1,TC
C102032,C102032-T1,TC
C102033,C102033-T1,TC
C102033,C102033-T2,TC
C102034,C102034-T1,TC
C102034,C102034-T2,TC
C102035,C102035-T1,TC
C102036,C102036-T1,TC
C102037,C102037-T1,TC
C102038,C102038-T1,TC
C102039,C102039-T1,TC
C102040,C102040-T1,TC
C102041,C102041-T1,TC
C102042,C102042-T1,TC
C102043,C102043-T1,TC
C102044,C102044-T1,TC
C102044,C102044-T2,TC
C102045,C102045-T1,TC
C102045,C102045-T2,TC
C102046,C102046-T1,TC
C102047,C102047-T1,TC
C102047,C102047-T2,TC
C102048,C102048-T1,TC
C102049,C102049-T1,TC
C102050,C102050-T1,TC
C102050,C102050-T2,TC
C102051,C102051-T1,TC
C102051,C102051-T2,TC
C102051,C102051-T3,TC
C102052,C102052-T1,TC
C102052,C102052-T2,TC
C102053,C102053-T1,TC
C102053,C102053-T2,TC
C102053,C102053-T3,TC
C102054,C102054-T1,TC
C102054,C102054-T2,TC
C102055,C102055-T1,TC
C102056,C102056-T1,TC
C102057,C102057-T1,TC
C102058,C102058-T1,TC
C102059,C102059-T1,TC
C102060,C102060-T1,TC
C102061,C102061-T1,TC
C102061,C102061-T2,TC
C102062,C102062-T1,TC
C102062,C102062-T2,TC
C102062,C102062-T3,TC
C102063,C102063-T1,TC
C102063,C102063-T2,TC
C102064,C102064-T1,TC
C102065,C102065-T1,TC
C102066,C102066-T1,TC
C102066,C102066-T2,TC
C102066,C102066-T3,TC
C102067,C102067-T1,TC
C102067,C102067-T2,TC
C102068,C102068-T1,TC
C102069,C102069-T1,TC
C102069,C102069-T2,TC
C102070,C102070-T1,TC
C102070,C102070-T2,TC
C102071,C102071-T1,TC
C102072,C102072-T1,TC
C102072,C102072-T2,TC
C102073,C102073-T1,TC
C102073,C102073-T2,TC
C102073,C102073-T3,TC
C102074,C102074-T1,TC
C102075,C102075-T1,TC
C102076,C102076-T1,TC
C102076,C102076-T2,TC
C102077,C102077-T1,TC
C102078,C102078-T1,TC
C102078,C102078-T2,TC
C102078,C102078-T3,TC
C102079,C102079-T1,TC
C102080,C102080-T1,TC
C102081,C102081-T1,TC
C102082,C102082-T1,TC
C102082,C102082-T2,TC
C102082,C102082-T3,TC
C102083,C102083-T1,TC
C102083,C102083-T2,TC
C102084,C102084-T1,TC
C102085,C102085-T1,TC
C102086,C102086-T1,TC
C102086,C102086-T2,TC
C102086,C102086-T3,TC
C102087,C102087-T1,TC
C102087,C102087-T2,TC
C102088,C102088-T1,TC
C102088,C102088-T2,TC
C102088,C102088-T3,TC
C102089,C102089-T1,TC
C102090,C102090-T1,TC
C102090,C102090-T2,TC
C102090,C102090-T3,TC
C102091,C102091-T1,TC
C102092,C102092-T1,TC
C102093,C102093-T1,TC
C102094,C102094-T1,TC
C102095,C102095-T1,TC
C102095,C102095-T2,TC
C102095,C102095-T3,TC
C102096,C102096-T1,TC
C102096,C102096-T2,TC
C102096,C102096-T3,TC
C102097,C102097-T1,TC
C102098,C102098-T1,TC
C102099,C102099-T1,TC
C102099,C102099-T2,TC
C102099,C102099-T3,TC
C102100,C102100-T1,TC
C102101,C102101-T1,TC
C102101,C102101-T2,TC
C102102,C102102-T1,TC
C102102,C102102-T2,TC
C102102,C102102-T3,TC
C102103,C102103-T1,TC
C102103,C102103-T2,TC
C102104,C102104-T1,TC
C102104,C102104-T2,TC
C102105,C102105-T1,TC
C102105,C102105-T2,TC
C102105,C102105-T3,TC
C102106,C102106-T1,TC
C102107,C102107-T1,TC
C102108,C102108-T1,TC
C102108,C102108-T2,TC
C102109,C102109-T1,TC
C102109,C102109-T2,TC
C102110,C102110-T1,TC
C102110,C102110-T2,TC
C102111,C102111-T1,TC
C102112,C102112-T1,TC
C102113,C102113-T1,TC
C102114,C102114-T1,TC
C102114,C102114-T2,TC
C102115,C102115-T1,TC
C102116,C102116-T1,TC
C102116,C102116-T2,TC
C102116,C102116-T3,TC
C102117,C102117-T1,TC
C102118,C102118-T1,TC
C102118,C102118-T2,TC
C102118,C102118-T3,TC
C102119,C102119-T1,TC
C102120,C102120-T1,TC
C102120,C102120-T2,TC
C102120,C102120-T3,TC
C102121,C102121-T1,TC
C102122,C102122-T1,TC
C102123,C102123-T1,TC
C102124,C102124-T1,TC
C102124,C102124-T2,TC
C102125,C102125-T1,TC
C102126,C102126-T1,TC
C102126,C102126-T2,TC
C102127,C102127-T1,TC
C102127,C102127-T2,TC
C102128,C102128-T1,TC
C102129,C102129-T1,TC
C102130,C102130-T1,TC
C102130,C102130-T2,TC
C102131,C102131-T1,TC
C102132,C102132-T1,TC
C102133,C102133-T1,TC
C102133,C102133-T2,TC
C102133,C102133-T3,TC
C102134,C102134-T1,TC
C102135,C102135-T1,TC
C102136,C102136-T1,TC
C102137,C102137-T1,TC
C102138,C102138-T1,TC
C102139,C102139-T1,TC
C102139,C102139-T2,TC
C102140,C102140-T1,TC
C102140,C102140-T2,TC
C102141,C102141-T1,TC
C102141,C102141-T2,TC
C102141,C102141-T3,TC
C102142,C102142-T1,TC
C102143,C102143-T1,TC
C102144,C102144-T1,TC
C102145,C102145-T1,TC
C102146,C102146-T1,TC
C102147,C102147-T1,TC
C102147,C102147-T2,TC
C102147,C102147-T3,TC
C102148,C102148-T1,TC
C102149,C102149-T1,TC
C102150,C102150-T1,TC
C102150,C102150-T2,TC
C102151,C102151-T1,TC
C102152,C102152-T1,TC
C102152,C102152-T2,TC
C102152,C102152-T3,TC
C102153,C102153-T1,TC
C102154,C102154-T1,TC
C102154,C102154-T2,TC
C102155,C102155-T1,TC
C102155,C102155-T2,TC
C102156,C102156-T1,TC
C102156,C102156-T2,TC
C102157,C102157-T1,TC
C102158,C102158-T1,TC
C102159,C102159-T1,TC
C102160,C102160-T1,TC
C102161,C102161-T1,TC
C102161,C102161-T2,TC
C102162,C102162-T1,TC
C102162,C102162-T2,TC
C102163,C102163-T1,TC
C102164,C102164-T1,TC
C102165,C102165-T1,TC
C102166,C102166-T1,TC
C102167,C102167-T1,TC
C102167,C102167-T2,TC
C102168,C102168-T1,TC
C102169,C102169-T1,TC
C102170,C102170-T1,TC
C102170,C102170-T2,TC
C102171,C102171-T1,TC
C102172,C102172-T1,TC
C102172,C102172-T2,TC
C102173,C102173-T1,TC
C102173,C102173-T2,TC
C102174,C102174-T1,TC
C102175,C102175-T1,TC
C102176,C102176-T1,TC
C102176,C102176-T2,TC
C102177,C102177-T1,TC
C102178,C102178-T1,TC
C102178,C102178-T2,TC
C102179,C102179-T1,TC
C102180,C102180-T1,TC
C102181,C102181-T1,TC
C102182,C102182-T1,TC
C102182,C102182-T2,TC
C102183,C102183-T1,TC
C102183,C102183-T2,TC
C102184,C102184-T1,TC
C102185,C102185-T1,TC
C102186,C102186-T1,TC
C102187,C102187-T1,TC
C102188,C102188-T1,TC
C102188,C102188-T2,TC
C102188,C102188-T3,TC
C102189,C102189-T1,TC
C102189,C102189-T2,TC
C102190,C102190-T1,TC
C102191,C102191-T1,TC
C102192,C102192-T1,TC
C102193,C102193-T1,TC
C102194,C102194-T1,TC
C102195,C102195-T1,TC
C102196,C102196-T1,TC
C102196,C102196-T2,TC
C102197,C102197-T1,TC
C102197,C102197-T2,TC
C102197,C102197-T3,TC
C102198,C102198-T1,TC
C102199,C102199-T1,TC
C102200,C102200-T1,TC
C102201,C102201-T1,TC
C102201,C102201-T2,TC
C102201,C102201-T3,TC
C102202,C102202-T1,TC
C102203,C102203-T1,TC
C102203,C102203-T2,TC
C102204,C102204-T1,TC
C102205,C102205-T1,TC
C102206,C102206-T1,TC
C102207,C102207-T1,TC
C102208,C102208-T1,TC
C102209,C102209-T1,TC
C102210,C102210-T1,TC
C102211,C102211-T1,TC
C102212,C102212-T1,TC
C102213,C102213-T1,TC
C102214,C102214-T1,TC
C102215,C102215-T1,TC
C102215,C102215-T2,TC
C102216,C102216-T1,TC
C102217,C102217-T1,TC
C102217,C102217-T2,TC
C102217,C102217-T3,TC
C102218,C102218-T1,TC
C102218,C102218-T2,TC
C102219,C102219-T1,TC
C102220,C102220-T1,TC
C102220,C102220-T2,TC
C102221,C102221-T1,TC
C102221,C102221-T2,TC
C102222,C102222-T1,TC
C102223,C102223-T1,TC
C102223,C102223-T2,TC
C102224,C102224-T1,TC
C102225,C102225-T1,TC
C102226,C102226-T1,TC
C102227,C102227-T1,TC
C102228,C102228-T1,TC
C102228,C102228-T2,TC
C102229,C102229-T1,TC
C102230,C102230-T1,TC
C102231,C102231-T1,TC
C102232,C102232-T1,TC
C102232,C102232-T2,TC
C102233,C102233-T1,TC
C102233,C102233-T2,TC
C102234,C102234-T1,TC
C102235,C102235-T1,TC
C102236,C102236-T1,TC
C102237,C102237-T1,TC
C102238,C102238-T1,TC
C102238,C102238-T2,TC
C102238,C102238-T3,TC
C102239,C102239-T1,TC
C102240,C102240-T1,TC
C102241,C102241-T1,TC
C102241,C102241-T2,TC
C102242,C102242-T1,TC
C102242,C102242-T2,TC
C102243,C102243-T1,TC
C102243,C102243-T2,TC
C102244,C102244-T1,TC
C102244,C102244-T2,TC
C102245,C102245-T1,TC
C102246,C102246-T1,TC
C102247,C102247-T1,TC
C102248,C102248-T1,TC
C102249,C102249-T1,TC
C102250,C102250-T1,TC
C102250,C102250-T2,TC
C102251,C102251-T1,TC
C102251,C102251-T2,TC
C102252,C102252-T1,TC
C102252,C102252-T2,TC
C102253,C102253-T1,TC
C102253,C102253-T2,TC
C102254,C102254-T1,TC
C102254,C102254-T2,TC
C102255,C102255-T1,TC
C102256,C102256-T1,TC
C102257,C102257-T1,TC
C102257,C102257-T2,TC
C102257,C102257-T3,TC
C102258,C102258-T1,TC
C102259,C102259-T1,TC
C102260,C102260-T1,TC
C102260,C102260-T2,TC
C102260,C102260-T3,TC
C102261,C102261-T1,TC
C102262,C102262-T1,TC
C102263,C102263-T1,TC
C102264,C102264-T1,TC
C102265,C102265-T1,TC
C102266,C102266-T1,TC
C102267,C102267-T1,TC
C102268,C102268-T1,TC
C102269,C102269-T1,TC
C102269,C102269-T2,TC
C102270,C102270-T1,TC
C102271,C102271-T1,TC
C102272,C102272-T1,TC
C102273,C102273-T1,TC
C102274,C102274-T1,TC
C102274,C102274-T2,TC
C102275,C102275-T1,TC
C102275,C102275-T2,TC
C102276,C102276-T1,TC
C102276,C102276-T2,TC
C102277,C102277-T1,TC
C102277,C102277-T2,TC
C102278,C102278-T1,TC
C102278,C102278-T2,TC
C102279,C102279-T1,TC
C102279,C102279-T2,TC
C102280,C102280-T1,TC
C102281,C102281-T1,TC
C102281,C102281-T2,TC
C102281,C102281-T3,TC
C102282,C102282-T1,TC
C102283,C102283-T1,TC
C102283,C102283-T2,TC
C102284,C102284-T1,TC
C102284,C102284-T2,TC
C102285,C102285-T1,TC
C102286,C102286-T1,TC
C102287,C102287-T1,TC
C102288,C102288-T1,TC
C102289,C102289-T1,TC
C102290,C102290-T1,TC
C102291,C102291-T1,TC
C102291,C102291-T2,TC
C102291,C102291-T3,TC
C102292,C102292-T1,TC
C102293,C102293-T1,TC
C102293,C102293-T2,TC
C102294,C102294-T1,TC
C102295,C102295-T1,TC
C102296,C102296-T1,TC
C102296,C102296-T2,TC
C102297,C102297-T1,TC
C102298,C102298-T1,TC
C102299,C102299-T1,TC
C102299,C102299-T2,TC
C102300,C102300-T1,TC
C102300,C102300-T2,TC
C102301,C102301-T1,TC
C102302,C102302-T1,TC
C102302,C102302-T2,TC
C102303,C102303-T1,TC
C102303,C102303-T2,TC
C102303,C102303-T3,TC
C102304,C102304-T1,TC
C102305,C102305-T1,TC
C102306,C102306-T1,TC
C102307,C102307-T1,TC
C102307,C102307-T2,TC
C102308,C102308-T1,TC
C102309,C102309-T1,TC
C102309,C102309-T2,TC
C102310,C102310-T1,TC
C102311,C102311-T1,TC
C102311,C102311-T2,TC
C102312,C102312-T1,TC
C102313,C102313-T1,TC
C102314,C102314-T1,TC
C102315,C102315-T1,TC
C102316,C102316-T1,TC
C102317,C102317-T1,TC
C102318,C102318-T1,TC
C102318,C102318-T2,TC
C102318,C102318-T3,TC
C102319,C102319-T1,TC
C102320,C102320-T1,TC
C102321,C102321-T1,TC
C102322,C102322-T1,TC
C102323,C102323-T1,TC
C102324,C102324-T1,TC
C102325,C102325-T1,TC
C102325,C102325-T2,TC
C102325,C102325-T3,TC
C102326,C102326-T1,TC
C102327,C102327-T1,TC
C102327,C102327-T2,TC
C102328,C102328-T1,TC
C102329,C102329-T1,TC
C102329,C102329-T2,TC
C102329,C102329-T3,TC
C102330,C102330-T1,TC
C102331,C102331-T1,TC
C102332,C102332-T1,TC
C102332,C102332-T2,TC
C102333,C102333-T1,TC
C102334,C102334-T1,TC
C102335,C102335-T1,TC
C102336,C102336-T1,TC
C102336,C102336-T2,TC
C102337,C102337-T1,TC
C102338,C102338-T1,TC
C102338,C102338-T2,TC
C102339,C102339-T1,TC
C102340,C102340-T1,TC
C102340,C102340-T2,TC
C102341,C102341-T1,TC
C102341,C102341-T2,TC
C102342,C102342-T1,TC
C102343,C102343-T1,TC
C102343,C102343-T2,TC
C102344,C102344-T1,TC
C102345,C102345-T1,TC
C102346,C102346-T1,TC
C102346,C102346-T2,TC
C102347,C102347-T1,TC
C102348,C102348-T1,TC
C102348,C102348-T2,TC
C102349,C102349-T1,TC
C102349,C102349-T2,TC
C102350,C102350-T1,TC
C102351,C102351-T1,TC
C102352,C102352-T1,TC
C102352,C102352-T2,TC
C102353,C102353-T1,TC
C102354,C102354-T1,TC
C102355,C102355-T1,TC
C102355,C102355-T2,TC
C102356,C102356-T1,TC
C102356,C102356-T2,TC
C102356,C102356-T3,TC
C102357,C102357-T1,TC
C102358,C102358-T1,TC
C102358,C102358-T2,TC
C102358,C102358-T3,TC
C102359,C102359-T1,TC
C102359,C102359-T2,TC
C102360,C102360-T1,TC
C102361,C102361-T1,TC
C102362,C102362-T1,TC
C102362,C102362-T2,TC
C102363,C102363-T1,TC
C102364,C102364-T1,TC
C102365,C102365-T1,TC
C102365,C102365-T2,TC
C102365,C102365-T3,TC
C102366,C102366-T1,TC
C102366,C102366-T2,TC
C102367,C102367-T1,TC
C102367,C102367-T2,TC
C102368,C102368-T1,TC
C102368,C102368-T2,TC
C102368,C102368-T3,TC
C102369,C102369-T1,TC
C102369,C102369-T2,TC
C102370,C102370-T1,TC
C102371,C102371-T1,TC
C102372,C102372-T1,TC
C102373,C102373-T1,TC
C102374,C102374-T1,TC
C102374,C102374-T2,TC
C102375,C102375-T1,TC
C102376,C102376-T1,TC
C102377,C102377-T1,TC
C102378,C102378-T1,TC
C102379,C102379-T1,TC
C102380,C102380-T1,TC
C102381,C102381-T1,TC
C102382,C102382-T1,TC
C102382,C102382-T2,TC
C102383,C102383-T1,TC
C102383,C102383-T2,TC
C102383,C102383-T3,TC
C102384,C102384-T1,TC
C102385,C102385-T1,TC
C102386,C102386-T1,TC
C102386,C102386-T2,TC
C102387,C102387-T1,TC
C102387,C102387-T2,TC
C102388,C102388-T1,TC
C102388,C102388-T2,TC
C102389,C102389-T1,TC
C102389,C102389-T2,TC
C102390,C102390-T1,TC
C102391,C102391-T1,TC
C102392,C102392-T1,TC
C102393,C102393-T1,TC
C102393,C102393-T2,TC
C102394,C102394-T1,TC
C102395,C102395-T1,TC
C102396,C102396-T1,TC
C102396,C102396-T2,TC
C102397,C102397-T1,TC
C102398,C102398-T1,TC
C102399,C102399-T1,TC
C102400,C102400-T1,TC
C102400,C102400-T2,TC
C102401,C102401-T1,TC
C102401,C102401-T2,TC
C102401,C102401-T3,TC
C102402,C102402-T1,TC
C102402,C102402-T2,TC
C102403,C102403-T1,TC
C102403,C102403-T2,TC
C102404,C102404-T1,TC
C102404,C102404-T2,TC
C102405,C102405-T1,TC
C102406,C102406-T1,TC
C102407,C102407-T1,TC
C102408,C102408-T1,TC
C102409,C102409-T1,TC
C102409,C102409-T2,TC
C102410,C102410-T1,TC
C102411,C102411-T1,TC
C102412,C102412-T1,TC
C102413,C102413-T1,TC
C102414,C102414-T1,TC
C102414,C102414-T2,TC
C102415,C102415-T1,TC
C102416,C102416-T1,TC
C102416,C102416-T2,TC
C102417,C102417-T1,TC
C102417,C102417-T2,TC
C102418,C102418-T1,TC
C102419,C102419-T1,TC
C102419,C102419-T2,TC
C102419,C102419-T3,TC
C102420,C102420-T1,TC
C102420,C102420-T2,TC
C102421,C102421-T1,TC
C102421,C102421-T2,TC
C102422,C102422-T1,TC
C102423,C102423-T1,TC
C102424,C102424-T1,TC
C102425,C102425-T1,TC
C102426,C102426-T1,TC
C102427,C102427-T1,TC
C102427,C102427-T2,TC
C102428,C102428-T1,TC
C102429,C102429-T1,TC
C102430,C102430-T1,TC
C102431,C102431-T1,TC
C102432,C102432-T1,TC
C102433,C102433-T1,TC
C102434,C102434-T1,TC
C102435,C102435-T1,TC
C102436,C102436-T1,TC
C102436,C102436-T2,TC
C102436,C102436-T3,TC
C102437,C102437-T1,TC
C102438,C102438-T1,TC
C102438,C102438-T2,TC
C102438,C102438-T3,TC
C102439,C102439-T1,TC
C102439,C102439-T2,TC
C102439,C102439-T3,TC
C102440,C102440-T1,TC
C102440,C102440-T2,TC
C102441,C102441-T1,TC
C102441,C102441-T2,TC
C102442,C102442-T1,TC
C102442,C102442-T2,TC
C102443,C102443-T1,TC
C102444,C102444-T1,TC
C102445,C102445-T1,TC
C102446,C102446-T1,TC
C102446,C102446-T2,TC
C102447,C102447-T1,TC
C102447,C102447-T2,TC
C102448,C102448-T1,TC
C102449,C102449-T1,TC
C102450,C102450-T1,TC
C102451,C102451-T1,TC
C102452,C102452-T1,TC
C102452,C102452-T2,TC
C102453,C102453-T1,TC
C102453,C102453-T2,TC
C102453,C102453-T3,TC
C102454,C102454-T1,TC
C102455,C102455-T1,TC
C102455,C102455-T2,TC
C102455,C102455-T3,TC
C102456,C102456-T1,TC
C102456,C102456-T2,TC
C102457,C102457-T1,TC
C102458,C102458-T1,TC
C102459,C102459-T1,TC
C102459,C102459-T2,TC
C102460,C102460-T1,TC
C102460,C102460-T2,TC
C102460,C102460-T3,TC
C102461,C102461-T1,TC
C102462,C102462-T1,TC
C102463,C102463-T1,TC
C102464,C102464-T1,TC
C102465,C102465-T1,TC
C102466,C102466-T1,TC
C102466,C102466-T2,TC
C102467,C102467-T1,TC
C102468,C102468-T1,TC
C102468,C102468-T2,TC
C102469,C102469-T1,TC
C102470,C102470-T1,TC
C102471,C102471-T1,TC
C102472,C102472-T1,TC
C102473,C102473-T1,TC
C102473,C102473-T2,TC
C102474,C102474-T1,TC
C102475,C102475-T1,TC
C102476,C102476-T1,TC
C102477,C102477-T1,TC
C102478,C102478-T1,TC
C102479,C102479-T1,TC
C102479,C102479-T2,TC
C102480,C102480-T1,TC
C102481,C102481-T1,TC
C102482,C102482-T1,TC
C102482,C102482-T2,TC
C102483,C102483-T1,TC
C102484,C102484-T1,TC
C102485,C102485-T1,TC
C102485,C102485-T2,TC
C102485,C102485-T3,TC
C102486,C102486-T1,TC
C102487,C102487-T1,TC
C102488,C102488-T1,TC
C102488,C102488-T2,TC
C102489,C102489-T1,TC
C102490,C102490-T1,TC
C102491,C102491-T1,TC
C102491,C102491-T2,TC
C102492,C102492-T1,TC
C102493,C102493-T1,TC
C102494,C102494-T1,TC
C102495,C102495-T1,TC
C102495,C102495-T2,TC
C102496,C102496-T1,TC
C102497,C102497-T1,TC
C102498,C102498-T1,TC
C102499,C102499-T1,TC
C102500,C102500-T1,TC
C102500,C102500-T2,TC
C102501,C102501-T1,TC
C102502,C102502-T1,TC
C102502,C102502-T2,TC
C102503,C102503-T1,TC
C102503,C102503-T2,TC
C102504,C102504-T1,TC
C102505,C102505-T1,TC
C102506,C102506-T1,TC
C102506,C102506-T2,TC
C102507,C102507-T1,TC
C102508,C102508-T1,TC
C102509,C102509-T1,TC
C102510,C102510-T1,TC
C102511,C102511-T1,TC
C102511,C102511-T2,TC
C102511,C102511-T3,TC
C102512,C102512-T1,TC
C102513,C102513-T1,TC
C102514,C102514-T1,TC
C102515,C102515-T1,TC
C102515,C102515-T2,TC
C102516,C102516-T1,TC
C102517,C102517-T1,TC
C102518,C102518-T1,TC
C102519,C102519-T1,TC
C102520,C102520-T1,TC
C102521,C102521-T1,TC
C102521,C102521-T2,TC
C102521,C102521-T3,TC
C102522,C102522-T1,TC
C102522,C102522-T2,TC
C102523,C102523-T1,TC
C102524,C102524-T1,TC
C102525,C102525-T1,TC
C102525,C102525-T2,TC
C102526,C102526-T1,TC
C102526,C102526-T2,TC
C102527,C102527-T1,TC
C102527,C102527-T2,TC
C102528,C102528-T1,TC
C102528,C102528-T2,TC
C102529,C102529-T1,TC
C102529,C102529-T2,TC
C102530,C102530-T1,TC
C102530,C102530-T2,TC
C102531,C102531-T1,TC
C102532,C102532-T1,TC
C102533,C102533-T1,TC
C102533,C102533-T2,TC
C102534,C102534-T1,TC
C102535,C102535-T1,TC
C102536,C102536-T1,TC
C102536,C102536-T2,TC
C102537,C102537-T1,TC
C102537,C102537-T2,TC
C102538,C102538-T1,TC
C102538,C102538-T2,TC
C102539,C102539-T1,TC
C102539,C102539-T2,TC
C102540,C102540-T1,TC
C102540,C102540-T2,TC
C102541,C102541-T1,TC
C102541,C102541-T2,TC
C102542,C102542-T1,TC
C102542,C102542-T2,TC
C102543,C102543-T1,TC
C102544,C102544-T1,TC
C102545,C102545-T1,TC
C102545,C102545-T2,TC
C102546,C102546-T1,TC
C102547,C102547-T1,TC
C102548,C102548-T1,TC
C102548,C102548-T2,TC
C102549,C102549-T1,TC
C102550,C102550-T1,TC
C102550,C102550-T2,TC
C102551,C102551-T1,TC
C102552,C102552-T1,TC
C102553,C102553-T1,TC
C102554,C102554-T1,TC
C102554,C102554-T2,TC
C102555,C102555-T1,TC
C102555,C102555-T2,TC
C102556,C102556-T1,TC
C102556,C102556-T2,TC
C102557,C102557-T1,TC
C102558,C102558-T1,TC
C102559,C102559-T1,TC
C102560,C102560-T1,TC
C102560,C102560-T2,TC
C102561,C102561-T1,TC
C102561,C102561-T2,TC
C102562,C102562-T1,TC
C102563,C102563-T1,TC
C102564,C102564-T1,TC
C102564,C102564-T2,TC
C102564,C102564-T3,TC
C102565,C102565-T1,TC
C102565,C102565-T2,TC
C102566,C102566-T1,TC
C102566,C102566-T2,TC
C102567,C102567-T1,TC
C102567,C102567-T2,TC
C102568,C102568-T1,TC
C102569,C102569-T1,TC
C102570,C102570-T1,TC
C102571,C102571-T1,TC
C102572,C102572-T1,TC
C102572,C102572-T2,TC
C102573,C102573-T1,TC
C102573,C102573-T2,TC
C102574,C102574-T1,TC
C102575,C102575-T1,TC
C102576,C102576-T1,TC
C102576,C102576-T2,TC
C102577,C102577-T1,TC
C102577,C102577-T2,TC
C102578,C102578-T1,TC
C102578,C102578-T2,TC
C102578,C102578-T3,TC
C102579,C102579-T1,TC
C102579,C102579-T2,TC
C102580,C102580-T1,TC
C102581,C102581-T1,TC
C102582,C102582-T1,TC
C102583,C102583-T1,TC
C102583,C102583-T2,TC
C102584,C102584-T1,TC
C102584,C102584-T2,TC
C102585,C102585-T1,TC
C102586,C102586-T1,TC
C102586,C102586-T2,TC
C102587,C102587-T1,TC
C102587,C102587-T2,TC
C102588,C102588-T1,TC
C102588,C102588-T2,TC
C102589,C102589-T1,TC
C102590,C102590-T1,TC
C102590,C102590-T2,TC
C102591,C102591-T1,TC
C102591,C102591-T2,TC
C102591,C102591-T3,TC
C102592,C102592-T1,TC
C102593,C102593-T1,TC
C102594,C102594-T1,TC
C102595,C102595-T1,TC
C102596,C102596-T1,TC
C102597,C102597-T1,TC
C102598,C102598-T1,TC
C102598,C102598-T2,TC
C102599,C102599-T1,TC
C102600,C102600-T1,TC
C102601,C102601-T1,TC
C102602,C102602-T1,TC
C102602,C102602-T2,TC
C102602,C102602-T3,TC
C102603,C102603-T1,TC
C102604,C102604-T1,TC
C102605,C102605-T1,TC
C102606,C102606-T1,TC
C102607,C102607-T1,TC
C102608,C102608-T1,TC
C102609,C102609-T1,TC
C102609,C102609-T2,TC
C102610,C102610-T1,TC
C102611,C102611-T1,TC
C102612,C102612-T1,TC
C102613,C102613-T1,TC
C102613,C102613-T2,TC
C102614,C102614-T1,TC
C102614,C102614-T2,TC
C102615,C102615-T1,TC
C102616,C102616-T1,TC
C102617,C102617-T1,TC
C102618,C102618-T1,TC
C102619,C102619-T1,TC
C102619,C102619-T2,TC
C102619,C102619-T3,TC
C102620,C102620-T1,TC
C102621,C102621-T1,TC
C102622,C102622-T1,TC
C102623,C102623-T1,TC
C102623,C102623-T2,TC
C102624,C102624-T1,TC
C102625,C102625-T1,TC
C102626,C102626-T1,TC
C102627,C102627-T1,TC
C102628,C102628-T1,TC
C102628,C102628-T2,TC
C102629,C102629-T1,TC
C102630,C102630-T1,TC
C102630,C102630-T2,TC
C102630,C102630-T3,TC
C102631,C102631-T1,TC
C102632,C102632-T1,TC
C102632,C102632-T2,TC
C102633,C102633-T1,TC
C102634,C102634-T1,TC
C102635,C102635-T1,TC
C102635,C102635-T2,TC
C102636,C102636-T1,TC
C102637,C102637-T1,TC
C102638,C102638-T1,TC
C102638,C102638-T2,TC
C102639,C102639-T1,TC
C102640,C102640-T1,TC
C102640,C102640-T2,TC
C102640,C102640-T3,TC
C102641,C102641-T1,TC
C102641,C102641-T2,TC
C102642,C102642-T1,TC
C102643,C102643-T1,TC
C102644,C102644-T1,TC
C102645,C102645-T1,TC
C102646,C102646-T1,TC
C102646,C102646-T2,TC
C102647,C102647-T1,TC
C102648,C102648-T1,TC
C102649,C102649-T1,TC
C102650,C102650-T1,TC
C102650,C102650-T2,TC
C102651,C102651-T1,TC
C102652,C102652-T1,TC
C102653,C102653-T1,TC
C102654,C102654-T1,TC
C102655,C102655-T1,TC
C102655,C102655-T2,TC
C102656,C102656-T1,TC
C102657,C102657-T1,TC
C102658,C102658-T1,TC
C102658,C102658-T2,TC
C102659,C102659-T1,TC
C102659,C102659-T2,TC
C102659,C102659-T3,TC
C102660,C102660-T1,TC
C102661,C102661-T1,TC
C102662,C102662-T1,TC
C102663,C102663-T1,TC
C102664,C102664-T1,TC
C102664,C102664-T2,TC
C102664,C102664-T3,TC
C102665,C102665-T1,TC
C102666,C102666-T1,TC
C102667,C102667-T1,TC
C102668,C102668-T1,TC
C102669,C102669-T1,TC
C102670,C102670-T1,TC
C102671,C102671-T1,TC
C102671,C102671-T2,TC
C102672,C102672-T1,TC
C102673,C102673-T1,TC
C102674,C102674-T1,TC
C102674,C102674-T2,TC
C102675,C102675-T1,TC
C102676,C102676-T1,TC
C102676,C102676-T2,TC
C102677,C102677-T1,TC
C102678,C102678-T1,TC
C102679,C102679-T1,TC
C102680,C102680-T1,TC
C102680,C102680-T2,TC
C102681,C102681-T1,TC
C102682,C102682-T1,TC
C102683,C102683-T1,TC
C102684,C102684-T1,TC
C102685,C102685-T1,TC
C102686,C102686-T1,TC
C102687,C102687-T1,TC
C102688,C102688-T1,TC
C102689,C102689-T1,TC
C102689,C102689-T2,TC
C102690,C102690-T1,TC
C102691,C102691-T1,TC
C102692,C102692-T1,TC
C102693,C102693-T1,TC
C102694,C102694-T1,TC
C102695,C102695-T1,TC
C102695,C102695-T2,TC
C102696,C102696-T1,TC
C102697,C102697-T1,TC
C102697,C102697-T2,TC
C102698,C102698-T1,TC
C102699,C102699-T1,TC
C102700,C102700-T1,TC
C102701,C102701-T1,TC
C102702,C102702-T1,TC
C102703,C102703-T1,TC
C102704,C102704-T1,TC
C102705,C102705-T1,TC
C102706,C102706-T1,TC
C102707,C102707-T1,TC
C102707,C102707-T2,TC
C102707,C102707-T3,TC
C102708,C102708-T1,TC
C102709,C102709-T1,TC
C102710,C102710-T1,TC
C102710,C102710-T2,TC
C102711,C102711-T1,TC
C102712,C102712-T1,TC
C102712,C102712-T2,TC
C102713,C102713-T1,TC
C102714,C102714-T1,TC
C102714,C102714-T2,TC
C102715,C102715-T1,TC
C102715,C102715-T2,TC
C102716,C102716-T1,TC
C102716,C102716-T2,TC
C102716,C102716-T3,TC
C102717,C102717-T1,TC
C102718,C102718-T1,TC
C102719,C102719-T1,TC
C102719,C102719-T2,TC
C102720,C102720-T1,TC
C102721,C102721-T1,TC
C102721,C102721-T2,TC
C102722,C102722-T1,TC
C102723,C102723-T1,TC
C102723,C102723-T2,TC
C102723,C102723-T3,TC
C102724,C102724-T1,TC
C102725,C102725-T1,TC
C102726,C102726-T1,TC
C102727,C102727-T1,TC
C102727,C102727-T2,TC
C102728,C102728-T1,TC
C102729,C102729-T1,TC
C102729,C102729-T2,TC
C102730,C102730-T1,TC
C102730,C102730-T2,TC
C102731,C102731-T1,TC
C102732,C102732-T1,TC
C102732,C102732-T2,TC
C102732,C102732-T3,TC
C102733,C102733-T1,TC
C102734,C102734-T1,TC
C102735,C102735-T1,TC
C102735,C102735-T2,TC
C102736,C102736-T1,TC
C102737,C102737-T1,TC
C102738,C102738-T1,TC
C102739,C102739-T1,TC
C102739,C102739-T2,TC
C102740,C102740-T1,TC
C102741,C102741-T1,TC
C102741,C102741-T2,TC
C102742,C102742-T1,TC
C102743,C102743-T1,TC
C102744,C102744-T1,TC
C102744,C102744-T2,TC
C102744,C102744-T3,TC
C102745,C102745-T1,TC
C102745,C102745-T2,TC
C102746,C102746-T1,TC
C102747,C102747-T1,TC
C102748,C102748-T1,TC
C102748,C102748-T2,TC
C102748,C102748-T3,TC
C102749,C102749-T1,TC
C102749,C102749-T2,TC
C102750,C102750-T1,TC
C102750,C102750-T2,TC
C102751,C102751-T1,TC
C102752,C102752-T1,TC
C102753,C102753-T1,TC
C102754,C102754-T1,TC
C102755,C102755-T1,TC
C102755,C102755-T2,TC
C102756,C102756-T1,TC
C102756,C102756-T2,TC
C102757,C102757-T1,TC
C102758,C102758-T1,TC
C102758,C102758-T2,TC
C102759,C102759-T1,TC
C102760,C102760-T1,TC
C102761,C102761-T1,TC
C102762,C102762-T1,TC
C102762,C102762-T2,TC
C102763,C102763-T1,TC
C102763,C102763-T2,TC
C102764,C102764-T1,TC
C102764,C102764-T2,TC
C102765,C102765-T1,TC
C102766,C102766-T1,TC
C102766,C102766-T2,TC
C102767,C102767-T1,TC
C102767,C102767-T2,TC
C102768,C102768-T1,TC
C102768,C102768-T2,TC
C102769,C102769-T1,TC
C102770,C102770-T1,TC
C102771,C102771-T1,TC
C102772,C102772-T1,TC
C102773,C102773-T1,TC
C102774,C102774-T1,TC
C102774,C102774-T2,TC
C102775,C102775-T1,TC
C102776,C102776-T1,TC
C102777,C102777-T1,TC
C102777,C102777-T2,TC
C102778,C102778-T1,TC
C102779,C102779-T1,TC
C102779,C102779-T2,TC
C102779,C102779-T3,TC
C102780,C102780-T1,TC
C102781,C102781-T1,TC
C102782,C102782-T1,TC
C102783,C102783-T1,TC
C102784,C102784-T1,TC
C102785,C102785-T1,TC
C102786,C102786-T1,TC
C102787,C102787-T1,TC
C102787,C102787-T2,TC
C102788,C102788-T1,TC
C102789,C102789-T1,TC
C102790,C102790-T1,TC
C102791,C102791-T1,TC
C102791,C102791-T2,TC
C102792,C102792-T1,TC
C102792,C102792-T2,TC
C102793,C102793-T1,TC
C102794,C102794-T1,TC
C102795,C102795-T1,TC
C102796,C102796-T1,TC
C102796,C102796-T2,TC
C102797,C102797-T1,TC
C102797,C102797-T2,TC
C102797,C102797-T3,TC
C102798,C102798-T1,TC
C102798,C102798-T2,TC
C102798,C102798-T3,TC
C102799,C102799-T1,TC
C102800,C102800-T1,TC
C102801,C102801-T1,TC
C102802,C102802-T1,TC
C102802,C102802-T2,TC
C102803,C102803-T1,TC
C102804,C102804-T1,TC
C102805,C102805-T1,TC
C102805,C102805-T2,TC
C102806,C102806-T1,TC
C102806,C102806-T2,TC
C102807,C102807-T1,TC
C102808,C102808-T1,TC
C102809,C102809-T1,TC
C102809,C102809-T2,TC
C102810,C102810-T1,TC
C102810,C102810-T2,TC
C102811,C102811-T1,TC
C102812,C102812-T1,TC
C102812,C102812-T2,TC
C102812,C102812-T3,TC
C102813,C102813-T1,TC
C102813,C102813-T2,TC
C102814,C102814-T1,TC
C102814,C102814-T2,TC
C102815,C102815-T1,TC
C102816,C102816-T1,TC
C102817,C102817-T1,TC
C102818,C102818-T1,TC
C102819,C102819-T1,TC
C102820,C102820-T1,TC
C102820,C102820-T2,TC
C102821,C102821-T1,TC
C102822,C102822-T1,TC
C102823,C102823-T1,TC
C102824,C102824-T1,TC
C102825,C102825-T1,TC
C102826,C102826-T1,TC
C102826,C102826-T2,TC
C102827,C102827-T1,TC
C102827,C102827-T2,TC
C102828,C102828-T1,TC
C102829,C102829-T1,TC
C102830,C102830-T1,TC
C102830,C102830-T2,TC
C102831,C102831-T1,TC
C102832,C102832-T1,TC
C102833,C102833-T1,TC
C102834,C102834-T1,TC
C102835,C102835-T1,TC
C102836,C102836-T1,TC
C102837,C102837-T1,TC
C102838,C102838-T1,TC
C102838,C102838-T2,TC
C102838,C102838-T3,TC
C102839,C102839-T1,TC
C102840,C102840-T1,TC
C102841,C102841-T1,TC
C102842,C102842-T1,TC
C102843,C102843-T1,TC
C102844,C102844-T1,TC
C102844,C102844-T2,TC
C102845,C102845-T1,TC
C102845,C102845-T2,TC
C102845,C102845-T3,TC
C102846,C102846-T1,TC
C102847,C102847-T1,TC
C102847,C102847-T2,TC
C102848,C102848-T1,TC
C102848,C102848-T2,TC
C102849,C102849-T1,TC
C102850,C102850-T1,TC
C102851,C102851-T1,TC
C102851,C102851-T2,TC
C102852,C102852-T1,TC
C102852,C102852-T2,TC
C102853,C102853-T1,TC
C102854,C102854-T1,TC
C102854,C102854-T2,TC
C102855,C102855-T1,TC
C102855,C102855-T2,TC
C102856,C102856-T1,TC
C102857,C102857-T1,TC
C102858,C102858-T1,TC
C102859,C102859-T1,TC
C102860,C102860-T1,TC
C102861,C102861-T1,TC
C102861,C102861-T2,TC
C102862,C102862-T1,TC
C102863,C102863-T1,TC
C102863,C102863-T2,TC
C102863,C102863-T3,TC
C102864,C102864-T1,TC
C102865,C102865-T1,TC
C102866,C102866-T1,TC
C102866,C102866-T2,TC
C102866,C102866-T3,TC
C102867,C102867-T1,TC
C102867,C102867-T2,TC
C102867,C102867-T3,TC
C102868,C102868-T1,TC
C102868,C102868-T2,TC
C102869,C102869-T1,TC
C102870,C102870-T1,TC
C102870,C102870-T2,TC
C102871,C102871-T1,TC
C102871,C102871-T2,TC
C102872,C102872-T1,TC
C102872,C102872-T2,TC
C102873,C102873-T1,TC
C102874,C102874-T1,TC
C102874,C102874-T2,TC
C102875,C102875-T1,TC
C102875,C102875-T2,TC
C102876,C102876-T1,TC
C102876,C102876-T2,TC
C102877,C102877-T1,TC
C102878,C102878-T1,TC
C102879,C102879-T1,TC
C102879,C102879-T2,TC
C102880,C102880-T1,TC
C102881,C102881-T1,TC
C102882,C102882-T1,TC
C102883,C102883-T1,TC
C102884,C102884-T1,TC
C102884,C102884-T2,TC
C102885,C102885-T1,TC
C102885,C102885-T2,TC
C102886,C102886-T1,TC
C102887,C102887-T1,TC
C102888,C102888-T1,TC
C102888,C102888-T2,TC
C102889,C102889-T1,TC
C102889,C102889-T2,TC
C102890,C102890-T1,TC
C102891,C102891-T1,TC
C102892,C102892-T1,TC
C102893,C102893-T1,TC
C102893,C102893-T2,TC
C102894,C102894-T1,TC
C102895,C102895-T1,TC
C102896,C102896-T1,TC
C102896,C102896-T2,TC
C102897,C102897-T1,TC
C102897,C102897-T2,TC
C102897,C102897-T3,TC
C102898,C102898-T1,TC
C102899,C102899-T1,TC
C102899,C102899-T2,TC
C102900,C102900-T1,TC
C102901,C102901-T1,TC
C102902,C102902-T1,TC
C102903,C102903-T1,TC
C102904,C102904-T1,TC
C102904,C102904-T2,TC
C102905,C102905-T1,TC
C102906,C102906-T1,TC
C102906,C102906-T2,TC
C102907,C102907-T1,TC
C102907,C102907-T2,TC
C102908,C102908-T1,TC
C102909,C102909-T1,TC
C102909,C102909-T2,TC
C102910,C102910-T1,TC
C102910,C102910-T2,TC
C102911,C102911-T1,TC
C102912,C102912-T1,TC
C102913,C102913-T1,TC
C102913,C102913-T2,TC
C102914,C102914-T1,TC
C102915,C102915-T1,TC
C102916,C102916-T1,TC
C102916,C102916-T2,TC
C102917,C102917-T1,TC
C102917,C102917-T2,TC
C102918,C102918-T1,TC
C102919,C102919-T1,TC
C102919,C102919-T2,TC
C102920,C102920-T1,TC
C102920,C102920-T2,TC
C102921,C102921-T1,TC
C102922,C102922-T1,TC
C102923,C102923-T1,TC
C102924,C102924-T1,TC
C102924,C102924-T2,TC
C102925,C102925-T1,TC
C102926,C102926-T1,TC
C102927,C102927-T1,TC
C102928,C102928-T1,TC
C102928,C102928-T2,TC
C102929,C102929-T1,TC
C102929,C102929-T2,TC
C102929,C102929-T3,TC
C102930,C102930-T1,TC
C102930,C102930-T2,TC
C102931,C102931-T1,TC
C102932,C102932-T1,TC
C102933,C102933-T1,TC
C102933,C102933-T2,TC
C102934,C102934-T1,TC
C102935,C102935-T1,TC
C102936,C102936-T1,TC
C102936,C102936-T2,TC
C102937,C102937-T1,TC
C102937,C102937-T2,TC
C102938,C102938-T1,TC
C102939,C102939-T1,TC
C102939,C102939-T2,TC
C102940,C102940-T1,TC
C102941,C102941-T1,TC
C102941,C102941-T2,TC
C102942,C102942-T1,TC
C102943,C102943-T1,TC
C102944,C102944-T1,TC
C102944,C102944-T2,TC
C102944,C102944-T3,TC
C102945,C102945-T1,TC
C102946,C102946-T1,TC
C102946,C102946-T2,TC
C102947,C102947-T1,TC
C102947,C102947-T2,TC
C102948,C102948-T1,TC
C102949,C102949-T1,TC
C102949,C102949-T2,TC
C102950,C102950-T1,TC
C102951,C102951-T1,TC
C102952,C102952-T1,TC
C102952,C102952-T2,TC
C102953,C102953-T1,TC
C102954,C102954-T1,TC
C102955,C102955-T1,TC
C102956,C102956-T1,TC
C102957,C102957-T1,TC
C102958,C102958-T1,TC
C102959,C102959-T1,TC
C102960,C102960-T1,TC
C102961,C102961-T1,TC
C102962,C102962-T1,TC
C102962,C102962-T2,TC
C102963,C102963-T1,TC
C102964,C102964-T1,TC
C102964,C102964-T2,TC
C102965,C102965-T1,TC
C102965,C102965-T2,TC
C102966,C102966-T1,TC
C102967,C102967-T1,TC
C102967,C102967-T2,TC
C102967,C102967-T3,TC
C102968,C102968-T1,TC
C102968,C102968-T2,TC
C102968,C102968-T3,TC
C102969,C102969-T1,TC
C102970,C102970-T1,TC
C102971,C102971-T1,TC
C102971,C102971-T2,TC
C102972,C102972-T1,TC
C102973,C102973-T1,TC
C102974,C102974-T1,TC
C102975,C102975-T1,TC
C102975,C102975-T2,TC
C102976,C102976-T1,TC
C102976,C102976-T2,TC
C102977,C102977-T1,TC
C102978,C102978-T1,TC
C102978,C102978-T2,TC
C102979,C102979-T1,TC
C102980,C102980-T1,TC
C102980,C102980-T2,TC
C102981,C102981-T1,TC
C102982,C102982-T1,TC
C102983,C102983-T1,TC
C102984,C102984-T1,TC
C102985,C102985-T1,TC
C102985,C102985-T2,TC
C102986,C102986-T1,TC
C102987,C102987-T1,TC
C102988,C102988-T1,TC
C102988,C102988-T2,TC
C102989,C102989-T1,TC
C102989,C102989-T2,TC
C102990,C102990-T1,TC
C102991,C102991-T1,TC
C102992,C102992-T1,TC
C102992,C102992-T2,TC
C102993,C102993-T1,TC
C102994,C102994-T1,TC
C102994,C102994-T2,TC
C102995,C102995-T1,TC
C102996,C102996-T1,TC
C102996,C102996-T2,TC
C102997,C102997-T1,TC
C102998,C102998-T1,TC
C102999,C102999-T1,TC
C103000,C103000-T1,TC
C103001,C103001-T1,TC
C103002,C103002-T1,TC
C103002,C103002-T2,TC
C103003,C103003-T1,TC
C103004,C103004-T1,TC
C103005,C103005-T1,TC
C103005,C103005-T2,TC
C103006,C103006-T1,TC
C103007,C103007-T1,TC
C103008,C103008-T1,TC
C103008,C103008-T2,TC
C103009,C103009-T1,TC
C103010,C103010-T1,TC
C103011,C103011-T1,TC
C103011,C103011-T2,TC
C103012,C103012-T1,TC
C103013,C103013-T1,TC
C103013,C103013-T2,TC
C103014,C103014-T1,TC
C103014,C103014-T2,TC
C103015,C103015-T1,TC
C103016,C103016-T1,TC
C103016,C103016-T2,TC
C103017,C103017-T1,TC
C103018,C103018-T1,TC
C103018,C103018-T2,TC
C103019,C103019-T1,TC
C103020,C103020-T1,TC
C103020,C103020-T2,TC
C103020,C103020-T3,TC
C103021,C103021-T1,TC
C103022,C103022-T1,TC
C103022,C103022-T2,TC
C103023,C103023-T1,TC
C103023,C103023-T2,TC
C103023,C103023-T3,TC
C103024,C103024-T1,TC
C103025,C103025-T1,TC
C103026,C103026-T1,TC
C103027,C103027-T1,TC
C103028,C103028-T1,TC
C103029,C103029-T1,TC
C103030,C103030-T1,TC
C103031,C103031-T1,TC
C103032,C103032-T1,TC
C103033,C103033-T1,TC
C103033,C103033-T2,TC
C103034,C103034-T1,TC
C103035,C103035-T1,TC
C103036,C103036-T1,TC
C103036,C103036-T2,TC
C103036,C103036-T3,TC
C103037,C103037-T1,TC
C103038,C103038-T1,TC
C103039,C103039-T1,TC
C103040,C103040-T1,TC
C103040,C103040-T2,TC
C103041,C103041-T1,TC
C103041,C103041-T2,TC
C103042,C103042-T1,TC
C103043,C103043-T1,TC
C103043,C103043-T2,TC
C103044,C103044-T1,TC
C103045,C103045-T1,TC
C103046,C103046-T1,TC
C103046,C103046-T2,TC
C103046,C103046-T3,TC
C103047,C103047-T1,TC
C103048,C103048-T1,TC
C103049,C103049-T1,TC
C103050,C103050-T1,TC
C103050,C103050-T2,TC
C103051,C103051-T1,TC
C103052,C103052-T1,TC
C103053,C103053-T1,TC
C103054,C103054-T1,TC
C103054,C103054-T2,TC
C103055,C103055-T1,TC
C103055,C103055-T2,TC
C103056,C103056-T1,TC
C103057,C103057-T1,TC
C103057,C103057-T2,TC
C103058,C103058-T1,TC
C103059,C103059-T1,TC
C103059,C103059-T2,TC
C103059,C103059-T3,TC
C103060,C103060-T1,TC
C103061,C103061-T1,TC
C103062,C103062-T1,TC
C103063,C103063-T1,TC
C103064,C103064-T1,TC
C103065,C103065-T1,TC
C103066,C103066-T1,TC
C103067,C103067-T1,TC
C103068,C103068-T1,TC
C103069,C103069-T1,TC
C103069,C103069-T2,TC
C103070,C103070-T1,TC
C103070,C103070-T2,TC
C103071,C103071-T1,TC
C103072,C103072-T1,TC
C103073,C103073-T1,TC
C103073,C103073-T2,TC
C103074,C103074-T1,TC
C103075,C103075-T1,TC
C103075,C103075-T2,TC
C103076,C103076-T1,TC
C103077,C103077-T1,TC
C103078,C103078-T1,TC
C103079,C103079-T1,TC
C103079,C103079-T2,TC
C103080,C103080-T1,TC
C103080,C103080-T2,TC
C103081,C103081-T1,TC
C103081,C103081-T2,TC
C103082,C103082-T1,TC
C103083,C103083-T1,TC
C103084,C103084-T1,TC
C103085,C103085-T1,TC
C103085,C103085-T2,TC
C103086,C103086-T1,TC
C103087,C103087-T1,TC
C103088,C103088-T1,TC
C103089,C103089-T1,TC
C103089,C103089-T2,TC
C103089,C103089-T3,TC
C103090,C103090-T1,TC
C103090,C103090-T2,TC
C103090,C103090-T3,TC
C103091,C103091-T1,TC
C103092,C103092-T1,TC
C103092,C103092-T2,TC
C103093,C103093-T1,TC
C103094,C103094-T1,TC
C103095,C103095-T1,TC
C103096,C103096-T1,TC
C103096,C103096-T2,TC
C103096,C103096-T3,TC
C103097,C103097-T1,TC
C103097,C103097-T2,TC
C103098,C103098-T1,TC
C103099,C103099-T1,TC
C103099,C103099-T2,TC
C103100,C103100-T1,TC
C103100,C103100-T2,TC
C103101,C103101-T1,TC
C103102,C103102-T1,TC
C103102,C103102-T2,TC
C103103,C103103-T1,TC
C103103,C103103-T2,TC
C103104,C103104-T1,TC
C103104,C103104-T2,TC
C103104,C103104-T3,TC
C103105,C103105-T1,TC
C103105,C103105-T2,TC
C103106,C103106-T1,TC
C103107,C103107-T1,TC
C103108,C103108-T1,TC
C103109,C103109-T1,TC
C103110,C103110-T1,TC
C103111,C103111-T1,TC
C103111,C103111-T2,TC
C103112,C103112-T1,TC
C103112,C103112-T2,TC
C103112,C103112-T3,TC
C103113,C103113-T1,TC
C103114,C103114-T1,TC
C103115,C103115-T1,TC
C103115,C103115-T2,TC
C103115,C103115-T3,TC
C103116,C103116-T1,TC
C103117,C103117-T1,TC
C103118,C103118-T1,TC
C103119,C103119-T1,TC
C103120,C103120-T1,TC
C103121,C103121-T1,TC
C103122,C103122-T1,TC
C103123,C103123-T1,TC
C103124,C103124-T1,TC
C103125,C103125-T1,TC
C103125,C103125-T2,TC
C103126,C103126-T1,TC
C103127,C103127-T1,TC
C103128,C103128-T1,TC
C103128,C103128-T2,TC
C103129,C103129-T1,TC
C103130,C103130-T1,TC
C103131,C103131-T1,TC
C103132,C103132-T1,TC
C103133,C103133-T1,TC
C103133,C103133-T2,TC
C103134,C103134-T1,TC
C103134,C103134-T2,TC
C103134,C103134-T3,TC
C103135,C103135-T1,TC
C103136,C103136-T1,TC
C103136,C103136-T2,TC
C103137,C103137-T1,TC
C103137,C103137-T2,TC
C103138,C103138-T1,TC
C103139,C103139-T1,TC
C103139,C103139-T2,TC
C103140,C103140-T1,TC
C103141,C103141-T1,TC
C103141,C103141-T2,TC
C103142,C103142-T1,TC
C103142,C103142-T2,TC
C103143,C103143-T1,TC
C103144,C103144-T1,TC
C103145,C103145-T1,TC
C103146,C103146-T1,TC
C103147,C103147-T1,TC
C103148,C103148-T1,TC
C103148,C103148-T2,TC
C103149,C103149-T1,TC
C103149,C103149-T2,TC
C103150,C103150-T1,TC
C103150,C103150-T2,TC
C103151,C103151-T1,TC
C103152,C103152-T1,TC
C103153,C103153-T1,TC
C103153,C103153-T2,TC
C103154,C103154-T1,TC
C103154,C103154-T2,TC
C103154,C103154-T3,TC
C103155,C103155-T1,TC
C103155,C103155-T2,TC
C103156,C103156-T1,TC
C103157,C103157-T1,TC
C103157,C103157-T2,TC
C103158,C103158-T1,TC
C103159,C103159-T1,TC
C103159,C103159-T2,TC
C103159,C103159-T3,TC
C103160,C103160-T1,TC
C103160,C103160-T2,TC
C103161,C103161-T1,TC
C103162,C103162-T1,TC
C103163,C103163-T1,TC
C103164,C103164-T1,TC
C103165,C103165-T1,TC
C103166,C103166-T1,TC
C103166,C103166-T2,TC
C103167,C103167-T1,TC
C103168,C103168-T1,TC
C103168,C103168-T2,TC
C103169,C103169-T1,TC
C103170,C103170-T1,TC
C103171,C103171-T1,TC
C103171,C103171-T2,TC
C103171,C103171-T3,TC
C103172,C103172-T1,TC
C103172,C103172-T2,TC
C103173,C103173-T1,TC
C103174,C103174-T1,TC
C103175,C103175-T1,TC
C103176,C103176-T1,TC
C103176,C103176-T2,TC
C103177,C103177-T1,TC
C103177,C103177-T2,TC
C103178,C103178-T1,TC
C103179,C103179-T1,TC
C103179,C103179-T2,TC
C103180,C103180-T1,TC
C103181,C103181-T1,TC
C103182,C103182-T1,TC
C103183,C103183-T1,TC
C103183,C103183-T2,TC
C103184,C103184-T1,TC
C103184,C103184-T2,TC
C103185,C103185-T1,TC
C103185,C103185-T2,TC
C103186,C103186-T1,TC
C103187,C103187-T1,TC
C103188,C103188-T1,TC
C103189,C103189-T1,TC
C103190,C103190-T1,TC
C103191,C103191-T1,TC
C103192,C103192-T1,TC
C103193,C103193-T1,TC
C103194,C103194-T1,TC
C103194,C103194-T2,TC
C103195,C103195-T1,TC
C103196,C103196-T1,TC
C103196,C103196-T2,TC
C103197,C103197-T1,TC
C103198,C103198-T1,TC
C103199,C103199-T1,TC
C103200,C103200-T1,TC
C103201,C103201-T1,TC
C103201,C103201-T2,TC
C103202,C103202-T1,TC
C103203,C103203-T1,TC
C103204,C103204-T1,TC
C103204,C103204-T2,TC
C103204,C103204-T3,TC
C103205,C103205-T1,TC
C103206,C103206-T1,TC
C103206,C103206-T2,TC
C103207,C103207-T1,TC
C103208,C103208-T1,TC
C103208,C103208-T2,TC
C103209,C103209-T1,TC
C103210,C103210-T1,TC
C103211,C103211-T1,TC
C103211,C103211-T2,TC
C103212,C103212-T1,TC
C103213,C103213-T1,TC
C103214,C103214-T1,TC
C103215,C103215-T1,TC
C103216,C103216-T1,TC
C103217,C103217-T1,TC
C103218,C103218-T1,TC
C103219,C103219-T1,TC
C103220,C103220-T1,TC
C103220,C103220-T2,TC
C103221,C103221-T1,TC
C103222,C103222-T1,TC
C103223,C103223-T1,TC
C103223,C103223-T2,TC
C103224,C103224-T1,TC
C103225,C103225-T1,TC
C103225,C103225-T2,TC
C103225,C103225-T3,TC
C103226,C103226-T1,TC
C103227,C103227-T1,TC
C103228,C103228-T1,TC
C103229,C103229-T1,TC
C103229,C103229-T2,TC
C103230,C103230-T1,TC
C103230,C103230-T2,TC
C103231,C103231-T1,TC
C103232,C103232-T1,TC
C103233,C103233-T1,TC
C103234,C103234-T1,TC
C103234,C103234-T2,TC
C103235,C103235-T1,TC
C103236,C103236-T1,TC
C103236,C103236-T2,TC
C103236,C103236-T3,TC
C103237,C103237-T1,TC
C103238,C103238-T1,TC
C103239,C103239-T1,TC
C103239,C103239-T2,TC
C103240,C103240-T1,TC
C103240,C103240-T2,TC
C103240,C103240-T3,TC
C103241,C103241-T1,TC
C103241,C103241-T2,TC
C103242,C103242-T1,TC
C103243,C103243-T1,TC
C103244,C103244-T1,TC
C103244,C103244-T2,TC
C103244,C103244-T3,TC
C103245,C103245-T1,TC
C103246,C103246-T1,TC
C103246,C103246-T2,TC
C103247,C103247-T1,TC
C103247,C103247-T2,TC
C103247,C103247-T3,TC
C103248,C103248-T1,TC
C103248,C103248-T2,TC
C103249,C103249-T1,TC
C103249,C103249-T2,TC
C103249,C103249-T3,TC
C103250,C103250-T1,TC
C103250,C103250-T2,TC
C103251,C103251-T1,TC
C103251,C103251-T2,TC
C103252,C103252-T1,TC
C103253,C103253-T1,TC
C103253,C103253-T2,TC
C103254,C103254-T1,TC
C103255,C103255-T1,TC
C103256,C103256-T1,TC
C103257,C103257-T1,TC
C103257,C103257-T2,TC
C103257,C103257-T3,TC
C103258,C103258-T1,TC
C103258,C103258-T2,TC
C103259,C103259-T1,TC
C103260,C103260-T1,TC
C103260,C103260-T2,TC
C103261,C103261-T1,TC
C103262,C103262-T1,TC
C103262,C103262-T2,TC
C103263,C103263-T1,TC
C103264,C103264-T1,TC
C103265,C103265-T1,TC
C103266,C103266-T1,TC
C103266,C103266-T2,TC
C103266,C103266-T3,TC
C103267,C103267-T1,TC
C103268,C103268-T1,TC
C103269,C103269-T1,TC
C103270,C103270-T1,TC
C103271,C103271-T1,TC
C103271,C103271-T2,TC
C103272,C103272-T1,TC
C103273,C103273-T1,TC
C103273,C103273-T2,TC
C103273,C103273-T3,TC
C103274,C103274-T1,TC
C103274,C103274-T2,TC
C103275,C103275-T1,TC
C103275,C103275-T2,TC
C103276,C103276-T1,TC
C103277,C103277-T1,TC
C103278,C103278-T1,TC
C103279,C103279-T1,TC
C103280,C103280-T1,TC
C103281,C103281-T1,TC
C103281,C103281-T2,TC
C103281,C103281-T3,TC
C103282,C103282-T1,TC
C103283,C103283-T1,TC
C103283,C103283-T2,TC
C103284,C103284-T1,TC
C103285,C103285-T1,TC
C103286,C103286-T1,TC
C103287,C103287-T1,TC
C103288,C103288-T1,TC
C103289,C103289-T1,TC
C103290,C103290-T1,TC
C103291,C103291-T1,TC
C103292,C103292-T1,TC
C103292,C103292-T2,TC
C103292,C103292-T3,TC
C103293,C103293-T1,TC
C103294,C103294-T1,TC
C103295,C103295-T1,TC
C103295,C103295-T2,TC
C103296,C103296-T1,TC
C103296,C103296-T2,TC
C103296,C103296-T3,TC
C103297,C103297-T1,TC
C103298,C103298-T1,TC
C103298,C103298-T2,TC
C103298,C103298-T3,TC
C103299,C103299-T1,TC
C103299,C103299-T2,TC
C103299,C103299-T3,TC
C103300,C103300-T1,TC
C103301,C103301-T1,TC
C103301,C103301-T2,TC
C103302,C103302-T1,TC
C103303,C103303-T1,TC
C103304,C103304-T1,TC
C103305,C103305-T1,TC
C103305,C103305-T2,TC
C103306,C103306-T1,TC
C103306,C103306-T2,TC
C103307,C103307-T1,TC
C103308,C103308-T1,TC
C103309,C103309-T1,TC
C103310,C103310-T1,TC
C103310,C103310-T2,TC
C103311,C103311-T1,TC
C103312,C103312-T1,TC
C103313,C103313-T1,TC
C103313,C103313-T2,TC
C103314,C103314-T1,TC
C103314,C103314-T2,TC
C103315,C103315-T1,TC
C103315,C103315-T2,TC
C103316,C103316-T1,TC
C103317,C103317-T1,TC
C103317,C103317-T2,TC
C103318,C103318-T1,TC
C103319,C103319-T1,TC
C103319,C103319-T2,TC
C103320,C103320-T1,TC
C103320,C103320-T2,TC
C103320,C103320-T3,TC
C103321,C103321-T1,TC
C103322,C103322-T1,TC
C103323,C103323-T1,TC
C103323,C103323-T2,TC
C103323,C103323-T3,TC
C103324,C103324-T1,TC
C103324,C103324-T2,TC
C103324,C103324-T3,TC
C103325,C103325-T1,TC
C103325,C103325-T2,TC
C103326,C103326-T1,TC
C103326,C103326-T2,TC
C103327,C103327-T1,TC
C103328,C103328-T1,TC
C103328,C103328-T2,TC
C103329,C103329-T1,TC
C103329,C103329-T2,TC
C103330,C103330-T1,TC
C103331,C103331-T1,TC
C103332,C103332-T1,TC
C103333,C103333-T1,TC
C103334,C103334-T1,TC
C103334,C103334-T2,TC
C103334,C103334-T3,TC
C103335,C103335-T1,TC
C103335,C103335-T2,TC
C103335,C103335-T3,TC
C103336,C103336-T1,TC
C103336,C103336-T2,TC
C103336,C103336-T3,TC
C103337,C103337-T1,TC
C103338,C103338-T1,TC
C103338,C103338-T2,TC
C103339,C103339-T1,TC
C103340,C103340-T1,TC
C103340,C103340-T2,TC
C103341,C103341-T1,TC
C103341,C103341-T2,TC
C103342,C103342-T1,TC
C103343,C103343-T1,TC
C103344,C103344-T1,TC
C103345,C103345-T1,TC
C103346,C103346-T1,TC
C103346,C103346-T2,TC
C103346,C103346-T3,TC
C103347,C103347-T1,TC
C103347,C103347-T2,TC
C103348,C103348-T1,TC
C103348,C103348-T2,TC
C103348,C103348-T3,TC
C103349,C103349-T1,TC
C103350,C103350-T1,TC
C103351,C103351-T1,TC
C103352,C103352-T1,TC
C103352,C103352-T2,TC
C103353,C103353-T1,TC
C103353,C103353-T2,TC
C103353,C103353-T3,TC
C103354,C103354-T1,TC
C103355,C103355-T1,TC
C103355,C103355-T2,TC
C103356,C103356-T1,TC
C103357,C103357-T1,TC
C103358,C103358-T1,TC
C103359,C103359-T1,TC
C103359,C103359-T2,TC
C103360,C103360-T1,TC
C103360,C103360-T2,TC
C103361,C103361-T1,TC
C103362,C103362-T1,TC
C103363,C103363-T1,TC
C103364,C103364-T1,TC
C103365,C103365-T1,TC
C103366,C103366-T1,TC
C103367,C103367-T1,TC
C103368,C103368-T1,TC
C103369,C103369-T1,TC
C103369,C103369-T2,TC
C103370,C103370-T1,TC
C103370,C103370-T2,TC
C103371,C103371-T1,TC
C103371,C103371-T2,TC
C103372,C103372-T1,TC
C103372,C103372-T2,TC
C103372,C103372-T3,TC
C103373,C103373-T1,TC
C103374,C103374-T1,TC
C103374,C103374-T2,TC
C103375,C103375-T1,TC
C103376,C103376-T1,TC
C103376,C103376-T2,TC
C103377,C103377-T1,TC
C103377,C103377-T2,TC
C103378,C103378-T1,TC
C103379,C103379-T1,TC
C103380,C103380-T1,TC
C103381,C103381-T1,TC
C103382,C103382-T1,TC
C103383,C103383-T1,TC
C103384,C103384-T1,TC
C103385,C103385-T1,TC
C103386,C103386-T1,TC
C103387,C103387-T1,TC
C103388,C103388-T1,TC
C103389,C103389-T1,TC
C103389,C103389-T2,TC
C103390,C103390-T1,TC
C103391,C103391-T1,TC
C103392,C103392-T1,TC
C103392,C103392-T2,TC
C103393,C103393-T1,TC
C103394,C103394-T1,TC
C103395,C103395-T1,TC
C103396,C103396-T1,TC
C103396,C103396-T2,TC
C103397,C103397-T1,TC
C103397,C103397-T2,TC
C103398,C103398-T1,TC
C103399,C103399-T1,TC
C103400,C103400-T1,TC
C103400,C103400-T2,TC
C103401,C103401-T1,TC
C103402,C103402-T1,TC
C103402,C103402-T2,TC
C103403,C103403-T1,TC
C103404,C103404-T1,TC
C103404,C103404-T2,TC
C103404,C103404-T3,TC
C103405,C103405-T1,TC
C103406,C103406-T1,TC
C103407,C103407-T1,TC
C103408,C103408-T1,TC
C103409,C103409-T1,TC
C103410,C103410-T1,TC
C103410,C103410-T2,TC
C103411,C103411-T1,TC
C103412,C103412-T1,TC
C103412,C103412-T2,TC
C103413,C103413-T1,TC
C103413,C103413-T2,TC
C103414,C103414-T1,TC
C103414,C103414-T2,TC
C103414,C103414-T3,TC
C103415,C103415-T1,TC
C103415,C103415-T2,TC
C103416,C103416-T1,TC
C103416,C103416-T2,TC
C103417,C103417-T1,TC
C103417,C103417-T2,TC
C103418,C103418-T1,TC
C103419,C103419-T1,TC
C103420,C103420-T1,TC
C103421,C103421-T1,TC
C103421,C103421-T2,TC
C103422,C103422-T1,TC
C103422,C103422-T2,TC
C103423,C103423-T1,TC
C103424,C103424-T1,TC
C103425,C103425-T1,TC
C103426,C103426-T1,TC
C103427,C103427-T1,TC
C103427,C103427-T2,TC
C103428,C103428-T1,TC
C103428,C103428-T2,TC
C103429,C103429-T1,TC
C103430,C103430-T1,TC
C103430,C103430-T2,TC
C103431,C103431-T1,TC
C103432,C103432-T1,TC
C103432,C103432-T2,TC
C103432,C103432-T3,TC
C103433,C103433-T1,TC
C103433,C103433-T2,TC
C103433,C103433-T3,TC
C103434,C103434-T1,TC
C103435,C103435-T1,TC
C103436,C103436-T1,TC
C103437,C103437-T1,TC
C103438,C103438-T1,TC
C103439,C103439-T1,TC
C103440,C103440-T1,TC
C103441,C103441-T1,TC
C103441,C103441-T2,TC
C103442,C103442-T1,TC
C103443,C103443-T1,TC
C103444,C103444-T1,TC
C103445,C103445-T1,TC
C103446,C103446-T1,TC
C103447,C103447-T1,TC
C103447,C103447-T2,TC
C103448,C103448-T1,TC
C103448,C103448-T2,TC
C103449,C103449-T1,TC
C103450,C103450-T1,TC
C103450,C103450-T2,TC
C103451,C103451-T1,TC
C103451,C103451-T2,TC
C103452,C103452-T1,TC
C103452,C103452-T2,TC
C103452,C103452-T3,TC
C103453,C103453-T1,TC
C103453,C103453-T2,TC
C103453,C103453-T3,TC
C103454,C103454-T1,TC
C103455,C103455-T1,TC
C103456,C103456-T1,TC
C103457,C103457-T1,TC
C103457,C103457-T2,TC
C103457,C103457-T3,TC
C103458,C103458-T1,TC
C103458,C103458-T2,TC
C103458,C103458-T3,TC
C103459,C103459-T1,TC
C103460,C103460-T1,TC
C103460,C103460-T2,TC
C103460,C103460-T3,TC
C103461,C103461-T1,TC
C103462,C103462-T1,TC
C103463,C103463-T1,TC
C103464,C103464-T1,TC
C103464,C103464-T2,TC
C103465,C103465-T1,TC
C103466,C103466-T1,TC
C103466,C103466-T2,TC
C103467,C103467-T1,TC
C103468,C103468-T1,TC
C103468,C103468-T2,TC
C103469,C103469-T1,TC
C103469,C103469-T2,TC
C103470,C103470-T1,TC
C103470,C103470-T2,TC
C103471,C103471-T1,TC
C103471,C103471-T2,TC
C103472,C103472-T1,TC
C103473,C103473-T1,TC
C103473,C103473-T2,TC
C103474,C103474-T1,TC
C103474,C103474-T2,TC
C103475,C103475-T1,TC
C103476,C103476-T1,TC
C103477,C103477-T1,TC
C103478,C103478-T1,TC
C103478,C103478-T2,TC
C103479,C103479-T1,TC
C103479,C103479-T2,TC
C103480,C103480-T1,TC
C103481,C103481-T1,TC
C103482,C103482-T1,TC
C103483,C103483-T1,TC
C103483,C103483-T2,TC
C103484,C103484-T1,TC
C103485,C103485-T1,TC
C103486,C103486-T1,TC
C103487,C103487-T1,TC
C103488,C103488-T1,TC
C103489,C103489-T1,TC
C103490,C103490-T1,TC
C103491,C103491-T1,TC
C103492,C103492-T1,TC
C103492,C103492-T2,TC
C103493,C103493-T1,TC
C103494,C103494-T1,TC
C103495,C103495-T1,TC
C103496,C103496-T1,TC
C103496,C103496-T2,TC
C103497,C103497-T1,TC
C103497,C103497-T2,TC
C103498,C103498-T1,TC
C103499,C103499-T1,TC
C103499,C103499-T2,TC
C103500,C103500-T1,TC
C103501,C103501-T1,TC
C103502,C103502-T1,TC
C103503,C103503-T1,TC
C103504,C103504-T1,TC
C103505,C103505-T1,TC
C103506,C103506-T1,TC
C103507,C103507-T1,TC
C103508,C103508-T1,TC
C103509,C103509-T1,TC
C103510,C103510-T1,TC
C103511,C103511-T1,TC
C103511,C103511-T2,TC
C103511,C103511-T3,TC
C103512,C103512-T1,TC
C103512,C103512-T2,TC
C103513,C103513-T1,TC
C103513,C103513-T2,TC
C103513,C103513-T3,TC
C103514,C103514-T1,TC
C103515,C103515-T1,TC
C103516,C103516-T1,TC
C103516,C103516-T2,TC
C103516,C103516-T3,TC
C103517,C103517-T1,TC
C103518,C103518-T1,TC
C103518,C103518-T2,TC
C103518,C103518-T3,TC
C103519,C103519-T1,TC
C103520,C103520-T1,TC
C103520,C103520-T2,TC
C103521,C103521-T1,TC
C103522,C103522-T1,TC
C103522,C103522-T2,TC
C103523,C103523-T1,TC
C103523,C103523-T2,TC
C103524,C103524-T1,TC
C103525,C103525-T1,TC
C103526,C103526-T1,TC
C103527,C103527-T1,TC
C103528,C103528-T1,TC
C103528,C103528-T2,TC
C103529,C103529-T1,TC
C103529,C103529-T2,TC
C103530,C103530-T1,TC
C103531,C103531-T1,TC
C103532,C103532-T1,TC
C103532,C103532-T2,TC
C103532,C103532-T3,TC
C103533,C103533-T1,TC
C103534,C103534-T1,TC
C103535,C103535-T1,TC
C103536,C103536-T1,TC
C103537,C103537-T1,TC
C103537,C103537-T2,TC
C103537,C103537-T3,TC
C103538,C103538-T1,TC
C103538,C103538-T2,TC
C103539,C103539-T1,TC
C103540,C103540-T1,TC
C103541,C103541-T1,TC
C103542,C103542-T1,TC
C103542,C103542-T2,TC
C103543,C103543-T1,TC
C103544,C103544-T1,TC
C103544,C103544-T2,TC
C103545,C103545-T1,TC
C103545,C103545-T2,TC
C103545,C103545-T3,TC
C103546,C103546-T1,TC
C103546,C103546-T2,TC
C103547,C103547-T1,TC
C103548,C103548-T1,TC
C103549,C103549-T1,TC
C103549,C103549-T2,TC
C103550,C103550-T1,TC
C103550,C103550-T2,TC
C103551,C103551-T1,TC
C103552,C103552-T1,TC
C103552,C103552-T2,TC
C103553,C103553-T1,TC
C103554,C103554-T1,TC
C103554,C103554-T2,TC
C103555,C103555-T1,TC
C103555,C103555-T2,TC
C103556,C103556-T1,TC
C103557,C103557-T1,TC
C103557,C103557-T2,TC
C103557,C103557-T3,TC
C103558,C103558-T1,TC
C103559,C103559-T1,TC
C103559,C103559-T2,TC
C103559,C103559-T3,TC
C103560,C103560-T1,TC
C103560,C103560-T2,TC
C103561,C103561-T1,TC
C103561,C103561-T2,TC
C103562,C103562-T1,TC
C103563,C103563-T1,TC
C103563,C103563-T2,TC
C103563,C103563-T3,TC
C103564,C103564-T1,TC
C103564,C103564-T2,TC
C103565,C103565-T1,TC
C103566,C103566-T1,TC
C103566,C103566-T2,TC
C103567,C103567-T1,TC
C103567,C103567-T2,TC
C103568,C103568-T1,TC
C103569,C103569-T1,TC
C103570,C103570-T1,TC
C103570,C103570-T2,TC
C103571,C103571-T1,TC
C103572,C103572-T1,TC
C103573,C103573-T1,TC
C103573,C103573-T2,TC
C103574,C103574-T1,TC
C103575,C103575-T1,TC
C103576,C103576-T1,TC
C103577,C103577-T1,TC
C103577,C103577-T2,TC
C103577,C103577-T3,TC
C103578,C103578-T1,TC
C103579,C103579-T1,TC
C103579,C103579-T2,TC
C103580,C103580-T1,TC
C103581,C103581-T1,TC
C103582,C103582-T1,TC
C103583,C103583-T1,TC
C103584,C103584-T1,TC
C103584,C103584-T2,TC
C103585,C103585-T1,TC
C103585,C103585-T2,TC
C103586,C103586-T1,TC
C103587,C103587-T1,TC
C103588,C103588-T1,TC
C103589,C103589-T1,TC
C103590,C103590-T1,TC
C103590,C103590-T2,TC
C103591,C103591-T1,TC
C103592,C103592-T1,TC
C103593,C103593-T1,TC
C103594,C103594-T1,TC
C103595,C103595-T1,TC
C103595,C103595-T2,TC
C103596,C103596-T1,TC
C103596,C103596-T2,TC
C103597,C103597-T1,TC
C103597,C103597-T2,TC
C103598,C103598-T1,TC
C103599,C103599-T1,TC
C103599,C103599-T2,TC
C103600,C103600-T1,TC
C103600,C103600-T2,TC
C103601,C103601-T1,TC
C103602,C103602-T1,TC
C103602,C103602-T2,TC
C103602,C103602-T3,TC
C103603,C103603-T1,TC
C103603,C103603-T2,TC
C103603,C103603-T3,TC
C103604,C103604-T1,TC
C103604,C103604-T2,TC
C103605,C103605-T1,TC
C103606,C103606-T1,TC
C103607,C103607-T1,TC
C103607,C103607-T2,TC
C103607,C103607-T3,TC
C103608,C103608-T1,TC
C103609,C103609-T1,TC
C103610,C103610-T1,TC
C103611,C103611-T1,TC
C103611,C103611-T2,TC
C103612,C103612-T1,TC
C103613,C103613-T1,TC
C103613,C103613-T2,TC
C103614,C103614-T1,TC
C103615,C103615-T1,TC
C103616,C103616-T1,TC
C103616,C103616-T2,TC
C103617,C103617-T1,TC
C103617,C103617-T2,TC
C103618,C103618-T1,TC
C103618,C103618-T2,TC
C103618,C103618-T3,TC
C103619,C103619-T1,TC
C103619,C103619-T2,TC
C103620,C103620-T1,TC
C103620,C103620-T2,TC
C103621,C103621-T1,TC
C103622,C103622-T1,TC
C103622,C103622-T2,TC
C103623,C103623-T1,TC
C103624,C103624-T1,TC
C103625,C103625-T1,TC
C103625,C103625-T2,TC
C103626,C103626-T1,TC
C103626,C103626-T2,TC
C103626,C103626-T3,TC
C103627,C103627-T1,TC
C103627,C103627-T2,TC
C103628,C103628-T1,TC
C103628,C103628-T2,TC
C103629,C103629-T1,TC
C103630,C103630-T1,TC
C103630,C103630-T2,TC
C103630,C103630-T3,TC
C103631,C103631-T1,TC
C103632,C103632-T1,TC
C103633,C103633-T1,TC
C103634,C103634-T1,TC
C103635,C103635-T1,TC
C103636,C103636-T1,TC
C103636,C103636-T2,TC
C103637,C103637-T1,TC
C103637,C103637-T2,TC
C103637,C103637-T3,TC
C103638,C103638-T1,TC
C103639,C103639-T1,TC
C103639,C103639-T2,TC
C103640,C103640-T1,TC
C103640,C103640-T2,TC
C103641,C103641-T1,TC
C103641,C103641-T2,TC
C103642,C103642-T1,TC
C103642,C103642-T2,TC
C103642,C103642-T3,TC
C103643,C103643-T1,TC
C103644,C103644-T1,TC
C103645,C103645-T1,TC
C103646,C103646-T1,TC
C103647,C103647-T1,TC
C103648,C103648-T1,TC
C103649,C103649-T1,TC
C103650,C103650-T1,TC
C103650,C103650-T2,TC
C103651,C103651-T1,TC
C103652,C103652-T1,TC
C103652,C103652-T2,TC
C103653,C103653-T1,TC
C103654,C103654-T1,TC
C103654,C103654-T2,TC
C103655,C103655-T1,TC
C103656,C103656-T1,TC
C103657,C103657-T1,TC
C103658,C103658-T1,TC
C103659,C103659-T1,TC
C103660,C103660-T1,TC
C103660,C103660-T2,TC
C103661,C103661-T1,TC
C103662,C103662-T1,TC
C103663,C103663-T1,TC
C103663,C103663-T2,TC
C103664,C103664-T1,TC
C103665,C103665-T1,TC
C103665,C103665-T2,TC
C103666,C103666-T1,TC
C103667,C103667-T1,TC
C103667,C103667-T2,TC
C103668,C103668-T1,TC
C103669,C103669-T1,TC
C103670,C103670-T1,TC
C103671,C103671-T1,TC
C103672,C103672-T1,TC
C103673,C103673-T1,TC
C103674,C103674-T1,TC
C103674,C103674-T2,TC
C103675,C103675-T1,TC
C103675,C103675-T2,TC
C103676,C103676-T1,TC
C103677,C103677-T1,TC
C103678,C103678-T1,TC
C103679,C103679-T1,TC
C103680,C103680-T1,TC
C103681,C103681-T1,TC
C103681,C103681-T2,TC
C103681,C103681-T3,TC
C103682,C103682-T1,TC
C103683,C103683-T1,TC
C103684,C103684-T1,TC
C103685,C103685-T1,TC
C103685,C103685-T2,TC
C103686,C103686-T1,TC
C103687,C103687-T1,TC
C103687,C103687-T2,TC
C103688,C103688-T1,TC
C103689,C103689-T1,TC
C103689,C103689-T2,TC
C103690,C103690-T1,TC
C103691,C103691-T1,TC
C103692,C103692-T1,TC
C103692,C103692-T2,TC
C103692,C103692-T3,TC
C103693,C103693-T1,TC
C103694,C103694-T1,TC
C103695,C103695-T1,TC
C103696,C103696-T1,TC
C103697,C103697-T1,TC
C103698,C103698-T1,TC
C103699,C103699-T1,TC
C103700,C103700-T1,TC
C103700,C103700-T2,TC
C103701,C103701-T1,TC
C103701,C103701-T2,TC
C103702,C103702-T1,TC
C103703,C103703-T1,TC
C103703,C103703-T2,TC
C103704,C103704-T1,TC
C103704,C103704-T2,TC
C103705,C103705-T1,TC
C103705,C103705-T2,TC
C103706,C103706-T1,TC
C103706,C103706-T2,TC
C103707,C103707-T1,TC
C103708,C103708-T1,TC
C103709,C103709-T1,TC
C103710,C103710-T1,TC
C103710,C103710-T2,TC
C103710,C103710-T3,TC
C103711,C103711-T1,TC
C103712,C103712-T1,TC
C103713,C103713-T1,TC
C103713,C103713-T2,TC
C103714,C103714-T1,TC
C103714,C103714-T2,TC
C103715,C103715-T1,TC
C103715,C103715-T2,TC
C103716,C103716-T1,TC
C103716,C103716-T2,TC
C103717,C103717-T1,TC
C103718,C103718-T1,TC
C103719,C103719-T1,TC
C103719,C103719-T2,TC
C103720,C103720-T1,TC
C103720,C103720-T2,TC
C103720,C103720-T3,TC
C103721,C103721-T1,TC
C103721,C103721-T2,TC
C103722,C103722-T1,TC
C103722,C103722-T2,TC
C103723,C103723-T1,TC
C103724,C103724-T1,TC
C103725,C103725-T1,TC
C103726,C103726-T1,TC
C103727,C103727-T1,TC
C103727,C103727-T2,TC
C103728,C103728-T1,TC
C103728,C103728-T2,TC
C103729,C103729-T1,TC
C103730,C103730-T1,TC
C103731,C103731-T1,TC
C103732,C103732-T1,TC
C103733,C103733-T1,TC
C103734,C103734-T1,TC
C103734,C103734-T2,TC
C103735,C103735-T1,TC
C103736,C103736-T1,TC
C103737,C103737-T1,TC
C103738,C103738-T1,TC
C103739,C103739-T1,TC
C103739,C103739-T2,TC
C103740,C103740-T1,TC
C103741,C103741-T1,TC
C103742,C103742-T1,TC
C103743,C103743-T1,TC
C103744,C103744-T1,TC
C103745,C103745-T1,TC
C103745,C103745-T2,TC
C103746,C103746-T1,TC
C103746,C103746-T2,TC
C103747,C103747-T1,TC
C103748,C103748-T1,TC
C103748,C103748-T2,TC
C103749,C103749-T1,TC
C103749,C103749-T2,TC
C103749,C103749-T3,TC
C103750,C103750-T1,TC
C103751,C103751-T1,TC
C103752,C103752-T1,TC
C103752,C103752-T2,TC
C103753,C103753-T1,TC
C103754,C103754-T1,TC
C103755,C103755-T1,TC
C103755,C103755-T2,TC
C103756,C103756-T1,TC
C103756,C103756-T2,TC
C103757,C103757-T1,TC
C103757,C103757-T2,TC
C103757,C103757-T3,TC
C103758,C103758-T1,TC
C103759,C103759-T1,TC
C103760,C103760-T1,TC
C103761,C103761-T1,TC
C103762,C103762-T1,TC
C103763,C103763-T1,TC
C103764,C103764-T1,TC
C103764,C103764-T2,TC
C103764,C103764-T3,TC
C103765,C103765-T1,TC
C103765,C103765-T2,TC
C103766,C103766-T1,TC
C103767,C103767-T1,TC
C103768,C103768-T1,TC
C103769,C103769-T1,TC
C103770,C103770-T1,TC
C103771,C103771-T1,TC
C103771,C103771-T2,TC
C103772,C103772-T1,TC
C103772,C103772-T2,TC
C103773,C103773-T1,TC
C103773,C103773-T2,TC
C103774,C103774-T1,TC
C103774,C103774-T2,TC
C103775,C103775-T1,TC
C103776,C103776-T1,TC
C103777,C103777-T1,TC
C103777,C103777-T2,TC
C103778,C103778-T1,TC
C103779,C103779-T1,TC
C103779,C103779-T2,TC
C103779,C103779-T3,TC
C103780,C103780-T1,TC
C103780,C103780-T2,TC
C103781,C103781-T1,TC
C103782,C103782-T1,TC
C103782,C103782-T2,TC
C103783,C103783-T1,TC
C103783,C103783-T2,TC
C103784,C103784-T1,TC
C103784,C103784-T2,TC
C103784,C103784-T3,TC
C103785,C103785-T1,TC
C103786,C103786-T1,TC
C103787,C103787-T1,TC
C103788,C103788-T1,TC
C103789,C103789-T1,TC
C103789,C103789-T2,TC
C103789,C103789-T3,TC
C103790,C103790-T1,TC
C103790,C103790-T2,TC
C103790,C103790-T3,TC
C103791,C103791-T1,TC
C103791,C103791-T2,TC
C103792,C103792-T1,TC
C103793,C103793-T1,TC
C103793,C103793-T2,TC
C103794,C103794-T1,TC
C103794,C103794-T2,TC
C103795,C103795-T1,TC
C103796,C103796-T1,TC
C103797,C103797-T1,TC
C103797,C103797-T2,TC
C103797,C103797-T3,TC
C103798,C103798-T1,TC
C103798,C103798-T2,TC
C103799,C103799-T1,TC
C103800,C103800-T1,TC
C103801,C103801-T1,TC
C103801,C103801-T2,TC
C103801,C103801-T3,TC
C103802,C103802-T1,TC
C103802,C103802-T2,TC
C103803,C103803-T1,TC
C103803,C103803-T2,TC
C103804,C103804-T1,TC
C103805,C103805-T1,TC
C103805,C103805-T2,TC
C103806,C103806-T1,TC
C103807,C103807-T1,TC
C103807,C103807-T2,TC
C103808,C103808-T1,TC
C103809,C103809-T1,TC
C103810,C103810-T1,TC
C103811,C103811-T1,TC
C103812,C103812-T1,TC
C103813,C103813-T1,TC
C103813,C103813-T2,TC
C103814,C103814-T1,TC
C103815,C103815-T1,TC
C103816,C103816-T1,TC
C103816,C103816-T2,TC
C103817,C103817-T1,TC
C103818,C103818-T1,TC
C103819,C103819-T1,TC
C103820,C103820-T1,TC
C103820,C103820-T2,TC
C103821,C103821-T1,TC
C103822,C103822-T1,TC
C103823,C103823-T1,TC
C103824,C103824-T1,TC
C103825,C103825-T1,TC
C103826,C103826-T1,TC
C103827,C103827-T1,TC
C103828,C103828-T1,TC
C103828,C103828-T2,TC
C103829,C103829-T1,TC
C103830,C103830-T1,TC
C103831,C103831-T1,TC
C103831,C103831-T2,TC
C103832,C103832-T1,TC
C103833,C103833-T1,TC
C103833,C103833-T2,TC
C103834,C103834-T1,TC
C103835,C103835-T1,TC
C103836,C103836-T1,TC
C103836,C103836-T2,TC
C103837,C103837-T1,TC
C103837,C103837-T2,TC
C103838,C103838-T1,TC
C103839,C103839-T1,TC
C103839,C103839-T2,TC
C103840,C103840-T1,TC
C103841,C103841-T1,TC
C103841,C103841-T2,TC
C103842,C103842-T1,TC
C103843,C103843-T1,TC
C103844,C103844-T1,TC
C103845,C103845-T1,TC
C103845,C103845-T2,TC
C103846,C103846-T1,TC
C103847,C103847-T1,TC
C103848,C103848-T1,TC
C103849,C103849-T1,TC
C103850,C103850-T1,TC
C103851,C103851-T1,TC
C103852,C103852-T1,TC
C103853,C103853-T1,TC
C103854,C103854-T1,TC
C103855,C103855-T1,TC
C103856,C103856-T1,TC
C103857,C103857-T1,TC
C103858,C103858-T1,TC
C103858,C103858-T2,TC
C103859,C103859-T1,TC
C103860,C103860-T1,TC
C103860,C103860-T2,TC
C103861,C103861-T1,TC
C103861,C103861-T2,TC
C103862,C103862-T1,TC
C103863,C103863-T1,TC
C103863,C103863-T2,TC
C103864,C103864-T1,TC
C103864,C103864-T2,TC
C103865,C103865-T1,TC
C103865,C103865-T2,TC
C103866,C103866-T1,TC
C103866,C103866-T2,TC
C103867,C103867-T1,TC
C103868,C103868-T1,TC
C103869,C103869-T1,TC
C103870,C103870-T1,TC
C103871,C103871-T1,TC
C103871,C103871-T2,TC
C103872,C103872-T1,TC
C103873,C103873-T1,TC
C103873,C103873-T2,TC
C103874,C103874-T1,TC
C103875,C103875-T1,TC
C103876,C103876-T1,TC
C103876,C103876-T2,TC
C103877,C103877-T1,TC
C103878,C103878-T1,TC
C103879,C103879-T1,TC
C103879,C103879-T2,TC
C103880,C103880-T1,TC
C103881,C103881-T1,TC
C103882,C103882-T1,TC
C103882,C103882-T2,TC
C103883,C103883-T1,TC
C103884,C103884-T1,TC
C103885,C103885-T1,TC
C103886,C103886-T1,TC
C103887,C103887-T1,TC
C103887,C103887-T2,TC
C103887,C103887-T3,TC
C103888,C103888-T1,TC
C103889,C103889-T1,TC
C103889,C103889-T2,TC
C103889,C103889-T3,TC
C103890,C103890-T1,TC
C103890,C103890-T2,TC
C103891,C103891-T1,TC
C103892,C103892-T1,TC
C103893,C103893-T1,TC
C103894,C103894-T1,TC
C103895,C103895-T1,TC
C103895,C103895-T2,TC
C103896,C103896-T1,TC
C103897,C103897-T1,TC
C103898,C103898-T1,TC
C103899,C103899-T1,TC
C103899,C103899-T2,TC
C103900,C103900-T1,TC
C103901,C103901-T1,TC
C103901,C103901-T2,TC
C103902,C103902-T1,TC
C103902,C103902-T2,TC
C103903,C103903-T1,TC
C103904,C103904-T1,TC
C103904,C103904-T2,TC
C103905,C103905-T1,TC
C103906,C103906-T1,TC
C103906,C103906-T2,TC
C103906,C103906-T3,TC
C103907,C103907-T1,TC
C103908,C103908-T1,TC
C103909,C103909-T1,TC
C103909,C103909-T2,TC
C103910,C103910-T1,TC
C103911,C103911-T1,TC
C103911,C103911-T2,TC
C103912,C103912-T1,TC
C103913,C103913-T1,TC
C103914,C103914-T1,TC
C103915,C103915-T1,TC
C103915,C103915-T2,TC
C103916,C103916-T1,TC
C103917,C103917-T1,TC
C103917,C103917-T2,TC
C103918,C103918-T1,TC
C103919,C103919-T1,TC
C103919,C103919-T2,TC
C103920,C103920-T1,TC
C103921,C103921-T1,TC
C103921,C103921-T2,TC
C103922,C103922-T1,TC
C103922,C103922-T2,TC
C103923,C103923-T1,TC
C103923,C103923-T2,TC
C103924,C103924-T1,TC
C103925,C103925-T1,TC
C103925,C103925-T2,TC
C103925,C103925-T3,TC
C103926,C103926-T1,TC
C103926,C103926-T2,TC
C103926,C103926-T3,TC
C103927,C103927-T1,TC
C103928,C103928-T1,TC
C103928,C103928-T2,TC
C103929,C103929-T1,TC
C103930,C103930-T1,TC
C103930,C103930-T2,TC
C103931,C103931-T1,TC
C103931,C103931-T2,TC
C103931,C103931-T3,TC
C103932,C103932-T1,TC
C103933,C103933-T1,TC
C103934,C103934-T1,TC
C103935,C103935-T1,TC
C103935,C103935-T2,TC
C103936,C103936-T1,TC
C103937,C103937-T1,TC
C103938,C103938-T1,TC
C103939,C103939-T1,TC
C103940,C103940-T1,TC
C103941,C103941-T1,TC
C103942,C103942-T1,TC
C103942,C103942-T2,TC
C103943,C103943-T1,TC
C103944,C103944-T1,TC
C103944,C103944-T2,TC
C103945,C103945-T1,TC
C103945,C103945-T2,TC
C103945,C103945-T3,TC
C103946,C103946-T1,TC
C103947,C103947-T1,TC
C103947,C103947-T2,TC
C103948,C103948-T1,TC
C103948,C103948-T2,TC
C103949,C103949-T1,TC
C103950,C103950-T1,TC
C103951,C103951-T1,TC
C103952,C103952-T1,TC
C103952,C103952-T2,TC
C103953,C103953-T1,TC
C103953,C103953-T2,TC
C103954,C103954-T1,TC
C103954,C103954-T2,TC
C103954,C103954-T3,TC
C103955,C103955-T1,TC
C103955,C103955-T2,TC
C103956,C103956-T1,TC
C103957,C103957-T1,TC
C103957,C103957-T2,TC
C103958,C103958-T1,TC
C103959,C103959-T1,TC
C103960,C103960-T1,TC
C103961,C103961-T1,TC
C103962,C103962-T1,TC
C103962,C103962-T2,TC
C103962,C103962-T3,TC
C103963,C103963-T1,TC
C103963,C103963-T2,TC
C103964,C103964-T1,TC
C103964,C103964-T2,TC
C103964,C103964-T3,TC
C103965,C103965-T1,TC
C103966,C103966-T1,TC
C103967,C103967-T1,TC
C103968,C103968-T1,TC
C103968,C103968-T2,TC
C103969,C103969-T1,TC
C103970,C103970-T1,TC
C103970,C103970-T2,TC
C103971,C103971-T1,TC
C103972,C103972-T1,TC
C103973,C103973-T1,TC
C103974,C103974-T1,TC
C103975,C103975-T1,TC
C103976,C103976-T1,TC
C103977,C103977-T1,TC
C103978,C103978-T1,TC
C103978,C103978-T2,TC
C103979,C103979-T1,TC
C103980,C103980-T1,TC
C103980,C103980-T2,TC
C103981,C103981-T1,TC
C103982,C103982-T1,TC
C103983,C103983-T1,TC
C103984,C103984-T1,TC
C103985,C103985-T1,TC
C103986,C103986-T1,TC
C103987,C103987-T1,TC
C103988,C103988-T1,TC
C103989,C103989-T1,TC
C103990,C103990-T1,TC
C103991,C103991-T1,TC
C103992,C103992-T1,TC
C103993,C103993-T1,TC
C103993,C103993-T2,TC
C103994,C103994-T1,TC
C103994,C103994-T2,TC
C103994,C103994-T3,TC
C103995,C103995-T1,TC
C103996,C103996-T1,TC
C103996,C103996-T2,TC
C103996,C103996-T3,TC
C103997,C103997-T1,TC
C103998,C103998-T1,TC
C103999,C103999-T1,TC
C104000,C104000-T1,TC
C104000,C104000-T2,TC
C104001,C104001-T1,TC
C104001,C104001-T2,TC
C104001,C104001-T3,TC
C104002,C104002-T1,TC
C104002,C104002-T2,TC
C104003,C104003-T1,TC
C104004,C104004-T1,TC
C104005,C104005-T1,TC
C104006,C104006-T1,TC
C104007,C104007-T1,TC
C104007,C104007-T2,TC
C104007,C104007-T3,TC
C104008,C104008-T1,TC
C104009,C104009-T1,TC
C104009,C104009-T2,TC
C104010,C104010-T1,TC
C104011,C104011-T1,TC
C104011,C104011-T2,TC
C104012,C104012-T1,TC
C104012,C104012-T2,TC
C104013,C104013-T1,TC
C104014,C104014-T1,TC
C104015,C104015-T1,TC
C104015,C104015-T2,TC
C104016,C104016-T1,TC
C104017,C104017-T1,TC
C104018,C104018-T1,TC
C104018,C104018-T2,TC
C104018,C104018-T3,TC
C104019,C104019-T1,TC
C104019,C104019-T2,TC
C104020,C104020-T1,TC
C104021,C104021-T1,TC
C104021,C104021-T2,TC
C104022,C104022-T1,TC
C104023,C104023-T1,TC
C104023,C104023-T2,TC
C104024,C104024-T1,TC
C104025,C104025-T1,TC
C104025,C104025-T2,TC
C104026,C104026-T1,TC
C104026,C104026-T2,TC
C104026,C104026-T3,TC
C104027,C104027-T1,TC
C104028,C104028-T1,TC
C104029,C104029-T1,TC
C104029,C104029-T2,TC
C104030,C104030-T1,TC
C104031,C104031-T1,TC
C104031,C104031-T2,TC
C104031,C104031-T3,TC
C104032,C104032-T1,TC
C104032,C104032-T2,TC
C104033,C104033-T1,TC
C104034,C104034-T1,TC
C104035,C104035-T1,TC
C104035,C104035-T2,TC
C104036,C104036-T1,TC
C104037,C104037-T1,TC
C104038,C104038-T1,TC
C104039,C104039-T1,TC
C104039,C104039-T2,TC
C104039,C104039-T3,TC
C104040,C104040-T1,TC
C104040,C104040-T2,TC
C104041,C104041-T1,TC
C104042,C104042-T1,TC
C104042,C104042-T2,TC
C104043,C104043-T1,TC
C104043,C104043-T2,TC
C104043,C104043-T3,TC
C104044,C104044-T1,TC
C104045,C104045-T1,TC
C104046,C104046-T1,TC
C104047,C104047-T1,TC
C104047,C104047-T2,TC
C104048,C104048-T1,TC
C104049,C104049-T1,TC
C104050,C104050-T1,TC
C104051,C104051-T1,TC
C104051,C104051-T2,TC
C104051,C104051-T3,TC
C104052,C104052-T1,TC
C104053,C104053-T1,TC
C104054,C104054-T1,TC
C104055,C104055-T1,TC
C104055,C104055-T2,TC
C104055,C104055-T3,TC
C104056,C104056-T1,TC
C104056,C104056-T2,TC
C104057,C104057-T1,TC
C104058,C104058-T1,TC
C104059,C104059-T1,TC
C104059,C104059-T2,TC
C104060,C104060-T1,TC
C104061,C104061-T1,TC
C104061,C104061-T2,TC
C104062,C104062-T1,TC
C104062,C104062-T2,TC
C104063,C104063-T1,TC
C104064,C104064-T1,TC
C104065,C104065-T1,TC
C104066,C104066-T1,TC
C104066,C104066-T2,TC
C104066,C104066-T3,TC
C104067,C104067-T1,TC
C104068,C104068-T1,TC
C104068,C104068-T2,TC
C104069,C104069-T1,TC
C104069,C104069-T2,TC
C104069,C104069-T3,TC
C104070,C104070-T1,TC
C104071,C104071-T1,TC
C104072,C104072-T1,TC
C104072,C104072-T2,TC
C104073,C104073-T1,TC
C104074,C104074-T1,TC
C104074,C104074-T2,TC
C104075,C104075-T1,TC
C104075,C104075-T2,TC
C104076,C104076-T1,TC
C104077,C104077-T1,TC
C104077,C104077-T2,TC
C104078,C104078-T1,TC
C104079,C104079-T1,TC
C104080,C104080-T1,TC
C104080,C104080-T2,TC
C104081,C104081-T1,TC
C104081,C104081-T2,TC
C104082,C104082-T1,TC
C104082,C104082-T2,TC
C104083,C104083-T1,TC
C104083,C104083-T2,TC
C104083,C104083-T3,TC
C104084,C104084-T1,TC
C104085,C104085-T1,TC
C104086,C104086-T1,TC
C104087,C104087-T1,TC
C104087,C104087-T2,TC
C104087,C104087-T3,TC
C104088,C104088-T1,TC
C104089,C104089-T1,TC
C104090,C104090-T1,TC
C104091,C104091-T1,TC
C104091,C104091-T2,TC
C104092,C104092-T1,TC
C104092,C104092-T2,TC
C104093,C104093-T1,TC
C104093,C104093-T2,TC
C104093,C104093-T3,TC
C104094,C104094-T1,TC
C104094,C104094-T2,TC
C104094,C104094-T3,TC
C104095,C104095-T1,TC
C104096,C104096-T1,TC
C104097,C104097-T1,TC
C104098,C104098-T1,TC
C104099,C104099-T1,TC
C104099,C104099-T2,TC
C104100,C104100-T1,TC
C104101,C104101-T1,TC
C104102,C104102-T1,TC
C104103,C104103-T1,TC
C104104,C104104-T1,TC
C104104,C104104-T2,TC
C104104,C104104-T3,TC
C104105,C104105-T1,TC
C104106,C104106-T1,TC
C104107,C104107-T1,TC
C104107,C104107-T2,TC
C104108,C104108-T1,TC
C104109,C104109-T1,TC
C104110,C104110-T1,TC
C104111,C104111-T1,TC
C104112,C104112-T1,TC
C104112,C104112-T2,TC
C104112,C104112-T3,TC
C104113,C104113-T1,TC
C104114,C104114-T1,TC
C104115,C104115-T1,TC
C104116,C104116-T1,TC
C104116,C104116-T2,TC
C104117,C104117-T1,TC
C104117,C104117-T2,TC
C104118,C104118-T1,TC
C104118,C104118-T2,TC
C104118,C104118-T3,TC
C104119,C104119-T1,TC
C104120,C104120-T1,TC
C104121,C104121-T1,TC
C104122,C104122-T1,TC
C104123,C104123-T1,TC
C104124,C104124-T1,TC
C104125,C104125-T1,TC
C104125,C104125-T2,TC
C104126,C104126-T1,TC
C104126,C104126-T2,TC
C104126,C104126-T3,TC
C104127,C104127-T1,TC
C104128,C104128-T1,TC
C104128,C104128-T2,TC
C104128,C104128-T3,TC
C104129,C104129-T1,TC
C104130,C104130-T1,TC
C104131,C104131-T1,TC
C104131,C104131-T2,TC
C104132,C104132-T1,TC
C104133,C104133-T1,TC
C104133,C104133-T2,TC
C104133,C104133-T3,TC
C104134,C104134-T1,TC
C104135,C104135-T1,TC
C104135,C104135-T2,TC
C104136,C104136-T1,TC
C104136,C104136-T2,TC
C104137,C104137-T1,TC
C104138,C104138-T1,TC
C104138,C104138-T2,TC
C104138,C104138-T3,TC
C104139,C104139-T1,TC
C104140,C104140-T1,TC
C104140,C104140-T2,TC
C104141,C104141-T1,TC
C104142,C104142-T1,TC
C104142,C104142-T2,TC
C104142,C104142-T3,TC
C104143,C104143-T1,TC
C104144,C104144-T1,TC
C104144,C104144-T2,TC
C104145,C104145-T1,TC
C104146,C104146-T1,TC
C104146,C104146-T2,TC
C104146,C104146-T3,TC
C104147,C104147-T1,TC
C104147,C104147-T2,TC
C104147,C104147-T3,TC
C104148,C104148-T1,TC
C104148,C104148-T2,TC
C104148,C104148-T3,TC
C104149,C104149-T1,TC
C104149,C104149-T2,TC
C104150,C104150-T1,TC
C104151,C104151-T1,TC
C104152,C104152-T1,TC
C104152,C104152-T2,TC
C104153,C104153-T1,TC
C104154,C104154-T1,TC
C104155,C104155-T1,TC
C104155,C104155-T2,TC
C104156,C104156-T1,TC
C104156,C104156-T2,TC
C104157,C104157-T1,TC
C104158,C104158-T1,TC
C104158,C104158-T2,TC
C104159,C104159-T1,TC
C104160,C104160-T1,TC
C104160,C104160-T2,TC
C104161,C104161-T1,TC
C104162,C104162-T1,TC
C104163,C104163-T1,TC
C104164,C104164-T1,TC
C104164,C104164-T2,TC
C104164,C104164-T3,TC
C104165,C104165-T1,TC
C104166,C104166-T1,TC
C104166,C104166-T2,TC
C104166,C104166-T3,TC
C104167,C104167-T1,TC
C104168,C104168-T1,TC
C104168,C104168-T2,TC
C104169,C104169-T1,TC
C104170,C104170-T1,TC
C104171,C104171-T1,TC
C104172,C104172-T1,TC
C104172,C104172-T2,TC
C104173,C104173-T1,TC
C104174,C104174-T1,TC
C104175,C104175-T1,TC
C104176,C104176-T1,TC
C104176,C104176-T2,TC
C104177,C104177-T1,TC
C104177,C104177-T2,TC
C104178,C104178-T1,TC
C104178,C104178-T2,TC
C104179,C104179-T1,TC
C104180,C104180-T1,TC
C104180,C104180-T2,TC
C104180,C104180-T3,TC
C104181,C104181-T1,TC
C104181,C104181-T2,TC
C104182,C104182-T1,TC
C104182,C104182-T2,TC
C104182,C104182-T3,TC
C104183,C104183-T1,TC
C104184,C104184-T1,TC
C104185,C104185-T1,TC
C104185,C104185-T2,TC
C104186,C104186-T1,TC
C104187,C104187-T1,TC
C104188,C104188-T1,TC
C104189,C104189-T1,TC
C104189,C104189-T2,TC
C104190,C104190-T1,TC
C104190,C104190-T2,TC
C104190,C104190-T3,TC
C104191,C104191-T1,TC
C104192,C104192-T1,TC
C104193,C104193-T1,TC
C104194,C104194-T1,TC
C104195,C104195-T1,TC
C104196,C104196-T1,TC
C104196,C104196-T2,TC
C104197,C104197-T1,TC
C104198,C104198-T1,TC
C104199,C104199-T1,TC
C104199,C104199-T2,TC
C104200,C104200-T1,TC
C104201,C104201-T1,TC
C104201,C104201-T2,TC
C104202,C104202-T1,TC
C104203,C104203-T1,TC
C104204,C104204-T1,TC
C104205,C104205-T1,TC
C104205,C104205-T2,TC
C104206,C104206-T1,TC
C104206,C104206-T2,TC
C104206,C104206-T3,TC
C104207,C104207-T1,TC
C104208,C104208-T1,TC
C104209,C104209-T1,TC
C104210,C104210-T1,TC
C104210,C104210-T2,TC
C104211,C104211-T1,TC
C104211,C104211-T2,TC
C104212,C104212-T1,TC
C104213,C104213-T1,TC
C104213,C104213-T2,TC
C104214,C104214-T1,TC
C104214,C104214-T2,TC
C104215,C104215-T1,TC
C104216,C104216-T1,TC
C104216,C104216-T2,TC
C104216,C104216-T3,TC
C104217,C104217-T1,TC
C104217,C104217-T2,TC
C104218,C104218-T1,TC
C104219,C104219-T1,TC
C104219,C104219-T2,TC
C104220,C104220-T1,TC
C104221,C104221-T1,TC
C104221,C104221-T2,TC
C104222,C104222-T1,TC
C104222,C104222-T2,TC
C104223,C104223-T1,TC
C104223,C104223-T2,TC
C104224,C104224-T1,TC
C104224,C104224-T2,TC
C104225,C104225-T1,TC
C104225,C104225-T2,TC
C104226,C104226-T1,TC
C104226,C104226-T2,TC
C104227,C104227-T1,TC
C104228,C104228-T1,TC
C104228,C104228-T2,TC
C104228,C104228-T3,TC
C104229,C104229-T1,TC
C104230,C104230-T1,TC
C104231,C104231-T1,TC
C104231,C104231-T2,TC
C104232,C104232-T1,TC
C104233,C104233-T1,TC
C104234,C104234-T1,TC
C104235,C104235-T1,TC
C104235,C104235-T2,TC
C104236,C104236-T1,TC
C104237,C104237-T1,TC
C104238,C104238-T1,TC
C104238,C104238-T2,TC
C104238,C104238-T3,TC
C104239,C104239-T1,TC
C104239,C104239-T2,TC
C104240,C104240-T1,TC
C104240,C104240-T2,TC
C104241,C104241-T1,TC
C104242,C104242-T1,TC
C104243,C104243-T1,TC
C104243,C104243-T2,TC
C104244,C104244-T1,TC
C104245,C104245-T1,TC
C104245,C104245-T2,TC
C104246,C104246-T1,TC
C104247,C104247-T1,TC
C104248,C104248-T1,TC
C104249,C104249-T1,TC
C104250,C104250-T1,TC
C104251,C104251-T1,TC
C104251,C104251-T2,TC
C104251,C104251-T3,TC
C104252,C104252-T1,TC
C104252,C104252-T2,TC
C104253,C104253-T1,TC
C104254,C104254-T1,TC
C104255,C104255-T1,TC
C104256,C104256-T1,TC
C104256,C104256-T2,TC
C104256,C104256-T3,TC
C104257,C104257-T1,TC
C104258,C104258-T1,TC
C104259,C104259-T1,TC
C104260,C104260-T1,TC
C104260,C104260-T2,TC
C104260,C104260-T3,TC
C104261,C104261-T1,TC
C104261,C104261-T2,TC
C104262,C104262-T1,TC
C104263,C104263-T1,TC
C104264,C104264-T1,TC
C104264,C104264-T2,TC
C104265,C104265-T1,TC
C104266,C104266-T1,TC
C104267,C104267-T1,TC
C104267,C104267-T2,TC
C104268,C104268-T1,TC
C104269,C104269-T1,TC
C104269,C104269-T2,TC
C104270,C104270-T1,TC
C104271,C104271-T1,TC
C104271,C104271-T2,TC
C104272,C104272-T1,TC
C104273,C104273-T1,TC
C104274,C104274-T1,TC
C104274,C104274-T2,TC
C104275,C104275-T1,TC
C104275,C104275-T2,TC
C104276,C104276-T1,TC
C104277,C104277-T1,TC
C104277,C104277-T2,TC
C104277,C104277-T3,TC
C104278,C104278-T1,TC
C104278,C104278-T2,TC
C104278,C104278-T3,TC
C104279,C104279-T1,TC
C104279,C104279-T2,TC
C104280,C104280-T1,TC
C104281,C104281-T1,TC
C104282,C104282-T1,TC
C104283,C104283-T1,TC
C104284,C104284-T1,TC
C104285,C104285-T1,TC
C104286,C104286-T1,TC
C104287,C104287-T1,TC
C104288,C104288-T1,TC
C104288,C104288-T2,TC
C104288,C104288-T3,TC
C104289,C104289-T1,TC
C104290,C104290-T1,TC
C104290,C104290-T2,TC
C104291,C104291-T1,TC
C104292,C104292-T1,TC
C104292,C104292-T2,TC
C104293,C104293-T1,TC
C104294,C104294-T1,TC
C104295,C104295-T1,TC
C104296,C104296-T1,TC
C104296,C104296-T2,TC
C104297,C104297-T1,TC
C104298,C104298-T1,TC
C104298,C104298-T2,TC
C104299,C104299-T1,TC
C104300,C104300-T1,TC
C104301,C104301-T1,TC
C104302,C104302-T1,TC
C104303,C104303-T1,TC
C104303,C104303-T2,TC
C104304,C104304-T1,TC
C104304,C104304-T2,TC
C104305,C104305-T1,TC
C104305,C104305-T2,TC
C104306,C104306-T1,TC
C104307,C104307-T1,TC
C104307,C104307-T2,TC
C104308,C104308-T1,TC
C104308,C104308-T2,TC
C104308,C104308-T3,TC
C104309,C104309-T1,TC
C104310,C104310-T1,TC
C104311,C104311-T1,TC
C104311,C104311-T2,TC
C104312,C104312-T1,TC
C104313,C104313-T1,TC
C104314,C104314-T1,TC
C104314,C104314-T2,TC
C104314,C104314-T3,TC
C104315,C104315-T1,TC
C104315,C104315-T2,TC
C104315,C104315-T3,TC
C104316,C104316-T1,TC
C104317,C104317-T1,TC
C104318,C104318-T1,TC
C104319,C104319-T1,TC
C104320,C104320-T1,TC
C104321,C104321-T1,TC
C104321,C104321-T2,TC
C104322,C104322-T1,TC
C104323,C104323-T1,TC
C104323,C104323-T2,TC
C104324,C104324-T1,TC
C104325,C104325-T1,TC
C104325,C104325-T2,TC
C104326,C104326-T1,TC
C104327,C104327-T1,TC
C104328,C104328-T1,TC
C104328,C104328-T2,TC
C104328,C104328-T3,TC
C104329,C104329-T1,TC
C104329,C104329-T2,TC
C104330,C104330-T1,TC
C104330,C104330-T2,TC
C104331,C104331-T1,TC
C104331,C104331-T2,TC
C104332,C104332-T1,TC
C104332,C104332-T2,TC
C104333,C104333-T1,TC
C104333,C104333-T2,TC
C104334,C104334-T1,TC
C104334,C104334-T2,TC
C104335,C104335-T1,TC
C104336,C104336-T1,TC
C104337,C104337-T1,TC
C104338,C104338-T1,TC
C104338,C104338-T2,TC
C104338,C104338-T3,TC
C104339,C104339-T1,TC
C104340,C104340-T1,TC
C104341,C104341-T1,TC
C104342,C104342-T1,TC
C104343,C104343-T1,TC
C104344,C104344-T1,TC
C104344,C104344-T2,TC
C104344,C104344-T3,TC
C104345,C104345-T1,TC
C104346,C104346-T1,TC
C104347,C104347-T1,TC
C104348,C104348-T1,TC
C104348,C104348-T2,TC
C104349,C104349-T1,TC
C104350,C104350-T1,TC
C104351,C104351-T1,TC
C104352,C104352-T1,TC
C104353,C104353-T1,TC
C104353,C104353-T2,TC
C104354,C104354-T1,TC
C104355,C104355-T1,TC
C104355,C104355-T2,TC
C104356,C104356-T1,TC
C104356,C104356-T2,TC
C104357,C104357-T1,TC
C104358,C104358-T1,TC
C104359,C104359-T1,TC
C104360,C104360-T1,TC
C104361,C104361-T1,TC
C104362,C104362-T1,TC
C104362,C104362-T2,TC
C104363,C104363-T1,TC
C104363,C104363-T2,TC
C104364,C104364-T1,TC
C104365,C104365-T1,TC
C104365,C104365-T2,TC
C104365,C104365-T3,TC
C104366,C104366-T1,TC
C104367,C104367-T1,TC
C104368,C104368-T1,TC
C104368,C104368-T2,TC
C104369,C104369-T1,TC
C104369,C104369-T2,TC
C104369,C104369-T3,TC
C104370,C104370-T1,TC
C104370,C104370-T2,TC
C104371,C104371-T1,TC
C104371,C104371-T2,TC
C104372,C104372-T1,TC
C104373,C104373-T1,TC
C104374,C104374-T1,TC
C104374,C104374-T2,TC
C104375,C104375-T1,TC
C104376,C104376-T1,TC
C104376,C104376-T2,TC
C104377,C104377-T1,TC
C104377,C104377-T2,TC
C104378,C104378-T1,TC
C104379,C104379-T1,TC
C104380,C104380-T1,TC
C104380,C104380-T2,TC
C104381,C104381-T1,TC
C104381,C104381-T2,TC
C104382,C104382-T1,TC
C104382,C104382-T2,TC
C104383,C104383-T1,TC
C104384,C104384-T1,TC
C104384,C104384-T2,TC
C104385,C104385-T1,TC
C104386,C104386-T1,TC
C104387,C104387-T1,TC
C104388,C104388-T1,TC
C104389,C104389-T1,TC
C104390,C104390-T1,TC
C104391,C104391-T1,TC
C104392,C104392-T1,TC
C104393,C104393-T1,TC
C104394,C104394-T1,TC
C104395,C104395-T1,TC
C104396,C104396-T1,TC
C104397,C104397-T1,TC
C104398,C104398-T1,TC
C104399,C104399-T1,TC
C104400,C104400-T1,TC
C104401,C104401-T1,TC
C104402,C104402-T1,TC
C104402,C104402-T2,TC
C104402,C104402-T3,TC
C104403,C104403-T1,TC
C104404,C104404-T1,TC
C104404,C104404-T2,TC
C104404,C104404-T3,TC
C104405,C104405-T1,TC
C104406,C104406-T1,TC
C104406,C104406-T2,TC
C104407,C104407-T1,TC
C104408,C104408-T1,TC
C104409,C104409-T1,TC
C104409,C104409-T2,TC
C104410,C104410-T1,TC
C104411,C104411-T1,TC
C104412,C104412-T1,TC
C104412,C104412-T2,TC
C104413,C104413-T1,TC
C104414,C104414-T1,TC
C104415,C104415-T1,TC
C104416,C104416-T1,TC
C104417,C104417-T1,TC
C104417,C104417-T2,TC
C104418,C104418-T1,TC
C104419,C104419-T1,TC
C104420,C104420-T1,TC
C104421,C104421-T1,TC
C104422,C104422-T1,TC
C104422,C104422-T2,TC
C104423,C104423-T1,TC
C104424,C104424-T1,TC
C104425,C104425-T1,TC
C104426,C104426-T1,TC
C104426,C104426-T2,TC
C104426,C104426-T3,TC
C104427,C104427-T1,TC
C104428,C104428-T1,TC
C104429,C104429-T1,TC
C104430,C104430-T1,TC
C104431,C104431-T1,TC
C104432,C104432-T1,TC
C104432,C104432-T2,TC
C104432,C104432-T3,TC
C104433,C104433-T1,TC
C104433,C104433-T2,TC
C104434,C104434-T1,TC
C104434,C104434-T2,TC
C104435,C104435-T1,TC
C104436,C104436-T1,TC
C104437,C104437-T1,TC
C104437,C104437-T2,TC
C104438,C104438-T1,TC
C104438,C104438-T2,TC
C104439,C104439-T1,TC
C104439,C104439-T2,TC
C104440,C104440-T1,TC
C104441,C104441-T1,TC
C104442,C104442-T1,TC
C104443,C104443-T1,TC
C104443,C104443-T2,TC
C104443,C104443-T3,TC
C104444,C104444-T1,TC
C104445,C104445-T1,TC
C104446,C104446-T1,TC
C104447,C104447-T1,TC
C104448,C104448-T1,TC
C104448,C104448-T2,TC
C104449,C104449-T1,TC
C104450,C104450-T1,TC
C104451,C104451-T1,TC
C104452,C104452-T1,TC
C104453,C104453-T1,TC
C104453,C104453-T2,TC
C104454,C104454-T1,TC
C104455,C104455-T1,TC
C104455,C104455-T2,TC
C104456,C104456-T1,TC
C104457,C104457-T1,TC
C104458,C104458-T1,TC
C104459,C104459-T1,TC
C104459,C104459-T2,TC
C104460,C104460-T1,TC
C104461,C104461-T1,TC
C104461,C104461-T2,TC
C104462,C104462-T1,TC
C104462,C104462-T2,TC
C104463,C104463-T1,TC
C104463,C104463-T2,TC
C104464,C104464-T1,TC
C104465,C104465-T1,TC
C104465,C104465-T2,TC
C104465,C104465-T3,TC
C104466,C104466-T1,TC
C104466,C104466-T2,TC
C104466,C104466-T3,TC
C104467,C104467-T1,TC
C104467,C104467-T2,TC
C104467,C104467-T3,TC
C104468,C104468-T1,TC
C104468,C104468-T2,TC
C104469,C104469-T1,TC
C104470,C104470-T1,TC
C104470,C104470-T2,TC
C104470,C104470-T3,TC
C104471,C104471-T1,TC
C104471,C104471-T2,TC
C104472,C104472-T1,TC
C104473,C104473-T1,TC
C104473,C104473-T2,TC
C104473,C104473-T3,TC
C104474,C104474-T1,TC
C104475,C104475-T1,TC
C104475,C104475-T2,TC
C104475,C104475-T3,TC
C104476,C104476-T1,TC
C104477,C104477-T1,TC
C104477,C104477-T2,TC
C104478,C104478-T1,TC
C104479,C104479-T1,TC
C104480,C104480-T1,TC
C104481,C104481-T1,TC
C104482,C104482-T1,TC
C104483,C104483-T1,TC
C104484,C104484-T1,TC
C104484,C104484-T2,TC
C104484,C104484-T3,TC
C104485,C104485-T1,TC
C104485,C104485-T2,TC
C104486,C104486-T1,TC
C104487,C104487-T1,TC
C104488,C104488-T1,TC
C104489,C104489-T1,TC
C104489,C104489-T2,TC
C104489,C104489-T3,TC
C104490,C104490-T1,TC
C104490,C104490-T2,TC
C104491,C104491-T1,TC
C104491,C104491-T2,TC
C104491,C104491-T3,TC
C104492,C104492-T1,TC
C104492,C104492-T2,TC
C104493,C104493-T1,TC
C104494,C104494-T1,TC
C104495,C104495-T1,TC
C104496,C104496-T1,TC
C104497,C104497-T1,TC
C104497,C104497-T2,TC
C104498,C104498-T1,TC
C104498,C104498-T2,TC
C104499,C104499-T1,TC
C104499,C104499-T2,TC
C104500,C104500-T1,TC
C104501,C104501-T1,TC
C104502,C104502-T1,TC
C104502,C104502-T2,TC
C104502,C104502-T3,TC
C104503,C104503-T1,TC
C104504,C104504-T1,TC
C104505,C104505-T1,TC
C104505,C104505-T2,TC
C104505,C104505-T3,TC
C104506,C104506-T1,TC
C104506,C104506-T2,TC
C104507,C104507-T1,TC
C104508,C104508-T1,TC
C104509,C104509-T1,TC
C104510,C104510-T1,TC
C104511,C104511-T1,TC
C104512,C104512-T1,TC
C104513,C104513-T1,TC
C104514,C104514-T1,TC
C104514,C104514-T2,TC
C104515,C104515-T1,TC
C104515,C104515-T2,TC
C104516,C104516-T1,TC
C104517,C104517-T1,TC
C104518,C104518-T1,TC
C104519,C104519-T1,TC
C104519,C104519-T2,TC
C104520,C104520-T1,TC
C104520,C104520-T2,TC
C104521,C104521-T1,TC
C104521,C104521-T2,TC
C104522,C104522-T1,TC
C104523,C104523-T1,TC
C104523,C104523-T2,TC
C104523,C104523-T3,TC
C104524,C104524-T1,TC
C104525,C104525-T1,TC
C104525,C104525-T2,TC
C104526,C104526-T1,TC
C104527,C104527-T1,TC
C104527,C104527-T2,TC
C104528,C104528-T1,TC
C104529,C104529-T1,TC
C104529,C104529-T2,TC
C104529,C104529-T3,TC
C104530,C104530-T1,TC
C104530,C104530-T2,TC
C104531,C104531-T1,TC
C104532,C104532-T1,TC
C104533,C104533-T1,TC
C104534,C104534-T1,TC
C104535,C104535-T1,TC
C104535,C104535-T2,TC
C104536,C104536-T1,TC
C104537,C104537-T1,TC
C104537,C104537-T2,TC
C104537,C104537-T3,TC
C104538,C104538-T1,TC
C104539,C104539-T1,TC
C104540,C104540-T1,TC
C104540,C104540-T2,TC
C104541,C104541-T1,TC
C104542,C104542-T1,TC
C104542,C104542-T2,TC
C104543,C104543-T1,TC
C104544,C104544-T1,TC
C104545,C104545-T1,TC
C104546,C104546-T1,TC
C104547,C104547-T1,TC
C104548,C104548-T1,TC
C104549,C104549-T1,TC
C104550,C104550-T1,TC
C104551,C104551-T1,TC
C104551,C104551-T2,TC
C104551,C104551-T3,TC
C104552,C104552-T1,TC
C104552,C104552-T2,TC
C104552,C104552-T3,TC
C104553,C104553-T1,TC
C104553,C104553-T2,TC
C104554,C104554-T1,TC
C104555,C104555-T1,TC
C104555,C104555-T2,TC
C104556,C104556-T1,TC
C104556,C104556-T2,TC
C104557,C104557-T1,TC
C104557,C104557-T2,TC
C104558,C104558-T1,TC
C104559,C104559-T1,TC
C104560,C104560-T1,TC
C104561,C104561-T1,TC
C104561,C104561-T2,TC
C104561,C104561-T3,TC
C104562,C104562-T1,TC
C104563,C104563-T1,TC
C104564,C104564-T1,TC
C104565,C104565-T1,TC
C104566,C104566-T1,TC
C104567,C104567-T1,TC
C104568,C104568-T1,TC
C104568,C104568-T2,TC
C104569,C104569-T1,TC
C104569,C104569-T2,TC
C104570,C104570-T1,TC
C104571,C104571-T1,TC
C104572,C104572-T1,TC
C104573,C104573-T1,TC
C104574,C104574-T1,TC
C104575,C104575-T1,TC
C104576,C104576-T1,TC
C104577,C104577-T1,TC
C104578,C104578-T1,TC
C104579,C104579-T1,TC
C104580,C104580-T1,TC
C104580,C104580-T2,TC
C104581,C104581-T1,TC
C104581,C104581-T2,TC
C104582,C104582-T1,TC
C104583,C104583-T1,TC
C104584,C104584-T1,TC
C104584,C104584-T2,TC
C104585,C104585-T1,TC
C104586,C104586-T1,TC
C104586,C104586-T2,TC
C104587,C104587-T1,TC
C104587,C104587-T2,TC
C104588,C104588-T1,TC
C104589,C104589-T1,TC
C104590,C104590-T1,TC
C104590,C104590-T2,TC
C104591,C104591-T1,TC
C104592,C104592-T1,TC
C104593,C104593-T1,TC
C104594,C104594-T1,TC
C104594,C104594-T2,TC
C104595,C104595-T1,TC
C104595,C104595-T2,TC
C104596,C104596-T1,TC
C104597,C104597-T1,TC
C104597,C104597-T2,TC
C104598,C104598-T1,TC
C104598,C104598-T2,TC
C104599,C104599-T1,TC
C104600,C104600-T1,TC
C104601,C104601-T1,TC
C104601,C104601-T2,TC
C104602,C104602-T1,TC
C104602,C104602-T2,TC
C104602,C104602-T3,TC
C104603,C104603-T1,TC
C104604,C104604-T1,TC
C104605,C104605-T1,TC
C104605,C104605-T2,TC
C104605,C104605-T3,TC
C104606,C104606-T1,TC
C104606,C104606-T2,TC
C104606,C104606-T3,TC
C104607,C104607-T1,TC
C104607,C104607-T2,TC
C104608,C104608-T1,TC
C104609,C104609-T1,TC
C104609,C104609-T2,TC
C104609,C104609-T3,TC
C104610,C104610-T1,TC
C104610,C104610-T2,TC
C104611,C104611-T1,TC
C104611,C104611-T2,TC
C104611,C104611-T3,TC
C104612,C104612-T1,TC
C104613,C104613-T1,TC
C104613,C104613-T2,TC
C104613,C104613-T3,TC
C104614,C104614-T1,TC
C104615,C104615-T1,TC
C104616,C104616-T1,TC
C104616,C104616-T2,TC
C104617,C104617-T1,TC
C104618,C104618-T1,TC
C104618,C104618-T2,TC
C104619,C104619-T1,TC
C104620,C104620-T1,TC
C104621,C104621-T1,TC
C104621,C104621-T2,TC
C104622,C104622-T1,TC
C104623,C104623-T1,TC
C104623,C104623-T2,TC
C104624,C104624-T1,TC
C104625,C104625-T1,TC
C104626,C104626-T1,TC
C104626,C104626-T2,TC
C104626,C104626-T3,TC
C104627,C104627-T1,TC
C104628,C104628-T1,TC
C104629,C104629-T1,TC
C104629,C104629-T2,TC
C104630,C104630-T1,TC
C104631,C104631-T1,TC
C104632,C104632-T1,TC
C104633,C104633-T1,TC
C104633,C104633-T2,TC
C104634,C104634-T1,TC
C104635,C104635-T1,TC
C104636,C104636-T1,TC
C104637,C104637-T1,TC
C104638,C104638-T1,TC
C104639,C104639-T1,TC
C104639,C104639-T2,TC
C104639,C104639-T3,TC
C104640,C104640-T1,TC
C104641,C104641-T1,TC
C104642,C104642-T1,TC
C104642,C104642-T2,TC
C104643,C104643-T1,TC
C104644,C104644-T1,TC
C104644,C104644-T2,TC
C104645,C104645-T1,TC
C104646,C104646-T1,TC
C104647,C104647-T1,TC
C104647,C104647-T2,TC
C104647,C104647-T3,TC
C104648,C104648-T1,TC
C104649,C104649-T1,TC
C104650,C104650-T1,TC
C104651,C104651-T1,TC
C104652,C104652-T1,TC
C104652,C104652-T2,TC
C104653,C104653-T1,TC
C104654,C104654-T1,TC
C104655,C104655-T1,TC
C104656,C104656-T1,TC
C104657,C104657-T1,TC
C104658,C104658-T1,TC
C104658,C104658-T2,TC
C104659,C104659-T1,TC
C104659,C104659-T2,TC
C104660,C104660-T1,TC
C104661,C104661-T1,TC
C104661,C104661-T2,TC
C104662,C104662-T1,TC
C104663,C104663-T1,TC
C104663,C104663-T2,TC
C104663,C104663-T3,TC
C104664,C104664-T1,TC
C104664,C104664-T2,TC
C104664,C104664-T3,TC
C104665,C104665-T1,TC
C104666,C104666-T1,TC
C104666,C104666-T2,TC
C104666,C104666-T3,TC
C104667,C104667-T1,TC
C104668,C104668-T1,TC
C104669,C104669-T1,TC
C104670,C104670-T1,TC
C104671,C104671-T1,TC
C104672,C104672-T1,TC
C104673,C104673-T1,TC
C104673,C104673-T2,TC
C104673,C104673-T3,TC
C104674,C104674-T1,TC
C104674,C104674-T2,TC
C104675,C104675-T1,TC
C104676,C104676-T1,TC
C104677,C104677-T1,TC
C104678,C104678-T1,TC
C104678,C104678-T2,TC
C104679,C104679-T1,TC
C104680,C104680-T1,TC
C104681,C104681-T1,TC
C104681,C104681-T2,TC
C104682,C104682-T1,TC
C104683,C104683-T1,TC
C104684,C104684-T1,TC
C104685,C104685-T1,TC
C104685,C104685-T2,TC
C104686,C104686-T1,TC
C104686,C104686-T2,TC
C104686,C104686-T3,TC
C104687,C104687-T1,TC
C104688,C104688-T1,TC
C104689,C104689-T1,TC
C104689,C104689-T2,TC
C104690,C104690-T1,TC
C104691,C104691-T1,TC
C104691,C104691-T2,TC
C104692,C104692-T1,TC
C104692,C104692-T2,TC
C104693,C104693-T1,TC
C104694,C104694-T1,TC
C104695,C104695-T1,TC
C104695,C104695-T2,TC
C104696,C104696-T1,TC
C104696,C104696-T2,TC
C104696,C104696-T3,TC
C104697,C104697-T1,TC
C104698,C104698-T1,TC
C104699,C104699-T1,TC
C104699,C104699-T2,TC
C104700,C104700-T1,TC
C104701,C104701-T1,TC
C104701,C104701-T2,TC
C104702,C104702-T1,TC
C104703,C104703-T1,TC
C104704,C104704-T1,TC
C104704,C104704-T2,TC
C104705,C104705-T1,TC
C104705,C104705-T2,TC
C104706,C104706-T1,TC
C104706,C104706-T2,TC
C104706,C104706-T3,TC
C104707,C104707-T1,TC
C104708,C104708-T1,TC
C104708,C104708-T2,TC
C104708,C104708-T3,TC
C104709,C104709-T1,TC
C104709,C104709-T2,TC
C104710,C104710-T1,TC
C104710,C104710-T2,TC
C104710,C104710-T3,TC
C104711,C104711-T1,TC
C104711,C104711-T2,TC
C104711,C104711-T3,TC
C104712,C104712-T1,TC
C104713,C104713-T1,TC
C104713,C104713-T2,TC
C104714,C104714-T1,TC
C104714,C104714-T2,TC
C104715,C104715-T1,TC
C104716,C104716-T1,TC
C104717,C104717-T1,TC
C104718,C104718-T1,TC
C104719,C104719-T1,TC
C104719,C104719-T2,TC
C104720,C104720-T1,TC
C104720,C104720-T2,TC
C104721,C104721-T1,TC
C104722,C104722-T1,TC
C104723,C104723-T1,TC
C104724,C104724-T1,TC
C104724,C104724-T2,TC
C104725,C104725-T1,TC
C104726,C104726-T1,TC
C104727,C104727-T1,TC
C104728,C104728-T1,TC
C104729,C104729-T1,TC
C104730,C104730-T1,TC
C104730,C104730-T2,TC
C104730,C104730-T3,TC
C104731,C104731-T1,TC
C104732,C104732-T1,TC
C104733,C104733-T1,TC
C104734,C104734-T1,TC
C104735,C104735-T1,TC
C104736,C104736-T1,TC
C104736,C104736-T2,TC
C104737,C104737-T1,TC
C104738,C104738-T1,TC
C104738,C104738-T2,TC
C104738,C104738-T3,TC
C104739,C104739-T1,TC
C104740,C104740-T1,TC
C104741,C104741-T1,TC
C104742,C104742-T1,TC
C104742,C104742-T2,TC
C104743,C104743-T1,TC
C104743,C104743-T2,TC
C104744,C104744-T1,TC
C104745,C104745-T1,TC
C104745,C104745-T2,TC
C104746,C104746-T1,TC
C104747,C104747-T1,TC
C104747,C104747-T2,TC
C104748,C104748-T1,TC
C104749,C104749-T1,TC
C104750,C104750-T1,TC
C104751,C104751-T1,TC
C104752,C104752-T1,TC
C104753,C104753-T1,TC
C104753,C104753-T2,TC
C104754,C104754-T1,TC
C104754,C104754-T2,TC
C104755,C104755-T1,TC
C104755,C104755-T2,TC
C104755,C104755-T3,TC
C104756,C104756-T1,TC
C104756,C104756-T2,TC
C104756,C104756-T3,TC
C104757,C104757-T1,TC
C104758,C104758-T1,TC
C104759,C104759-T1,TC
C104759,C104759-T2,TC
C104760,C104760-T1,TC
C104761,C104761-T1,TC
C104762,C104762-T1,TC
C104763,C104763-T1,TC
C104764,C104764-T1,TC
C104764,C104764-T2,TC
C104765,C104765-T1,TC
C104766,C104766-T1,TC
C104767,C104767-T1,TC
C104768,C104768-T1,TC
C104769,C104769-T1,TC
C104770,C104770-T1,TC
C104771,C104771-T1,TC
C104772,C104772-T1,TC
C104773,C104773-T1,TC
C104774,C104774-T1,TC
C104775,C104775-T1,TC
C104776,C104776-T1,TC
C104776,C104776-T2,TC
C104777,C104777-T1,TC
C104777,C104777-T2,TC
C104777,C104777-T3,TC
C104778,C104778-T1,TC
C104778,C104778-T2,TC
C104779,C104779-T1,TC
C104780,C104780-T1,TC
C104780,C104780-T2,TC
C104780,C104780-T3,TC
C104781,C104781-T1,TC
C104782,C104782-T1,TC
C104782,C104782-T2,TC
C104783,C104783-T1,TC
C104783,C104783-T2,TC
C104783,C104783-T3,TC
C104784,C104784-T1,TC
C104784,C104784-T2,TC
C104785,C104785-T1,TC
C104786,C104786-T1,TC
C104787,C104787-T1,TC
C104788,C104788-T1,TC
C104789,C104789-T1,TC
C104790,C104790-T1,TC
C104791,C104791-T1,TC
C104791,C104791-T2,TC
C104792,C104792-T1,TC
C104792,C104792-T2,TC
C104793,C104793-T1,TC
C104793,C104793-T2,TC
C104794,C104794-T1,TC
C104795,C104795-T1,TC
C104796,C104796-T1,TC
C104797,C104797-T1,TC
C104798,C104798-T1,TC
C104799,C104799-T1,TC
C104800,C104800-T1,TC
C104801,C104801-T1,TC
C104802,C104802-T1,TC
C104803,C104803-T1,TC
C104803,C104803-T2,TC
C104804,C104804-T1,TC
C104805,C104805-T1,TC
C104805,C104805-T2,TC
C104806,C104806-T1,TC
C104806,C104806-T2,TC
C104807,C104807-T1,TC
C104807,C104807-T2,TC
C104808,C104808-T1,TC
C104809,C104809-T1,TC
C104809,C104809-T2,TC
C104809,C104809-T3,TC
C104810,C104810-T1,TC
C104811,C104811-T1,TC
C104812,C104812-T1,TC
C104813,C104813-T1,TC
C104813,C104813-T2,TC
C104814,C104814-T1,TC
C104815,C104815-T1,TC
C104816,C104816-T1,TC
C104816,C104816-T2,TC
C104817,C104817-T1,TC
C104818,C104818-T1,TC
C104819,C104819-T1,TC
C104820,C104820-T1,TC
C104820,C104820-T2,TC
C104821,C104821-T1,TC
C104822,C104822-T1,TC
C104823,C104823-T1,TC
C104823,C104823-T2,TC
C104824,C104824-T1,TC
C104825,C104825-T1,TC
C104826,C104826-T1,TC
C104827,C104827-T1,TC
C104827,C104827-T2,TC
C104828,C104828-T1,TC
C104829,C104829-T1,TC
C104829,C104829-T2,TC
C104830,C104830-T1,TC
C104831,C104831-T1,TC
C104832,C104832-T1,TC
C104833,C104833-T1,TC
C104834,C104834-T1,TC
C104834,C104834-T2,TC
C104835,C104835-T1,TC
C104835,C104835-T2,TC
C104836,C104836-T1,TC
C104837,C104837-T1,TC
C104838,C104838-T1,TC
C104839,C104839-T1,TC
C104840,C104840-T1,TC
C104840,C104840-T2,TC
C104840,C104840-T3,TC
C104841,C104841-T1,TC
C104842,C104842-T1,TC
C104842,C104842-T2,TC
C104843,C104843-T1,TC
C104843,C104843-T2,TC
C104843,C104843-T3,TC
C104844,C104844-T1,TC
C104844,C104844-T2,TC
C104845,C104845-T1,TC
C104846,C104846-T1,TC
C104847,C104847-T1,TC
C104847,C104847-T2,TC
C104848,C104848-T1,TC
C104849,C104849-T1,TC
C104850,C104850-T1,TC
C104851,C104851-T1,TC
C104851,C104851-T2,TC
C104851,C104851-T3,TC
C104852,C104852-T1,TC
C104852,C104852-T2,TC
C104853,C104853-T1,TC
C104854,C104854-T1,TC
C104855,C104855-T1,TC
C104856,C104856-T1,TC
C104857,C104857-T1,TC
C104857,C104857-T2,TC
C104857,C104857-T3,TC
C104858,C104858-T1,TC
C104859,C104859-T1,TC
C104860,C104860-T1,TC
C104861,C104861-T1,TC
C104861,C104861-T2,TC
C104861,C104861-T3,TC
C104862,C104862-T1,TC
C104862,C104862-T2,TC
C104863,C104863-T1,TC
C104864,C104864-T1,TC
C104865,C104865-T1,TC
C104865,C104865-T2,TC
C104866,C104866-T1,TC
C104866,C104866-T2,TC
C104867,C104867-T1,TC
C104868,C104868-T1,TC
C104869,C104869-T1,TC
C104870,C104870-T1,TC
C104871,C104871-T1,TC
C104871,C104871-T2,TC
C104871,C104871-T3,TC
C104872,C104872-T1,TC
C104872,C104872-T2,TC
C104873,C104873-T1,TC
C104873,C104873-T2,TC
C104874,C104874-T1,TC
C104875,C104875-T1,TC
C104875,C104875-T2,TC
C104876,C104876-T1,TC
C104877,C104877-T1,TC
C104878,C104878-T1,TC
C104878,C104878-T2,TC
C104878,C104878-T3,TC
C104879,C104879-T1,TC
C104880,C104880-T1,TC
C104880,C104880-T2,TC
C104881,C104881-T1,TC
C104882,C104882-T1,TC
C104882,C104882-T2,TC
C104882,C104882-T3,TC
C104883,C104883-T1,TC
C104884,C104884-T1,TC
C104885,C104885-T1,TC
C104886,C104886-T1,TC
C104887,C104887-T1,TC
C104887,C104887-T2,TC
C104887,C104887-T3,TC
C104888,C104888-T1,TC
C104889,C104889-T1,TC
C104890,C104890-T1,TC
C104890,C104890-T2,TC
C104891,C104891-T1,TC
C104892,C104892-T1,TC
C104892,C104892-T2,TC
C104893,C104893-T1,TC
C104893,C104893-T2,TC
C104894,C104894-T1,TC
C104894,C104894-T2,TC
C104895,C104895-T1,TC
C104895,C104895-T2,TC
C104895,C104895-T3,TC
C104896,C104896-T1,TC
C104897,C104897-T1,TC
C104897,C104897-T2,TC
C104898,C104898-T1,TC
C104899,C104899-T1,TC
C104900,C104900-T1,TC
C104900,C104900-T2,TC
C104901,C104901-T1,TC
C104901,C104901-T2,TC
C104902,C104902-T1,TC
C104903,C104903-T1,TC
C104904,C104904-T1,TC
C104905,C104905-T1,TC
C104906,C104906-T1,TC
C104907,C104907-T1,TC
C104907,C104907-T2,TC
C104908,C104908-T1,TC
C104909,C104909-T1,TC
C104909,C104909-T2,TC
C104910,C104910-T1,TC
C104911,C104911-T1,TC
C104911,C104911-T2,TC
C104912,C104912-T1,TC
C104912,C104912-T2,TC
C104913,C104913-T1,TC
C104914,C104914-T1,TC
C104914,C104914-T2,TC
C104915,C104915-T1,TC
C104915,C104915-T2,TC
C104916,C104916-T1,TC
C104917,C104917-T1,TC
C104918,C104918-T1,TC
C104918,C104918-T2,TC
C104918,C104918-T3,TC
C104919,C104919-T1,TC
C104920,C104920-T1,TC
C104920,C104920-T2,TC
C104921,C104921-T1,TC
C104922,C104922-T1,TC
C104923,C104923-T1,TC
C104924,C104924-T1,TC
C104925,C104925-T1,TC
C104926,C104926-T1,TC
C104927,C104927-T1,TC
C104927,C104927-T2,TC
C104927,C104927-T3,TC
C104928,C104928-T1,TC
C104929,C104929-T1,TC
C104929,C104929-T2,TC
C104930,C104930-T1,TC
C104930,C104930-T2,TC
C104931,C104931-T1,TC
C104932,C104932-T1,TC
C104932,C104932-T2,TC
C104933,C104933-T1,TC
C104934,C104934-T1,TC
C104935,C104935-T1,TC
C104936,C104936-T1,TC
C104937,C104937-T1,TC
C104938,C104938-T1,TC
C104938,C104938-T2,TC
C104939,C104939-T1,TC
C104940,C104940-T1,TC
C104941,C104941-T1,TC
C104942,C104942-T1,TC
C104943,C104943-T1,TC
C104943,C104943-T2,TC
C104944,C104944-T1,TC
C104945,C104945-T1,TC
C104946,C104946-T1,TC
C104947,C104947-T1,TC
C104947,C104947-T2,TC
C104947,C104947-T3,TC
C104948,C104948-T1,TC
C104949,C104949-T1,TC
C104950,C104950-T1,TC
C104951,C104951-T1,TC
C104951,C104951-T2,TC
C104952,C104952-T1,TC
C104952,C104952-T2,TC
C104952,C104952-T3,TC
C104953,C104953-T1,TC
C104953,C104953-T2,TC
C104953,C104953-T3,TC
C104954,C104954-T1,TC
C104954,C104954-T2,TC
C104955,C104955-T1,TC
C104955,C104955-T2,TC
C104956,C104956-T1,TC
C104956,C104956-T2,TC
C104957,C104957-T1,TC
C104957,C104957-T2,TC
C104958,C104958-T1,TC
C104958,C104958-T2,TC
C104959,C104959-T1,TC
C104959,C104959-T2,TC
C104959,C104959-T3,TC
C104960,C104960-T1,TC
C104960,C104960-T2,TC
C104961,C104961-T1,TC
C104962,C104962-T1,TC
C104963,C104963-T1,TC
C104964,C104964-T1,TC
C104964,C104964-T2,TC
C104964,C104964-T3,TC
C104965,C104965-T1,TC
C104966,C104966-T1,TC
C104967,C104967-T1,TC
C104967,C104967-T2,TC
C104968,C104968-T1,TC
C104969,C104969-T1,TC
C104970,C104970-T1,TC
C104971,C104971-T1,TC
C104971,C104971-T2,TC
C104972,C104972-T1,TC
C104973,C104973-T1,TC
C104974,C104974-T1,TC
C104974,C104974-T2,TC
C104975,C104975-T1,TC
C104976,C104976-T1,TC
C104977,C104977-T1,TC
C104978,C104978-T1,TC
C104979,C104979-T1,TC
C104980,C104980-T1,TC
C104980,C104980-T2,TC
C104981,C104981-T1,TC
C104981,C104981-T2,TC
C104982,C104982-T1,TC
C104982,C104982-T2,TC
C104983,C104983-T1,TC
C104983,C104983-T2,TC
C104984,C104984-T1,TC
C104985,C104985-T1,TC
C104985,C104985-T2,TC
C104986,C104986-T1,TC
C104987,C104987-T1,TC
C104987,C104987-T2,TC
C104988,C104988-T1,TC
C104989,C104989-T1,TC
C104990,C104990-T1,TC
C104990,C104990-T2,TC
C104991,C104991-T1,TC
C104991,C104991-T2,TC
C104992,C104992-T1,TC
C104993,C104993-T1,TC
C104993,C104993-T2,TC
C104994,C104994-T1,TC
C104995,C104995-T1,TC
C104996,C104996-T1,TC
C104997,C104997-T1,TC
C104998,C104998-T1,TC
C104999,C104999-T1,TC
