id_cliente,ead_baseline
C100000,930480.5828383217
C100001,2058811.1937426778
C100002,433118.58279882296
C100003,1405802.4918870851
C100004,779628.7354632034
C100005,1969357.1567321257
C100006,678955.2750400202
C100007,1087999.6321072632
C100008,2415717.592193187
C100009,400031.09140381485
C100010,738708.4253924183
C100011,884950.7936181864
C100012,913302.5848592349
C100013,889758.7226130338
C100014,803287.732201104
C100015,2003016.4289867869
C100016,312406.70896879997
C100017,363291.1697439651
C100018,2185326.6872012885
C100019,766740.4928338355
C100020,772912.2449414512
C100021,1478858.520345845
C100022,934905.2803963221
C100023,1014206.3361820409
C100024,318184.75711045496
C100025,447866.5411470324
C100026,1265790.6367927855
C100027,164547.2203184166
C100028,576022.1487332105
C100029,791780.6820678653
C100030,576701.8740714978
C100031,1268837.499711504
C100032,1088830.4697830458
C100033,2779468.614940761
C100034,557265.5518618514
C100035,758603.256136096
C100036,525829.2817198564
C100037,852699.8513090964
C100038,637617.4946057474
C100039,370173.55970593344
C100040,296845.97884370026
C100041,1418657.2564499844
C100042,260503.46964311742
C100043,2012049.6470429925
C100044,2783418.84091515
C100045,532973.8073051723
C100046,123446.8653831784
C100047,755192.6851117561
C100048,1003203.0656639481
C100049,618930.983261169
C100050,1935133.515026081
C100051,1526959.784678954
C100052,356094.55754793715
C100053,1250959.6005894877
C100054,358169.06326278736
C100055,2162661.303758448
C100056,224899.4697883188
C100057,1982611.42913079
C100058,1165509.3941679194
C100059,699967.0978885423
C100060,1549729.6947698959
C100061,291334.1889888903
C100062,1246015.4147772295
C100063,929791.7360694626
C100064,1092111.9878295786
C100065,1368834.428004872
C100066,648075.4261001227
C100067,1113108.6040940487
C100068,1426945.9006870873
C100069,873895.4253361097
C100070,1410329.6601538444
C100071,344062.2186867544
C100072,3266169.751165971
C100073,714849.1420704848
C100074,132168.43681929377
C100075,1058281.8820050713
C100076,727718.0231300106
C100077,584465.9335562779
C100078,684950.8972475952
C100079,143470.97765726794
C100080,891756.0604109545
C100081,789398.9020702541
C100082,1321905.8092905981
C100083,1803641.734863076
C100084,804945.4957492126
C100085,529997.986639667
C100086,1220392.5781815688
C100087,1705609.775740778
C100088,862304.6524680916
C100089,639564.7989501297
C100090,75141.45011739855
C100091,2716630.194306816
C100092,1702629.7147889908
C100093,2112414.8901048945
C100094,448020.1662519269
C100095,267961.6605526882
C100096,620674.81559372
C100097,772847.3873871256
C100098,479971.8003545913
C100099,671812.1920940821
C100100,1217582.2585327653
C100101,457512.7732421225
C100102,390020.2659921894
C100103,715244.3296275934
C100104,1185812.0617599988
C100105,625788.9944196058
C100106,738232.1249973478
C100107,204119.0368949062
C100108,800742.827506812
C100109,341359.02927630534
C100110,96183.3051152982
C100111,904156.0341822444
C100112,250532.42991518843
C100113,1081122.6182094067
C100114,788051.9038741809
C100115,1404092.5202259617
C100116,507349.8743594269
C100117,211371.16817892322
C100118,1997518.9757984693
C100119,151796.14502889733
C100120,267934.50904351095
C100121,563022.6561940381
C100122,601312.5511482828
C100123,276082.0467250104
C100124,1349375.609727795
C100125,798214.146868691
C100126,1789410.3760155635
C100127,641363.2692176207
C100128,1464780.5070026326
C100129,649035.3465231832
C100130,813419.5486626736
C100131,1057110.3597137833
C100132,388954.4664622424
C100133,496676.9188681424
C100134,645588.6301604388
C100135,191527.8000037221
C100136,2476811.7286922666
C100137,724045.1424573939
C100138,407043.9037434486
C100139,485718.40544535295
C100140,356327.36499191547
C100141,599095.3978275075
C100142,1595786.364778821
C100143,807471.1624014007
C100144,428769.2037982447
C100145,518799.69950016297
C100146,1164386.8278308422
C100147,217277.0712275582
C100148,415390.10059051565
C100149,179335.8017389761
C100150,10280.489366365293
C100151,940455.2905692952
C100152,2341358.3932749927
C100153,1678232.3604596436
C100154,696013.530411309
C100155,1254711.2520765655
C100156,1109171.7354532187
C100157,879048.21318424
C100158,799250.5811595374
C100159,1402277.4047562126
C100160,2511133.8115663086
C100161,1687102.276141238
C100162,1050264.4138812458
C100163,793423.620985131
C100164,351831.0511581222
C100165,192841.7019287497
C100166,1145227.0123401822
C100167,608398.0694288053
C100168,1848699.4825473002
C100169,823027.198583451
C100170,881593.5973985584
C100171,1916155.7241670038
C100172,1944851.2759162956
C100173,1016001.7601195218
C100174,304332.8745446756
C100175,337706.32574706926
C100176,902554.127416377
C100177,1830798.3492462183
C100178,270246.6913479125
C100179,274528.88493473944
C100180,1486065.4008489042
C100181,1747025.5013744677
C100182,1484188.2158191304
C100183,651974.9998263662
C100184,398148.492752318
C100185,1494667.7518721465
C100186,1129646.3752545805
C100187,1681872.1880995417
C100188,1297470.1274774163
C100189,476439.3363020028
C100190,825750.8881226543
C100191,1399074.119387967
C100192,55599.31965428317
C100193,661138.1641658469
C100194,774766.4996859654
C100195,911520.0032342005
C100196,625247.6224151285
C100197,194285.29307829164
C100198,786072.9445813934
C100199,258037.38836576723
C100200,612882.0590434439
C100201,521408.5080644705
C100202,169425.59290992012
C100203,98103.20714483366
C100204,855155.9965858243
C100205,254602.29384291882
C100206,1348101.8737031056
C100207,845630.8885500582
C100208,356061.3896661622
C100209,349128.9433711286
C100210,1658087.5635549375
C100211,852329.3176890909
C100212,2028400.491279394
C100213,379302.2822959437
C100214,1775946.079705865
C100215,295953.2288825299
C100216,610048.4651803114
C100217,2926828.7258340144
C100218,516757.4325930424
C100219,1512259.0708942483
C100220,659084.637195522
C100221,656906.8654192444
C100222,1902599.7510312896
C100223,969614.7612639184
C100224,57638.66959305721
C100225,58254.80914324784
C100226,983988.569076499
C100227,1202886.6404579333
C100228,1399429.5281192078
C100229,1025456.5787349789
C100230,2061690.0856375908
C100231,377264.2463315687
C100232,444949.0540195361
C100233,2824634.533797466
C100234,32807.718069621274
C100235,1079746.789138109
C100236,647260.9065913948
C100237,1073001.8354032484
C100238,967367.3565218212
C100239,49917.66174347695
C100240,1235526.134222515
C100241,1730836.4818183878
C100242,1655531.607493781
C100243,1275974.1088383754
C100244,927724.3115490985
C100245,944724.7233568158
C100246,423058.5397291527
C100247,550605.6247283752
C100248,386463.07902483933
C100249,882154.1104202773
C100250,457766.2233387808
C100251,650192.5170815475
C100252,254828.928205389
C100253,1135231.59829724
C100254,84638.74675613454
C100255,639174.0601999689
C100256,129641.69668650869
C100257,1621700.141385675
C100258,2001578.7426329334
C100259,2212232.4473745627
C100260,628150.4074543468
C100261,1742856.1586549683
C100262,238218.13224396767
C100263,1089924.336793892
C100264,1363412.319803129
C100265,486123.1153296885
C100266,807773.6064226236
C100267,741740.7067885213
C100268,193838.90326087148
C100269,1704129.6590428734
C100270,1065402.1435405712
C100271,746656.8401747621
C100272,1297520.417957904
C100273,62020.80067580337
C100274,468697.28473985806
C100275,705.0077261150147
C100276,629686.0596999109
C100277,1255894.1800889794
C100278,1227772.530418167
C100279,1607948.785410223
C100280,131546.85317069004
C100281,203936.27096669795
C100282,248711.74904070515
C100283,140273.0878288869
C100284,617449.2806850316
C100285,420604.6217900321
C100286,133738.77410118413
C100287,2905345.247001423
C100288,708582.8378876331
C100289,736363.1795727778
C100290,581019.6969119025
C100291,1059985.6209093002
C100292,859073.6788513752
C100293,1187663.6151845083
C100294,472929.31586241734
C100295,1054916.1970122182
C100296,1240309.1071383553
C100297,1051010.3933522091
C100298,1113780.02870775
C100299,417827.93284898927
C100300,409983.51694187813
C100301,857153.4605953706
C100302,624403.3131705594
C100303,280234.06831837445
C100304,591578.0202112428
C100305,1066246.4713915018
C100306,482616.88053511747
C100307,279826.15644606005
C100308,771937.8462746723
C100309,1641015.5037071141
C100310,585571.3842700415
C100311,1755737.7978626834
C100312,770467.9536532429
C100313,685595.8727884714
C100314,745931.9269856196
C100315,902780.8017461144
C100316,764961.9586946496
C100317,1728315.9408788763
C100318,1176040.8614210011
C100319,946478.684081834
C100320,681859.8114166543
C100321,1277326.1063368442
C100322,847689.3277216408
C100323,553055.4370125412
C100324,308668.8638693894
C100325,1590035.375178391
C100326,250380.299905858
C100327,1082395.7167538914
C100328,1926083.5910660203
C100329,1535370.4030654924
C100330,991582.6026654452
C100331,1584790.3672840395
C100332,237939.33475427303
C100333,1536181.1445487104
C100334,212662.8578541709
C100335,1852004.161688862
C100336,1761154.195186097
C100337,1776287.599858345
C100338,694547.52833174
C100339,620277.5879600149
C100340,931420.8317526652
C100341,1088254.6457620517
C100342,371705.6910293567
C100343,399317.5576332877
C100344,945828.5394884939
C100345,1976088.6275737619
C100346,1067792.1828700725
C100347,7789.582719311664
C100348,1278729.0539440662
C100349,538226.5140579157
C100350,1087559.7575815783
C100351,1747627.7015635727
C100352,988490.1558662707
C100353,1405631.8265439617
C100354,506753.38326673955
C100355,948824.4704901582
C100356,626438.0071749929
C100357,1212264.2882341645
C100358,377345.70442769525
C100359,1398921.9494374178
C100360,732959.9461005831
C100361,608729.1166745193
C100362,942206.614732979
C100363,680236.9679593404
C100364,981207.9564831002
C100365,2669747.863434514
C100366,60354.83332968305
C100367,658487.1059778138
C100368,425909.0081239844
C100369,12015.525444756797
C100370,1432012.4867932403
C100371,151000.19662563503
C100372,2706288.913504047
C100373,875111.9234708106
C100374,373893.4716104844
C100375,2406006.2374095162
C100376,751034.9310604647
C100377,1646476.259432125
C100378,1303555.1895666108
C100379,877774.1028906958
C100380,1739912.953829635
C100381,460325.3325814593
C100382,860052.3248459115
C100383,602275.4865880538
C100384,678378.4351279848
C100385,1003140.1286268856
C100386,1908598.3380052866
C100387,266616.57197245635
C100388,503429.59875729785
C100389,1067459.689921312
C100390,149169.72378464774
C100391,139104.23131109437
C100392,282454.99312232784
C100393,2531632.739700374
C100394,915004.6070668768
C100395,165754.40704311687
C100396,1378403.4731075056
C100397,737652.2098630555
C100398,1298480.4790951551
C100399,651638.0244353474
C100400,2087187.6170749832
C100401,1276585.3267845572
C100402,633771.2603004124
C100403,584455.0960526625
C100404,1111940.772575132
C100405,770394.7166906241
C100406,634023.7840742714
C100407,1108108.359191195
C100408,1403245.9248117923
C100409,1405560.9325985804
C100410,1043854.6242566122
C100411,1381694.835983823
C100412,51066.332406761474
C100413,1304384.0560725224
C100414,225843.96905579214
C100415,1075711.829853889
C100416,877044.9442415764
C100417,2633295.7189928917
C100418,282515.7554413161
C100419,977467.0995914295
C100420,1610374.445035753
C100421,1693308.0300239497
C100422,800164.2416486936
C100423,1023977.523136623
C100424,796544.8704401109
C100425,244003.9715222288
C100426,386520.5461494395
C100427,1213504.7085660724
C100428,343782.1375989891
C100429,46788.46900450569
C100430,543030.0286790158
C100431,328650.83102814306
C100432,397125.2492935987
C100433,88883.12442543726
C100434,898363.2131565681
C100435,2057638.1324594175
C100436,1016816.028937482
C100437,701840.1551167009
C100438,261565.2280776094
C100439,105870.87995285256
C100440,84730.33903794031
C100441,674021.0409496186
C100442,320732.23181270127
C100443,825745.659901413
C100444,876064.1167634244
C100445,1380124.058609834
C100446,1009488.9323412752
C100447,732481.4148149516
C100448,851275.7018792208
C100449,408066.03825642756
C100450,1078766.188526749
C100451,1896222.847887321
C100452,1349072.5285848922
C100453,515581.6780293068
C100454,737822.6576034428
C100455,1833575.666019299
C100456,1372342.4824095238
C100457,31342.379162537443
C100458,397323.8069464511
C100459,383239.5124159572
C100460,1257845.8074586731
C100461,1902362.0728870062
C100462,478647.69939359644
C100463,1341193.8036209475
C100464,547131.8613172232
C100465,255121.3224648768
C100466,752067.2052302661
C100467,1264869.3616664577
C100468,1008018.9101947669
C100469,202654.42486008457
C100470,1691595.1422709445
C100471,693473.0568600086
C100472,1533278.7106450368
C100473,915482.5364356886
C100474,538750.5767656446
C100475,649594.8760775191
C100476,540346.5908323221
C100477,431412.704908956
C100478,389272.50385642773
C100479,465723.7528527923
C100480,1889175.8470908147
C100481,671809.7673536092
C100482,1809042.1316704722
C100483,613254.3222122763
C100484,972284.7061368118
C100485,497907.4408235237
C100486,2170535.7982999054
C100487,1406214.3402895578
C100488,1152298.413546502
C100489,1777316.5982541759
C100490,2544851.137093792
C100491,857648.5415276963
C100492,814641.2128383744
C100493,1772342.1393184063
C100494,555187.1603540587
C100495,988574.7595240261
C100496,1616623.872743581
C100497,1097158.4383755724
C100498,877216.1654580439
C100499,2379019.046020829
C100500,318070.99551957415
C100501,318100.03405818634
C100502,889664.7374749025
C100503,746483.9685166071
C100504,733395.2731508842
C100505,258856.99510690747
C100506,1727686.9216806944
C100507,443383.5687446712
C100508,1491596.9883749883
C100509,1334597.364976215
C100510,1267892.8814787888
C100511,507644.89286158537
C100512,682686.68610194
C100513,656992.3988334539
C100514,586855.313597165
C100515,561182.4658213502
C100516,650846.2086694357
C100517,499919.42052781
C100518,711891.5363773592
C100519,1342075.103263574
C100520,2260674.0293209245
C100521,475919.6942987189
C100522,1252979.7874181776
C100523,438196.37959963334
C100524,834820.4674563541
C100525,308214.484892976
C100526,1670810.8096233038
C100527,907995.016928792
C100528,1375407.9878611132
C100529,412390.1196805329
C100530,2368309.511890943
C100531,803239.9224299088
C100532,737034.9857132687
C100533,1562066.9150203518
C100534,1225800.9262279873
C100535,722199.0269923981
C100536,2417680.7035821667
C100537,1922614.4310368306
C100538,1883406.3216167612
C100539,1491627.546011028
C100540,197541.40190008737
C100541,1060157.5751737705
C100542,1111176.8487296847
C100543,530368.0051356921
C100544,133280.9877710551
C100545,172345.22111461396
C100546,1590679.9414483258
C100547,1473505.1358979817
C100548,187993.6525174442
C100549,34528.90821350891
C100550,781482.1686877456
C100551,333857.1064756745
C100552,2141603.6825398295
C100553,743379.296305027
C100554,754123.0518015227
C100555,434080.9311471759
C100556,1380179.0639427218
C100557,2499970.605275652
C100558,780287.9145894081
C100559,594294.5074015694
C100560,1656428.7134796893
C100561,554378.193292763
C100562,294958.4344374936
C100563,303745.9707750938
C100564,1098243.0475454922
C100565,440455.1844279312
C100566,1121353.6295493736
C100567,131486.8191877799
C100568,653566.7731282535
C100569,609337.8087078823
C100570,50679.96006711207
C100571,304538.90148310584
C100572,1638760.4723623602
C100573,614982.1444110379
C100574,81573.23412581906
C100575,1102624.7788484227
C100576,1437650.37741471
C100577,1553771.5919621843
C100578,281888.67547006503
C100579,1228380.4131650934
C100580,1112878.650432509
C100581,865933.2985815603
C100582,203214.28852611664
C100583,312248.33856762084
C100584,2399097.5866762097
C100585,631942.0593678735
C100586,1309703.5264636714
C100587,662642.2037007256
C100588,554031.7645335417
C100589,260887.31307317255
C100590,736838.7772175032
C100591,196072.45302394746
C100592,1604016.9192480631
C100593,725228.5558585364
C100594,185735.4404394364
C100595,1380621.6032231818
C100596,985993.4843236693
C100597,1441852.3491438888
C100598,3819221.020577364
C100599,685322.6070977096
C100600,877790.5635501303
C100601,833461.7527159798
C100602,220559.02139217456
C100603,854558.0577618596
C100604,412622.03196930164
C100605,1256742.5726814799
C100606,1163825.879197706
C100607,1082602.3697734626
C100608,1851243.6095764558
C100609,1033716.7990166417
C100610,1540185.8938952917
C100611,148018.39441951082
C100612,2060981.5802591722
C100613,366862.0415661303
C100614,739042.9185682278
C100615,989844.6188737744
C100616,1503924.5290048255
C100617,1454695.0031446498
C100618,1086216.961819893
C100619,231238.45012929456
C100620,1300205.9129467972
C100621,1344826.934103455
C100622,1013544.1508907685
C100623,374307.3589567055
C100624,1043396.3794981773
C100625,412679.9567809051
C100626,1286622.684977881
C100627,804786.4313826117
C100628,463413.581350703
C100629,353670.10844144743
C100630,986197.1214580355
C100631,828411.1159637931
C100632,1663142.0211632643
C100633,1716858.0977624042
C100634,1696949.0602620684
C100635,1862583.0054513114
C100636,782288.6335765587
C100637,2706037.509002986
C100638,577257.4726851189
C100639,773962.2852625359
C100640,578963.8067478306
C100641,2214991.940008179
C100642,1665419.4226934963
C100643,1428403.6088881665
C100644,1308524.6887312862
C100645,279427.27081329335
C100646,254745.2247364049
C100647,484457.7449701511
C100648,590759.4068245515
C100649,468069.6087237827
C100650,1746800.6607036083
C100651,454410.0171180212
C100652,1545653.836217794
C100653,84720.89899076417
C100654,440359.68488204334
C100655,480196.8105867966
C100656,363085.1041556848
C100657,1316189.2024241586
C100658,2576336.6047847923
C100659,1292688.4388785092
C100660,1394308.622335571
C100661,364648.7373538732
C100662,68310.8492285917
C100663,574602.3381731831
C100664,288883.8871450636
C100665,860924.2696802453
C100666,702079.287923806
C100667,673433.4390159366
C100668,896271.394582639
C100669,688225.4563876169
C100670,300430.3376921734
C100671,485551.27082305786
C100672,1498966.174630155
C100673,1867361.0704831062
C100674,1435000.0628841314
C100675,136335.11002567332
C100676,418652.643055633
C100677,1188340.9803824704
C100678,113701.60578176472
C100679,889169.4103798722
C100680,1364448.689797914
C100681,905656.6710667263
C100682,36884.602334576775
C100683,1120985.0367743252
C100684,1919025.2757144743
C100685,1602841.393288842
C100686,627967.76034238
C100687,973655.4659025657
C100688,2897226.2616165727
C100689,1922122.717604136
C100690,2594857.2383300085
C100691,1361110.0484263925
C100692,882268.8642403845
C100693,449720.026654472
C100694,594437.5939643641
C100695,750929.7737793295
C100696,1715943.8456351785
C100697,102102.67273639451
C100698,1076508.9397060818
C100699,832829.5717028823
C100700,1007736.3710547641
C100701,237049.05395808892
C100702,289881.7798275651
C100703,325114.5600526966
C100704,830362.0866639437
C100705,1106444.6768714078
C100706,1310973.9170539803
C100707,552761.8399618809
C100708,103516.1359961151
C100709,630703.5182059569
C100710,588928.3970540997
C100711,493331.6898828152
C100712,464818.65606379794
C100713,1849165.5599197745
C100714,886821.988222437
C100715,350797.2657386259
C100716,969034.1850286897
C100717,1543211.118926439
C100718,1188799.2400194318
C100719,518581.8191714223
C100720,813315.8757353614
C100721,120652.15171404288
C100722,250068.68325215322
C100723,869968.8227190416
C100724,1361228.5712497886
C100725,969920.267023943
C100726,291786.9019349157
C100727,1117258.7296542267
C100728,598429.1586336656
C100729,1246520.0109648728
C100730,2012266.5721517333
C100731,798912.6079807356
C100732,114666.19542677008
C100733,833175.2034974542
C100734,1119522.5694174836
C100735,1892976.8180349167
C100736,59383.84569135084
C100737,985507.2563225286
C100738,341004.5647035085
C100739,2223273.781289899
C100740,155256.96805372255
C100741,779418.918895082
C100742,150906.78565421276
C100743,421308.62248153944
C100744,695979.7197755836
C100745,718340.7938270525
C100746,1463579.8738697795
C100747,441202.6504462865
C100748,970994.8468963229
C100749,155105.91515656258
C100750,302774.335232004
C100751,309253.4511560205
C100752,793423.24170635
C100753,712433.0977733559
C100754,650756.9525721916
C100755,1375332.3718296315
C100756,2377159.121320308
C100757,276472.8625686339
C100758,650806.7547906823
C100759,555716.7469661564
C100760,209948.71557724045
C100761,730746.159368851
C100762,474739.16696638486
C100763,461647.7483039681
C100764,813061.8930475751
C100765,354959.51537318877
C100766,1274360.6920076679
C100767,1000844.3598819776
C100768,1089683.132563666
C100769,219789.48527256836
C100770,1992073.0196041442
C100771,273580.5156573656
C100772,1421414.8319157006
C100773,93250.93927681785
C100774,1173573.001827479
C100775,2168095.5778260836
C100776,217928.35968583293
C100777,643550.1277268576
C100778,2565589.9173584986
C100779,961410.1361800387
C100780,1886641.233311249
C100781,820492.9681383221
C100782,1400902.9758109844
C100783,897017.1066985647
C100784,1115099.6929440522
C100785,418776.35268923244
C100786,1576028.1764917825
C100787,914060.6635030479
C100788,1276714.601624101
C100789,2189573.4136691075
C100790,419974.0852110017
C100791,199376.86874028866
C100792,2642524.990236565
C100793,591941.138807889
C100794,969218.866587919
C100795,2891170.572139064
C100796,1263382.1757291667
C100797,130947.17830541945
C100798,437044.9170463823
C100799,144870.63517866645
C100800,1477693.5570500216
C100801,994641.5623189266
C100802,115137.45515185918
C100803,3177350.933374868
C100804,577317.6873284596
C100805,1781575.2263197605
C100806,657836.1680959535
C100807,236352.34820622575
C100808,556574.8591164438
C100809,2146621.5071435133
C100810,458390.54259795387
C100811,1024309.3410758242
C100812,1113257.6614736107
C100813,424789.11790845287
C100814,326895.27341523627
C100815,1057589.224476346
C100816,2096257.5749185248
C100817,912808.6039304044
C100818,618154.1952086689
C100819,557771.2095226101
C100820,1009614.1631025359
C100821,701709.3452851266
C100822,288965.2424281856
C100823,389314.23281937314
C100824,331057.429372168
C100825,821596.4952793046
C100826,538008.7787642376
C100827,338720.33448616357
C100828,2524507.6067185067
C100829,1022798.1420134285
C100830,1198731.5549013424
C100831,1194963.4300651585
C100832,621479.902522725
C100833,1340397.119394
C100834,1123280.3656972707
C100835,1655430.1863263804
C100836,816677.6534089014
C100837,1563446.5092350831
C100838,1034072.1663224524
C100839,1312515.3819341392
C100840,736868.6402764926
C100841,1885445.3650176506
C100842,1090705.500708248
C100843,493407.5523703717
C100844,1227030.1311181071
C100845,768612.5134827077
C100846,1663230.2504500682
C100847,2450329.274355206
C100848,290005.1368336748
C100849,933770.2271041108
C100850,810109.6994672044
C100851,2154760.448522253
C100852,1695709.5145397133
C100853,1406648.0938938307
C100854,960685.0898485172
C100855,1183364.1777850888
C100856,1485952.9178817424
C100857,1218905.0281181163
C100858,85839.66900715968
C100859,524255.452441718
C100860,516867.542894075
C100861,667386.7084810579
C100862,872768.2279540227
C100863,677836.5696769999
C100864,656491.2405209739
C100865,996573.5021023449
C100866,658496.489375863
C100867,2482696.287141298
C100868,486306.10050786054
C100869,1443793.6989883247
C100870,1821922.484253462
C100871,1046579.1657456409
C100872,3913.180364084629
C100873,1385665.8455854203
C100874,2447940.7606227184
C100875,887141.435229842
C100876,819930.5056821957
C100877,42128.2871842896
C100878,665823.561755704
C100879,231996.779760967
C100880,827161.0036569072
C100881,356895.07086589234
C100882,867040.7542285761
C100883,1094451.1950110449
C100884,136910.04784043075
C100885,1262457.7231688248
C100886,1098921.139905117
C100887,814805.7483101401
C100888,768136.0496263948
C100889,11893.157323625323
C100890,1501346.3211823301
C100891,654845.0662663394
C100892,328519.0913055901
C100893,675704.6066172445
C100894,1218908.1233042032
C100895,753309.3676259001
C100896,244496.87051151216
C100897,241175.30675664273
C100898,432466.2789152814
C100899,738592.0201619549
C100900,923878.0779338884
C100901,128881.63997985865
C100902,1071795.7591536688
C100903,610727.1438124902
C100904,304637.74436442903
C100905,1064404.1303051682
C100906,1479530.7587137832
C100907,1447442.770595145
C100908,700868.2714960468
C100909,636295.343748154
C100910,520875.8484943503
C100911,2372029.8991602296
C100912,900799.4878797176
C100913,2284996.5917149396
C100914,185577.92769061864
C100915,1005480.8856489996
C100916,826590.1668491282
C100917,1880784.4835845695
C100918,740711.2681874994
C100919,623001.2998559601
C100920,35190.48604463901
C100921,1121905.4378431926
C100922,1550953.481868216
C100923,989156.6788959124
C100924,2500279.106116634
C100925,455664.8597945434
C100926,2053097.1553744727
C100927,227498.41661610882
C100928,1191716.6007761834
C100929,163881.73670582287
C100930,1011511.1108325552
C100931,32267.841555168852
C100932,906000.3249895191
C100933,916185.0284218758
C100934,630513.929224387
C100935,148092.2078181065
C100936,875439.5771600732
C100937,1692940.8431272882
C100938,3144383.4808448106
C100939,2198422.224504582
C100940,608776.414457357
C100941,1727770.3171155092
C100942,487792.04697671835
C100943,1239522.1202541178
C100944,1293524.3256446612
C100945,1149047.0029744464
C100946,1504189.7030118639
C100947,2747338.957616028
C100948,995703.1930847546
C100949,825801.5223837084
C100950,789557.6324014198
C100951,1294044.209214178
C100952,177519.28967099462
C100953,1525036.4336165753
C100954,462855.64879442914
C100955,819728.3944353793
C100956,1625286.0463670646
C100957,646149.9657180092
C100958,124301.22600926716
C100959,434365.3476016206
C100960,743845.6185091465
C100961,848541.7984029419
C100962,736800.5225985255
C100963,1136891.848400007
C100964,1091261.199620192
C100965,1881892.1417418993
C100966,1763902.8679017497
C100967,612600.6063653538
C100968,1403540.5384968063
C100969,887545.9550529097
C100970,409828.4154093017
C100971,332361.04914817034
C100972,966261.2704867756
C100973,1313927.6731244354
C100974,2179567.938738743
C100975,1867958.3540887472
C100976,777089.0539757211
C100977,959006.9505305705
C100978,855045.526017785
C100979,1457799.434838005
C100980,766977.8724389423
C100981,632697.8674315951
C100982,907739.1988670458
C100983,299412.07354876917
C100984,30655.704916986153
C100985,921278.5629376546
C100986,620029.2359651788
C100987,901640.1614729192
C100988,2102378.8233567616
C100989,1139007.2437700506
C100990,1908993.5607155627
C100991,1507467.0486961612
C100992,1155758.4421829493
C100993,545507.4110209572
C100994,429644.37598192034
C100995,1422392.4975314164
C100996,1964646.5554376405
C100997,64686.88760674218
C100998,798052.6772429247
C100999,17434.51783098618
C101000,466023.2432899002
C101001,1614034.7877213
C101002,1344116.8686367434
C101003,346595.62150017277
C101004,23991.241550365852
C101005,1293593.8020824287
C101006,749912.448985908
C101007,2529394.601716662
C101008,351351.09698539996
C101009,392858.31604696775
C101010,1481391.4678541087
C101011,1825876.7401142935
C101012,1613326.3122622306
C101013,1919189.7832276877
C101014,492412.6000606293
C101015,205830.8142584946
C101016,1245515.1022407908
C101017,2105954.2686691275
C101018,1359541.8774953396
C101019,1213785.6492639827
C101020,2209000.984738564
C101021,928724.5535772016
C101022,1671207.744963927
C101023,173679.86046488665
C101024,1485782.4064569518
C101025,961160.4945916516
C101026,1653084.8755882843
C101027,527114.7956304551
C101028,477069.24222342065
C101029,330660.2324951193
C101030,2222011.9705278906
C101031,920327.5482143287
C101032,408931.8387048957
C101033,2195868.9540385306
C101034,1170222.664361883
C101035,1228948.5138936886
C101036,74010.28677878069
C101037,1832921.1687058965
C101038,307131.67899500544
C101039,360664.66795071115
C101040,957926.5978095201
C101041,1251038.9445726355
C101042,1035538.4504047718
C101043,1004634.7058871473
C101044,524810.7346007371
C101045,712052.2999726622
C101046,882974.4566795703
C101047,462324.9522503386
C101048,340566.6264881251
C101049,323596.71980039834
C101050,285507.37842090527
C101051,138253.0667821385
C101052,2066781.1219828592
C101053,1184499.3869752754
C101054,195437.3045691431
C101055,1346709.086121665
C101056,2376054.8277845723
C101057,783373.9706178193
C101058,266916.3037208903
C101059,921752.3435467596
C101060,198864.77874614077
C101061,955476.4204213831
C101062,1436962.3493528846
C101063,922046.7353286574
C101064,245849.5637199469
C101065,700755.7001761998
C101066,781102.9933028871
C101067,338036.40828371735
C101068,1471882.9263699094
C101069,1466748.430618491
C101070,754598.1681271405
C101071,1220477.3797461865
C101072,744603.6041195224
C101073,1157196.9657879064
C101074,204586.21773811075
C101075,3095549.8223906085
C101076,787610.3342901174
C101077,1128809.2648984666
C101078,228727.24846793868
C101079,825344.208444293
C101080,1248033.1740442147
C101081,456239.72058240685
C101082,357035.16667622805
C101083,850586.7160105505
C101084,1006720.4214904334
C101085,787602.4719242706
C101086,265562.84250156226
C101087,189588.75539765824
C101088,752655.8279451849
C101089,487798.86481833336
C101090,1030104.7857374474
C101091,1528250.8845081427
C101092,481632.84807090665
C101093,532506.0557137615
C101094,822687.584521901
C101095,1090164.2268958124
C101096,51645.951690460584
C101097,533098.6175188822
C101098,912350.4028467196
C101099,962269.7854031802
C101100,2830074.5928464616
C101101,2032698.3864452313
C101102,601748.9682558487
C101103,736314.0726349796
C101104,217854.52607670016
C101105,320324.87153630744
C101106,67699.66829660916
C101107,1485353.7326008556
C101108,544919.1020763363
C101109,463703.7600577099
C101110,1258270.1765381652
C101111,959149.8467978445
C101112,1034071.0803132684
C101113,404809.256736517
C101114,777826.1073810962
C101115,783864.6188226212
C101116,725548.3625293836
C101117,872372.8894206682
C101118,1030098.2243628686
C101119,262088.01014440935
C101120,671565.3182279174
C101121,807262.72591802
C101122,1334903.9935562909
C101123,1910861.9596760543
C101124,993041.0944837931
C101125,614106.953833937
C101126,177620.28839250916
C101127,906383.6152318395
C101128,214513.25048885008
C101129,292829.2709877589
C101130,469295.9335798732
C101131,975741.0154556808
C101132,109035.96530896884
C101133,691950.0478104313
C101134,1153643.3207814987
C101135,8433.287747133674
C101136,2420383.3862856086
C101137,1291580.2148778203
C101138,226919.86057790287
C101139,1341412.1753160611
C101140,2343132.412804825
C101141,1160690.7404270875
C101142,910725.748247254
C101143,704102.1593074191
C101144,1642630.7068050592
C101145,1659014.4536211416
C101146,1407683.719798297
C101147,567223.1806965187
C101148,134405.37472457462
C101149,603174.9789764972
C101150,660496.3303013698
C101151,1039233.5580779905
C101152,779784.7447658933
C101153,738372.0222060657
C101154,468586.3068771841
C101155,1729751.639947425
C101156,599432.5448892199
C101157,587858.13300829
C101158,696499.0227652298
C101159,704072.1244869181
C101160,114811.6402246469
C101161,1177102.5257334015
C101162,1148681.257009977
C101163,638555.4469074751
C101164,657312.939445057
C101165,700657.6115542704
C101166,281203.601598007
C101167,476963.5811269409
C101168,1391227.6664417933
C101169,533066.0847863307
C101170,1369136.2967174686
C101171,400162.89549590345
C101172,141549.69190112103
C101173,706629.8184700805
C101174,1413611.5301065927
C101175,763821.6592825891
C101176,367916.0990625919
C101177,750557.6003520649
C101178,1479520.3924454767
C101179,234006.32994451304
C101180,857621.2576732743
C101181,867222.9985438098
C101182,2291861.4442319395
C101183,178927.36134781488
C101184,1699097.566178272
C101185,479816.39455257193
C101186,1177798.4054959617
C101187,1970064.1278086314
C101188,514947.8077652878
C101189,924338.0571558531
C101190,259886.94071252597
C101191,1087308.45356307
C101192,1515055.303333161
C101193,664401.0016538393
C101194,673277.3517386591
C101195,133343.49357088824
C101196,402766.8280138533
C101197,399052.11340581527
C101198,455350.07555491244
C101199,1379685.6691687007
C101200,1901173.7208856274
C101201,810227.4516088178
C101202,445309.10575790174
C101203,269396.9135374597
C101204,263304.4539392885
C101205,750765.606564546
C101206,2417747.434188024
C101207,550900.59795283
C101208,1206547.619648823
C101209,858754.4732833963
C101210,746707.5299171698
C101211,680705.1544070416
C101212,117511.46970089148
C101213,126447.81675161685
C101214,1323017.0253950409
C101215,2794044.1066782377
C101216,397267.3825882035
C101217,115311.27049152441
C101218,247087.24313537678
C101219,77744.73588205772
C101220,643397.5447575576
C101221,1061898.0129434313
C101222,1124537.9465310515
C101223,568073.2317632536
C101224,990396.5005347377
C101225,760749.3846287705
C101226,1209153.7820486105
C101227,969257.4263871161
C101228,1585839.513514104
C101229,292476.1342329537
C101230,184342.9954906364
C101231,740608.608413018
C101232,2336286.6560572037
C101233,587217.8053684417
C101234,1095960.017229398
C101235,668100.0340577147
C101236,726540.4165005486
C101237,2459193.379866626
C101238,659513.4925908993
C101239,314726.773409872
C101240,2171803.1137212263
C101241,768581.6688879642
C101242,1198907.7614506753
C101243,464460.2687132642
C101244,1340212.9398832787
C101245,918779.7354105896
C101246,851767.6424658137
C101247,148102.59262910808
C101248,1656136.3302663416
C101249,1282868.9005764348
C101250,613597.2045055213
C101251,1330796.437425774
C101252,1723532.4003553158
C101253,334082.6272751638
C101254,492556.3006799696
C101255,455362.4777186307
C101256,623307.1515382449
C101257,427041.1226310203
C101258,653063.2147072655
C101259,505266.2275078338
C101260,756408.1686276722
C101261,3089804.881932028
C101262,392846.2556573943
C101263,772929.3779875855
C101264,1003749.1077470508
C101265,1105874.9123027457
C101266,391886.7964830507
C101267,296668.1586749883
C101268,768085.5572558212
C101269,1900568.463332808
C101270,941024.241519038
C101271,948316.2367803943
C101272,929868.2017634312
C101273,278760.6028629416
C101274,968151.518861369
C101275,444138.8820356081
C101276,547927.334098712
C101277,481792.6354401505
C101278,1540403.5115777347
C101279,1656136.411984491
C101280,965190.9723964836
C101281,1731139.1128808982
C101282,494979.98677619296
C101283,1628900.9035655537
C101284,1680554.1957543334
C101285,674628.8212970989
C101286,490244.2782688287
C101287,378310.5882886226
C101288,1267083.16207236
C101289,1277785.6497712047
C101290,229344.64223574934
C101291,1379717.2193816884
C101292,356868.6450270985
C101293,189184.86011845985
C101294,617504.8285914883
C101295,223343.8008289333
C101296,2860223.708844343
C101297,870905.1460070582
C101298,358834.7924440966
C101299,2170337.148051212
C101300,790627.8645107576
C101301,574743.0205461188
C101302,1599579.2410149935
C101303,250585.2698947426
C101304,338716.34928654175
C101305,3082122.7601325326
C101306,110922.43332830601
C101307,552366.5163353669
C101308,350919.237072224
C101309,526701.8234050014
C101310,1820161.7385955194
C101311,1344225.4379128574
C101312,454951.37673737225
C101313,1429390.9599891563
C101314,927600.7304774782
C101315,674540.1827003515
C101316,1633580.7222179258
C101317,809157.0965304443
C101318,1973858.7120313868
C101319,532838.5771343374
C101320,737142.4863042962
C101321,849668.0305406863
C101322,30944.199422351794
C101323,1158818.0003573042
C101324,338904.83880355087
C101325,1316883.9140379867
C101326,761484.332532091
C101327,415312.99444249144
C101328,2709776.8457219573
C101329,586738.8555672509
C101330,2540534.988847142
C101331,1137082.8290680998
C101332,631619.8029428148
C101333,1021973.339668698
C101334,1313009.3122951954
C101335,33393.23553767512
C101336,1062229.358648506
C101337,1131142.4195560634
C101338,2904984.8301783316
C101339,299098.3665484582
C101340,331092.5072065021
C101341,2088748.5513386535
C101342,2321905.340199518
C101343,264011.7054285349
C101344,637888.9995028976
C101345,1186936.981886926
C101346,797958.1652689765
C101347,603043.103947304
C101348,419759.9261767528
C101349,851530.9616404781
C101350,2225815.900072569
C101351,524248.3368196471
C101352,1483144.1632957652
C101353,1434300.5222343984
C101354,94004.18418393486
C101355,428377.47179411247
C101356,1630018.2563396618
C101357,872163.7408636131
C101358,970732.4618082151
C101359,530240.888221544
C101360,529505.7239578823
C101361,989311.290375422
C101362,299723.629288726
C101363,1802559.1984593284
C101364,327666.47982057824
C101365,2179469.3488171496
C101366,200965.290823495
C101367,791278.4807255835
C101368,1389828.2653636732
C101369,1087665.386584416
C101370,849421.4807066303
C101371,328070.35854415124
C101372,1299555.6220706236
C101373,1525652.0203737172
C101374,604651.0202918195
C101375,1020512.3766418933
C101376,759267.6761312042
C101377,2278712.3216983113
C101378,3422888.0421942985
C101379,753113.6426903891
C101380,406878.59950292506
C101381,105083.86130137877
C101382,463591.7761375405
C101383,128367.85819428826
C101384,1143731.1086602323
C101385,1225869.3585460586
C101386,651921.7052295855
C101387,1822558.1304941755
C101388,873378.0047183584
C101389,2226334.601921734
C101390,643579.9988099734
C101391,1165350.2008089859
C101392,862015.8456585435
C101393,759994.3661726287
C101394,373996.1514411055
C101395,316423.4214106954
C101396,1501798.5687359297
C101397,504532.2137085928
C101398,623843.7144027627
C101399,277293.13550633
C101400,1140651.9002169417
C101401,1218116.9162154035
C101402,412686.9784102369
C101403,992520.3991525995
C101404,692342.139929767
C101405,3548102.4517480163
C101406,2196860.0403489512
C101407,541337.9762240245
C101408,25710.92251128519
C101409,554786.573018119
C101410,741445.9842812583
C101411,1489751.7686482943
C101412,169969.76444839977
C101413,735837.4024934487
C101414,1702419.1556227931
C101415,60908.989402562926
C101416,335619.3947504584
C101417,823411.824185867
C101418,895135.5446496222
C101419,710052.8639845009
C101420,395072.0207581937
C101421,1337634.8828979842
C101422,1433513.188698971
C101423,657890.2294009791
C101424,345811.9789731681
C101425,244436.36863758392
C101426,206078.1792499632
C101427,1257896.1240941882
C101428,1702347.201737205
C101429,723788.6672605509
C101430,393585.3253273603
C101431,586260.6224520232
C101432,873055.4250188441
C101433,1176487.6010521175
C101434,938766.0503450898
C101435,376547.78608297504
C101436,168510.01422520194
C101437,1268647.302743643
C101438,1465367.5948813846
C101439,705740.4131081199
C101440,861164.4266272038
C101441,472124.2278875424
C101442,720282.8619706212
C101443,1038598.5256856518
C101444,824347.147091582
C101445,483470.2161586996
C101446,485860.5712542611
C101447,905616.1176480576
C101448,470083.1846048926
C101449,831225.4009699179
C101450,662997.8641845542
C101451,585757.7209795528
C101452,1463306.084764955
C101453,717598.8799160538
C101454,1074065.3729653754
C101455,382784.13921890076
C101456,1084606.7552873339
C101457,557340.534375685
C101458,1931652.3224378703
C101459,1164704.1537872222
C101460,2103959.381096041
C101461,214854.8604522871
C101462,493599.38820421277
C101463,1064661.9863081328
C101464,2206034.534991522
C101465,17058.423425008863
C101466,1599062.7134426078
C101467,565566.2136798729
C101468,844731.0089360832
C101469,508934.5997025765
C101470,303377.14059987775
C101471,1293501.2451576963
C101472,564279.8232550065
C101473,11080.293316937205
C101474,1182908.3428963358
C101475,800712.8938425961
C101476,601744.1617793958
C101477,883003.3753622054
C101478,365310.8753079299
C101479,572667.7167959133
C101480,860591.401738272
C101481,782761.0515340287
C101482,1233121.6062095119
C101483,270804.99359122943
C101484,1662341.1283878658
C101485,1731277.1611051417
C101486,271571.4714434449
C101487,389282.9970260622
C101488,2165914.218377133
C101489,1986861.7753649857
C101490,754898.3004788603
C101491,21563.550583445704
C101492,1275604.3167261546
C101493,2042684.6187474178
C101494,850605.3016472643
C101495,375606.25738955766
C101496,719971.6758867942
C101497,327857.0322968908
C101498,790857.8703295114
C101499,728957.2957015178
C101500,732065.9934805023
C101501,772729.6182689569
C101502,343127.4423174504
C101503,438178.2537705529
C101504,2718321.878783
C101505,191640.01173907364
C101506,538682.5509432494
C101507,227442.6517945171
C101508,923700.5522387305
C101509,1068403.578280899
C101510,513896.65503398015
C101511,355400.0575718772
C101512,800125.4492448398
C101513,1450264.1223845393
C101514,1106491.8631953998
C101515,643104.4397707789
C101516,1725895.248326624
C101517,3205354.832854499
C101518,1173294.0180975008
C101519,1530600.1515414207
C101520,1688550.0053980248
C101521,1467889.5105624544
C101522,1497436.9991002185
C101523,1563035.3943944138
C101524,1080164.6592498112
C101525,800459.849701685
C101526,203947.86241838665
C101527,290074.5403249141
C101528,1178990.4799821675
C101529,937598.6451190473
C101530,1366000.8653767528
C101531,1242389.5587617175
C101532,471669.91435719933
C101533,878400.4109234585
C101534,889880.4828025687
C101535,172581.12793548516
C101536,566034.2229859071
C101537,1669348.016633718
C101538,1014112.4880777807
C101539,1366219.2678891472
C101540,1354259.250778689
C101541,842681.3068425832
C101542,2337059.864087956
C101543,137640.89339247084
C101544,1568422.653105854
C101545,423996.97664746415
C101546,166156.3860878907
C101547,1243261.005795887
C101548,139209.72721390522
C101549,718262.9921967323
C101550,1391039.333052036
C101551,683650.4238424937
C101552,457488.75649930077
C101553,736734.4627145353
C101554,1243173.155141397
C101555,1576144.0417183
C101556,294540.8466623165
C101557,966521.7549052396
C101558,1765055.8595215632
C101559,376754.1725358221
C101560,616610.0453756276
C101561,905444.9371363804
C101562,456200.2713856102
C101563,1361539.6101956344
C101564,1617280.1446600656
C101565,1200096.0115339896
C101566,173971.57489316503
C101567,675761.7059033299
C101568,685550.1193103616
C101569,1966951.85059077
C101570,215834.15332286217
C101571,240192.05829128498
C101572,2359799.4573315033
C101573,1638142.798673104
C101574,838905.7771521892
C101575,1125816.3516366733
C101576,41890.60089584769
C101577,272800.25863914733
C101578,1610355.4436668516
C101579,1036048.3018648255
C101580,1236958.5771703708
C101581,506319.8584593886
C101582,1226798.964542821
C101583,1548322.064036592
C101584,267968.82812470477
C101585,604479.4508247792
C101586,1096996.0187408726
C101587,375129.4659930931
C101588,1592649.3410130169
C101589,1241846.8088621572
C101590,709981.3096945416
C101591,452569.14135220856
C101592,1050187.6968523804
C101593,1993445.181769978
C101594,263674.62603056023
C101595,694768.6754910764
C101596,264967.4267052817
C101597,591009.4979133866
C101598,1061660.9916590306
C101599,1278718.6177406288
C101600,1264601.0981714493
C101601,215995.89846209253
C101602,222631.67796132073
C101603,848119.5775272222
C101604,898221.3976987241
C101605,633938.2291997442
C101606,1182032.10836106
C101607,735516.3476059118
C101608,821019.0915706882
C101609,419485.463273344
C101610,534911.8119678099
C101611,538428.9110206558
C101612,1548616.4279884812
C101613,700046.0891919167
C101614,1154982.0458448154
C101615,973502.6003371135
C101616,633808.80182213
C101617,164667.79976388995
C101618,548149.5583381864
C101619,1940748.4902118524
C101620,575331.0675477078
C101621,672052.9330624604
C101622,847943.3486771501
C101623,292298.9993374044
C101624,1085453.6648528753
C101625,1969987.6142833792
C101626,2032395.1325740344
C101627,1238432.0415674627
C101628,834348.0616620479
C101629,1904379.5909672447
C101630,333002.1338647173
C101631,579939.971855362
C101632,570700.9112013455
C101633,1138385.5428791915
C101634,1024882.6143957998
C101635,304042.1247625071
C101636,1995671.9181751655
C101637,80720.83174602693
C101638,787344.8231245464
C101639,209529.51482830988
C101640,2095164.7899479987
C101641,786638.3550921656
C101642,522712.57038786577
C101643,844369.5034002336
C101644,641714.6377796999
C101645,530542.7875031184
C101646,353907.64257068635
C101647,2491834.2940403786
C101648,1019122.7124908362
C101649,1799345.218262434
C101650,1920724.6902069487
C101651,1673788.3517631786
C101652,705511.7226580435
C101653,1141240.9564435119
C101654,2149529.7974766465
C101655,2005525.65725675
C101656,1448251.2622040168
C101657,1683874.9116919083
C101658,17438.288273958544
C101659,151258.2809583341
C101660,681908.1506754141
C101661,628784.526740465
C101662,1580070.8739380254
C101663,538906.1906833028
C101664,905445.6434237525
C101665,323545.36938162084
C101666,2073155.830852556
C101667,1149490.389425129
C101668,790085.3971872202
C101669,385534.4474908275
C101670,1747046.1839960793
C101671,290682.01718992967
C101672,1233867.6875295637
C101673,455569.3192765779
C101674,1080210.542835364
C101675,1168045.6318870117
C101676,323534.96150612144
C101677,967065.28189832
C101678,190468.04051089074
C101679,1445110.6419683911
C101680,2135153.122276866
C101681,1702306.3130177537
C101682,251766.12784069515
C101683,816093.7187979606
C101684,433999.1949584283
C101685,1995417.1357852237
C101686,687352.2208013809
C101687,260.7793579239037
C101688,337870.4984259482
C101689,239751.1582375836
C101690,931867.3866152001
C101691,1619426.4910006518
C101692,1747100.825714886
C101693,546753.8144533472
C101694,2430888.0145154526
C101695,2744979.0385195
C101696,441745.055952299
C101697,1337186.3907840096
C101698,562343.9048316332
C101699,1272110.9855183829
C101700,354813.56403044437
C101701,695888.3135284922
C101702,298194.8454489551
C101703,526320.1252153071
C101704,1971388.6695628965
C101705,501851.16296672943
C101706,1107693.7969665567
C101707,1588943.970767336
C101708,352635.4611011561
C101709,494100.23235923395
C101710,403220.6062761933
C101711,745509.9386016292
C101712,887160.8072840725
C101713,3497566.1637489456
C101714,2458069.448516314
C101715,545090.5537222594
C101716,381840.6226781405
C101717,213984.57167223818
C101718,1556041.1839080132
C101719,2399658.871478867
C101720,296738.4749129943
C101721,1443832.876921698
C101722,1016429.1798881482
C101723,1013682.9805147743
C101724,3433210.300784384
C101725,159899.1623369436
C101726,482384.396241365
C101727,2405499.4257802293
C101728,993996.0766286785
C101729,141993.34843383875
C101730,1229451.9659074866
C101731,645146.6729145271
C101732,735480.131403796
C101733,1640566.5346980728
C101734,1137152.4668833544
C101735,2611132.5923368693
C101736,633429.4933100009
C101737,603571.5201995955
C101738,1635070.8202719074
C101739,730005.0468505841
C101740,872075.8648073399
C101741,700077.1462288242
C101742,660502.5004642969
C101743,1377854.8908545459
C101744,455029.7828193245
C101745,1109579.80960486
C101746,1021414.6429055529
C101747,1065599.5617685523
C101748,491346.5305987747
C101749,214493.12943392998
C101750,618176.7992958629
C101751,1856457.8144744998
C101752,2620825.5634757644
C101753,2046704.984641084
C101754,1654127.8276880719
C101755,260439.47872542645
C101756,620208.2281380955
C101757,1775145.9257190644
C101758,3675436.4780550674
C101759,1042252.1189093227
C101760,761334.9424359733
C101761,381411.02706325304
C101762,68013.32550124114
C101763,1084687.6622588588
C101764,1712607.9679793657
C101765,78157.36244134905
C101766,784252.0988147738
C101767,716238.6770435263
C101768,571298.5469221994
C101769,540877.1375800021
C101770,301227.76380200277
C101771,737518.558299117
C101772,1055226.1288965642
C101773,1332292.4850746419
C101774,664236.410820099
C101775,1461829.427429645
C101776,1133654.5784676026
C101777,1387037.0874002944
C101778,767168.6637256517
C101779,295786.895600363
C101780,919862.1545105824
C101781,964115.262072804
C101782,1170330.6735534696
C101783,310653.81032915553
C101784,1633170.5482463306
C101785,1981422.3051598803
C101786,934844.8887570152
C101787,1306247.720305196
C101788,744449.3125510709
C101789,272320.8279241442
C101790,678207.2721042634
C101791,1083040.448774643
C101792,1356967.709776783
C101793,388320.5860024798
C101794,1879825.8671450317
C101795,919480.9992965787
C101796,1014644.6909823015
C101797,1041406.4939206484
C101798,653591.1042193878
C101799,712270.088225179
C101800,1180735.2539856913
C101801,297947.37602764607
C101802,984030.6541642236
C101803,894233.1903061699
C101804,723115.4002246796
C101805,646007.3422049199
C101806,226826.63950679664
C101807,1206471.026545697
C101808,271554.57211290224
C101809,2010133.3659811406
C101810,1804776.1830310025
C101811,2093932.2697679352
C101812,701236.5800843695
C101813,578604.3025973156
C101814,914.4031972475675
C101815,132982.28044231868
C101816,925148.263353692
C101817,642269.6141509748
C101818,775495.5747502953
C101819,2360793.6678253324
C101820,743693.8788494817
C101821,1404172.093776791
C101822,1106594.5229489561
C101823,837994.9232770889
C101824,257197.85386199105
C101825,827531.2865565983
C101826,31511.66520539581
C101827,278664.22537602205
C101828,755048.9084126839
C101829,611605.0725261817
C101830,879460.7185140713
C101831,16300.32124921275
C101832,931493.3372150259
C101833,785890.7314060814
C101834,1844272.123779042
C101835,1428065.3510806803
C101836,956156.4641343108
C101837,1499317.7788321548
C101838,1219502.8710569933
C101839,1939050.4200297706
C101840,1917188.2815770614
C101841,1961926.4458064972
C101842,719330.8806879321
C101843,2704312.0002532173
C101844,1776720.1154029095
C101845,109743.39449984659
C101846,803142.7018706423
C101847,1729548.7995975944
C101848,430376.5860836106
C101849,296473.10059705644
C101850,849486.8172371802
C101851,1084518.3282218752
C101852,226054.9449822897
C101853,1573711.7268516654
C101854,599145.0552437651
C101855,525694.0825056741
C101856,103500.08248922965
C101857,569723.0707104835
C101858,1081181.159995944
C101859,575673.7177491352
C101860,496527.47575153917
C101861,447481.06319298263
C101862,1536929.2997142656
C101863,863695.6925399292
C101864,594732.181004624
C101865,2290690.229766783
C101866,565936.9101303682
C101867,1903860.8681802158
C101868,604620.4663255854
C101869,454667.3912394772
C101870,304456.6783858893
C101871,863193.6399230657
C101872,803117.1742108671
C101873,658604.746004635
C101874,362680.87085283856
C101875,1720317.5624185877
C101876,391513.0092582255
C101877,1940293.738678066
C101878,102747.62803175191
C101879,956437.959773834
C101880,509184.8034271769
C101881,709517.3476863793
C101882,683738.3346428532
C101883,63046.714347420755
C101884,1066162.8105703907
C101885,893748.5969467484
C101886,1055192.521725145
C101887,1434561.7110902912
C101888,105300.52788051314
C101889,915171.1535722334
C101890,1201710.4750361824
C101891,1645186.82521396
C101892,300348.45845317503
C101893,797991.9773220953
C101894,766263.1431022403
C101895,1628582.232727849
C101896,439340.9517614264
C101897,1087037.3208207034
C101898,791244.4613596256
C101899,1927334.8500162335
C101900,1097895.4218595866
C101901,1793888.4538748958
C101902,1477758.2809639268
C101903,434546.47647975
C101904,450170.5598592189
C101905,1887999.533270888
C101906,7220.578402745833
C101907,624443.9183635876
C101908,527914.8961261534
C101909,675540.548428097
C101910,1504029.3711464857
C101911,985034.2915683914
C101912,1040694.5662181929
C101913,287222.87416410237
C101914,334111.3349471357
C101915,926186.7559225615
C101916,552697.7746701739
C101917,2801892.0838987366
C101918,814660.0354836463
C101919,170818.68954687307
C101920,341670.9341637254
C101921,970787.5301002266
C101922,997308.5305886116
C101923,348713.97373289283
C101924,2602406.568811401
C101925,1877476.129280188
C101926,2241048.810124416
C101927,460747.2587361378
C101928,1089983.1872284156
C101929,673290.2929634751
C101930,337716.11022665945
C101931,1451585.113889771
C101932,182629.53241973123
C101933,415334.94027912617
C101934,1037228.5792074469
C101935,569637.6129993675
C101936,447663.34709217254
C101937,524237.1656472708
C101938,414835.8512379087
C101939,789212.5906296921
C101940,1124539.4442044483
C101941,809055.4334609602
C101942,751385.0350086461
C101943,436021.3445116783
C101944,1488543.0836523555
C101945,789056.4434245867
C101946,102866.55339290689
C101947,855169.7025349424
C101948,1941669.388952071
C101949,323073.54565687984
C101950,175074.4273068686
C101951,1478570.4062572105
C101952,156210.17747104814
C101953,1186069.181064978
C101954,469581.60349176044
C101955,687732.0419500193
C101956,1126740.6989555215
C101957,1696941.5578593083
C101958,159152.24445551043
C101959,672411.0168974521
C101960,567044.352528879
C101961,183725.82580344618
C101962,801908.8386817281
C101963,398702.3933918656
C101964,1964280.12882328
C101965,2608041.9366192827
C101966,503509.2132143038
C101967,1334399.7857227891
C101968,1464550.7090531993
C101969,1081844.7382520114
C101970,1025092.8766865528
C101971,833614.6367243212
C101972,374748.0531137856
C101973,681712.5574950029
C101974,1717488.8494900542
C101975,912478.3582487451
C101976,1033749.2818441095
C101977,987249.1661147338
C101978,1107040.8038850555
C101979,204233.13670205488
C101980,395497.6968460663
C101981,1366789.8317011273
C101982,640777.8008411526
C101983,1137823.9323810944
C101984,1735095.2340490269
C101985,142930.7984909152
C101986,729442.612691042
C101987,891944.6530974617
C101988,1892818.8499908247
C101989,654134.8535226493
C101990,1078826.3565254144
C101991,231496.34753155467
C101992,321317.2220411175
C101993,166734.23461449755
C101994,3173699.7122977916
C101995,1276956.1576211886
C101996,215068.5913101501
C101997,843734.0239578374
C101998,629929.0731945848
C101999,981178.0464862024
C102000,1724680.0894903187
C102001,1051853.336913828
C102002,703053.1513496541
C102003,646121.6602680205
C102004,1199406.4554384318
C102005,409940.4891973751
C102006,409829.4000512021
C102007,582681.8447283675
C102008,58072.8247962034
C102009,1468788.805336515
C102010,376955.0229145081
C102011,1031431.0456050017
C102012,947810.6366405364
C102013,36059.078183515885
C102014,870435.2098593884
C102015,709371.9114958633
C102016,1791656.3857678855
C102017,1996663.549606513
C102018,1530947.2432808597
C102019,692539.4430933337
C102020,964641.995172889
C102021,1936613.7487754864
C102022,2520207.80426487
C102023,343213.1248208441
C102024,349835.3107279298
C102025,694860.4344660279
C102026,379720.99927952763
C102027,1017268.138278105
C102028,37318.98526093311
C102029,1089039.9197982685
C102030,229434.96977709676
C102031,803728.0619586441
C102032,625458.6921560736
C102033,658139.9303229805
C102034,1384593.09242901
C102035,573018.3560209514
C102036,821346.2617188236
C102037,948144.3789907013
C102038,592747.133853145
C102039,986417.0655379575
C102040,453516.7146417161
C102041,311656.81413439964
C102042,780381.9431341502
C102043,380962.45277807437
C102044,1482472.0359486688
C102045,690524.3111836915
C102046,644003.4755588673
C102047,1259122.1121863737
C102048,848186.1121169605
C102049,716941.9150141535
C102050,2082828.7346972688
C102051,1511556.883333528
C102052,1672643.221726866
C102053,1918720.2617347466
C102054,1315879.7035394432
C102055,452051.8782065959
C102056,652613.5338378807
C102057,534292.8465978217
C102058,529442.2415958864
C102059,166846.17315125922
C102060,292926.7427436117
C102061,1026997.4668626189
C102062,695301.7921815244
C102063,888826.424772816
C102064,659638.6991058422
C102065,809202.9532692073
C102066,2885904.220185347
C102067,502428.8243576093
C102068,529824.6789289279
C102069,1204050.5913952612
C102070,1782181.8097400442
C102071,1080820.6968783059
C102072,725704.7606144284
C102073,1236751.2708674818
C102074,1155916.2588970424
C102075,973654.3488787666
C102076,846849.5439540494
C102077,691933.0065468259
C102078,2687319.082793036
C102079,442580.0058798927
C102080,303870.2909508395
C102081,1091852.1456286588
C102082,1473574.0954393311
C102083,484981.2864301476
C102084,1873931.39465873
C102085,1014780.4388325401
C102086,2397317.4586079745
C102087,928007.6748603221
C102088,1342947.587843344
C102089,1150541.4152897291
C102090,2219551.4335391847
C102091,174742.74012575927
C102092,631918.2560296926
C102093,520357.6624336493
C102094,289228.5249700282
C102095,2677797.2779903803
C102096,1817731.2192067364
C102097,935542.8756883503
C102098,708725.207492403
C102099,881412.9891348311
C102100,600033.6711546185
C102101,1762493.864496407
C102102,2323665.1931137396
C102103,1409940.9337606304
C102104,423727.2628882651
C102105,1848483.9962738534
C102106,472705.3189651558
C102107,544972.0624974796
C102108,805192.3496427443
C102109,1321074.5663700432
C102110,930845.7484380155
C102111,398406.3365578713
C102112,299137.1458889799
C102113,1230236.1281135294
C102114,730254.593662559
C102115,1007562.1907615281
C102116,1994327.608200185
C102117,894203.3969795594
C102118,1737725.4311412084
C102119,784326.6225124154
C102120,2957340.948570175
C102121,253513.1770695583
C102122,513708.6923290152
C102123,1385755.2705880897
C102124,757884.2192013749
C102125,575290.8119983368
C102126,1171994.3015449878
C102127,2638796.223361275
C102128,254380.1586856143
C102129,1050607.3302976866
C102130,591969.3216390867
C102131,182650.79382846356
C102132,123806.95423076011
C102133,1869120.178305701
C102134,805074.5546574495
C102135,343701.294481987
C102136,608884.1613071417
C102137,375340.36680812
C102138,850230.4836289134
C102139,1812610.002852681
C102140,947442.1223486963
C102141,1170850.7567604731
C102142,19468.474478485652
C102143,647815.8232116785
C102144,951213.8817217088
C102145,747927.6869046249
C102146,1588776.7468321915
C102147,647614.3181470722
C102148,611825.3936004462
C102149,219721.2490842627
C102150,1257768.8075992775
C102151,329511.34905613295
C102152,1947443.4967052285
C102153,667685.2674483744
C102154,1348708.9723884065
C102155,1914459.0548014003
C102156,1119469.425657609
C102157,1015630.5431151236
C102158,514813.83071566804
C102159,483957.287658126
C102160,835642.8791935773
C102161,1394551.4064679588
C102162,263285.65760458226
C102163,912242.6677677688
C102164,1215008.7383752132
C102165,604577.2149099623
C102166,446352.67377891054
C102167,1157664.1297743975
C102168,1842461.8397309205
C102169,594813.6637501621
C102170,2024077.16709367
C102171,115081.18641779711
C102172,1691783.6240688656
C102173,1456949.8049608343
C102174,399144.31577612367
C102175,103549.52616563263
C102176,1594576.1111647317
C102177,638763.624419242
C102178,454364.1719492449
C102179,948109.7103527779
C102180,64638.766216542426
C102181,1163571.1070421208
C102182,114941.86346054138
C102183,1611949.5458403532
C102184,835463.1330072834
C102185,611703.2774536021
C102186,767759.460529457
C102187,495401.15858909354
C102188,2706370.8066800972
C102189,598755.4183313197
C102190,142987.58856341543
C102191,228974.07515183062
C102192,271633.2894979642
C102193,115898.3618349144
C102194,411459.8533707127
C102195,20758.520325508576
C102196,760216.0326531492
C102197,2301456.159338521
C102198,25257.19892357984
C102199,784539.8065142307
C102200,478392.0502858268
C102201,2028822.6457944103
C102202,1427252.5561286728
C102203,1566003.2318161586
C102204,359006.11106167536
C102205,795743.6244592803
C102206,414082.591901489
C102207,659419.8038820826
C102208,278646.15121322416
C102209,365301.1782360723
C102210,777303.338021805
C102211,1156933.4809531467
C102212,163578.36196251065
C102213,609369.1653422099
C102214,709955.9005628605
C102215,1624272.0104609472
C102216,311749.9277988933
C102217,1279916.6892044663
C102218,1060724.9452873974
C102219,200354.98883351948
C102220,898356.9704020012
C102221,1343114.0488079695
C102222,961068.5078675348
C102223,1698502.3115200165
C102224,398813.34233493917
C102225,184715.5349184461
C102226,78103.82236102723
C102227,218648.59661379302
C102228,1346448.1627567448
C102229,621811.1925942955
C102230,576027.4515916854
C102231,175301.51237712643
C102232,132837.53819165344
C102233,1237148.101288197
C102234,551370.5084683372
C102235,424990.3937495895
C102236,167545.07380034382
C102237,650303.771021176
C102238,2297542.5342447073
C102239,585751.5477400691
C102240,1360554.1490155486
C102241,676765.060449337
C102242,2201497.413559596
C102243,619108.9486627027
C102244,314626.90999372397
C102245,481644.0038906102
C102246,648624.0366804196
C102247,1058554.0097816822
C102248,6572.133048628879
C102249,416113.3534860103
C102250,1379907.7843911983
C102251,964519.7406897333
C102252,680378.4942686835
C102253,2681681.472011853
C102254,1619489.018161034
C102255,1622540.4926158795
C102256,216456.60180008473
C102257,687648.8504579721
C102258,20849.174913373936
C102259,810767.8639285403
C102260,1530442.7602576483
C102261,504654.8971789575
C102262,970370.2017548067
C102263,746822.0142172052
C102264,256623.4636855124
C102265,493832.5225621956
C102266,596048.6815219001
C102267,585560.7800384199
C102268,481323.26587010757
C102269,1276121.838137679
C102270,36418.30115576763
C102271,784658.8244276952
C102272,745481.5718154081
C102273,1597277.1048860445
C102274,1600825.4907965884
C102275,977823.2178870115
C102276,1080664.1107107429
C102277,381063.77789655415
C102278,1595767.2575195213
C102279,1466334.8949933883
C102280,219882.38275130707
C102281,1625610.9515950468
C102282,531667.4261473697
C102283,1385748.2978775613
C102284,691543.6157023195
C102285,144782.6753932775
C102286,759115.198086044
C102287,492321.56209887314
C102288,915201.4308747721
C102289,437319.87602244347
C102290,1751004.0655714525
C102291,989321.128418942
C102292,103158.00044745699
C102293,1013505.520388156
C102294,1108802.659281416
C102295,250376.57147777727
C102296,420245.4199827616
C102297,121345.32990944387
C102298,652638.6751570206
C102299,394420.95934038697
C102300,1959944.0716342998
C102301,337100.13343767624
C102302,1154295.1198768835
C102303,1437445.44571019
C102304,846569.8175747141
C102305,263170.19391310005
C102306,141326.2001812912
C102307,1598729.2198928522
C102308,187597.28519479313
C102309,1007557.6630733752
C102310,857018.2180716805
C102311,1276798.0865669218
C102312,637105.4606542045
C102313,270013.05893305625
C102314,74814.93897006266
C102315,538265.2255799907
C102316,1177052.888013054
C102317,304390.1199030525
C102318,1622028.5115374562
C102319,1039216.7490593239
C102320,1190236.863291191
C102321,293083.2701718021
C102322,528154.4449722398
C102323,459153.8452800504
C102324,633463.4975875334
C102325,2019886.2728045697
C102326,1418621.9086056633
C102327,383863.58584848675
C102328,276823.73239956226
C102329,1550495.5395936014
C102330,297195.21530328377
C102331,195611.56810355876
C102332,1444403.0795827415
C102333,201774.99861197968
C102334,1689625.3952246597
C102335,434210.53281186393
C102336,1506073.4258321011
C102337,728906.2294536495
C102338,1726345.8210722823
C102339,210240.86749569583
C102340,1663363.7110180426
C102341,1139685.8226538976
C102342,191557.9711235033
C102343,1093841.7768205123
C102344,1036626.2015390361
C102345,765066.797997235
C102346,820584.8067604795
C102347,115828.123449112
C102348,867414.6760006866
C102349,785262.3087912664
C102350,54518.91255987888
C102351,823515.6085951045
C102352,694109.2157002774
C102353,551017.7277011465
C102354,377596.9724154756
C102355,935025.454187277
C102356,2117952.653153842
C102357,594134.878477302
C102358,1025882.3950401066
C102359,549945.7118795755
C102360,549787.5495701815
C102361,533869.0408223846
C102362,958318.9658148128
C102363,897305.1320311185
C102364,1209689.7764335736
C102365,1502883.7860428176
C102366,686559.0945475055
C102367,1598800.7867814752
C102368,2106958.245103088
C102369,1852381.4464054094
C102370,1755402.4447753604
C102371,517916.0314054613
C102372,1058379.5339709094
C102373,361245.6547350599
C102374,1603206.099330238
C102375,382044.351425132
C102376,274963.76293826307
C102377,330055.97106009076
C102378,1953540.1453398727
C102379,820688.1503441228
C102380,717134.0848147065
C102381,998746.7981207843
C102382,1188323.2282573148
C102383,1491041.7406790983
C102384,324765.53200953105
C102385,526288.9716066105
C102386,1443913.600529652
C102387,1316962.918341007
C102388,1164665.641513402
C102389,1854221.4178935608
C102390,600146.8745396802
C102391,903242.8671799172
C102392,747201.4916985808
C102393,1612059.7837892289
C102394,167487.91742024358
C102395,529775.7438186731
C102396,1523736.969794698
C102397,690000.1748524914
C102398,129627.47927214896
C102399,624581.2465782297
C102400,630714.3807750845
C102401,1861022.7877663737
C102402,1376684.0895838232
C102403,1276113.1712777514
C102404,1265836.9441846572
C102405,587537.6121530624
C102406,385155.6113162032
C102407,444997.0997875291
C102408,347629.4234397511
C102409,987380.2724533246
C102410,714471.6405259414
C102411,230027.37863907346
C102412,166683.96882988093
C102413,373509.60043204017
C102414,746277.1311607177
C102415,548691.7940795261
C102416,2450323.732086095
C102417,1310409.3186600856
C102418,546708.8350875062
C102419,851416.9712165428
C102420,1718764.7339978311
C102421,554148.0866678038
C102422,486654.0985209665
C102423,566671.7774452112
C102424,281576.2854925019
C102425,396353.00038462493
C102426,418941.56635520235
C102427,1096670.8639370878
C102428,38119.08492851263
C102429,110601.91609996055
C102430,1214909.7286003467
C102431,766445.630611863
C102432,143386.26473478257
C102433,39786.4481914359
C102434,508267.4828906663
C102435,482798.3182447333
C102436,1682031.1631161398
C102437,650932.2009828323
C102438,2344968.7577213375
C102439,1994163.5551676117
C102440,929790.6031986766
C102441,486208.86228447966
C102442,1196710.8088544104
C102443,333634.2158317391
C102444,174402.5361031373
C102445,1187912.4669016406
C102446,1331038.1253729714
C102447,1072500.4295632294
C102448,547968.4571122476
C102449,515263.7033337259
C102450,957518.5778497563
C102451,242108.52322219964
C102452,1924184.1244758698
C102453,1617092.864982275
C102454,244506.88697118405
C102455,1687950.658635818
C102456,687004.4878004696
C102457,599410.4583279765
C102458,923755.2286943593
C102459,1813257.5112925007
C102460,1889300.716118613
C102461,1001684.3026789168
C102462,882146.2222110206
C102463,1048277.0254475208
C102464,596873.0301523198
C102465,491819.31181181036
C102466,291370.7566275996
C102467,367578.1907600591
C102468,691692.4813650288
C102469,1421873.3013418764
C102470,855168.2493405138
C102471,434313.2275091097
C102472,537522.7032288758
C102473,1372541.1070828568
C102474,806437.7377395565
C102475,466602.40870973596
C102476,995016.1862697994
C102477,1248268.1366946148
C102478,394119.8798342889
C102479,1474153.791816901
C102480,464722.21737009997
C102481,675862.9556322511
C102482,1382924.233557693
C102483,299509.4422672322
C102484,948286.8716543838
C102485,1384242.7086568202
C102486,94631.2369401568
C102487,709778.9998707536
C102488,2005825.401023808
C102489,628846.3234108987
C102490,524903.1250786263
C102491,807122.0858188244
C102492,92454.78165549177
C102493,713913.0329176692
C102494,751027.3409899878
C102495,2059954.9952515995
C102496,841276.9424599123
C102497,511411.23985271953
C102498,960010.6213920315
C102499,409287.62455795554
C102500,713206.3746676476
C102501,262191.21223862184
C102502,1633906.928009015
C102503,1054504.9507851955
C102504,8685.94879558549
C102505,306520.8782364744
C102506,1306326.2304182178
C102507,1256654.510384725
C102508,521813.1401097374
C102509,802753.245826013
C102510,358697.6488493737
C102511,3068542.8309636563
C102512,55457.31334448993
C102513,392618.7573561349
C102514,973765.8564240863
C102515,1306763.3902428178
C102516,154237.00882017968
C102517,1246142.4690107373
C102518,976032.3865832624
C102519,527720.8603609179
C102520,560559.5905617855
C102521,962002.2631031432
C102522,1201116.5649003298
C102523,517415.96553373605
C102524,375726.9613776691
C102525,1413020.7340240665
C102526,1552234.6048467914
C102527,1583354.879960024
C102528,1001633.3601340844
C102529,557271.9750821386
C102530,1657229.0439976768
C102531,271707.3592264089
C102532,398796.2090017457
C102533,1048082.4332503009
C102534,340048.0727803188
C102535,190477.21131307672
C102536,780160.707740671
C102537,1151421.7420453723
C102538,1314072.9925634202
C102539,510635.35978716926
C102540,868566.3518575178
C102541,1309594.8657281739
C102542,1362990.3660003683
C102543,394343.34350182407
C102544,561004.6123682993
C102545,1191204.497423745
C102546,519935.03048175224
C102547,962501.7268689717
C102548,905664.252352443
C102549,372700.52279282466
C102550,316805.1687351342
C102551,72006.1766174115
C102552,386100.4091976322
C102553,586196.1047865555
C102554,2192603.0011534225
C102555,969278.7863327432
C102556,572752.4718648038
C102557,424942.2940485677
C102558,335409.0611333039
C102559,1094747.1611882178
C102560,744037.6718157968
C102561,1921446.8769627844
C102562,406711.26350137417
C102563,566240.349575267
C102564,1211666.1615632877
C102565,2289609.7672935654
C102566,1452380.5317839156
C102567,1573834.1520577467
C102568,1243030.3226113555
C102569,1157908.8324801216
C102570,431393.5851188395
C102571,515801.2016837511
C102572,2885187.7736141304
C102573,1951882.4877429144
C102574,352563.6891413978
C102575,84253.56670490411
C102576,1189374.7170999218
C102577,1762256.2429797885
C102578,1770904.4637299045
C102579,1297644.6599323037
C102580,293607.3163136173
C102581,483969.8829737301
C102582,804492.3908341496
C102583,1970545.0586373033
C102584,999499.5099481576
C102585,1062684.1124716126
C102586,1100494.7223461922
C102587,997359.888774732
C102588,1953577.3152720851
C102589,268668.61859193334
C102590,1291719.0231446
C102591,721089.5482523707
C102592,766233.0078946643
C102593,694392.2907374403
C102594,474080.182465055
C102595,386490.05621579255
C102596,465524.611335008
C102597,171634.4044045829
C102598,1435798.275582315
C102599,1253520.1072982335
C102600,323157.9570104874
C102601,1307402.924190286
C102602,1170719.2117362444
C102603,302073.8055690662
C102604,540856.1016065264
C102605,500191.1657454672
C102606,771254.2688450206
C102607,748659.9390590221
C102608,675127.061762387
C102609,1142042.7845198305
C102610,414488.33648008626
C102611,848733.670227999
C102612,472625.3702820625
C102613,1408974.0465466112
C102614,1215636.5609715153
C102615,164607.39995812287
C102616,673665.8119084691
C102617,26201.17271492451
C102618,624520.8926492606
C102619,1999352.707999083
C102620,932669.656533469
C102621,938182.3086714853
C102622,1263724.549418212
C102623,1377763.6457450143
C102624,219659.7034743809
C102625,45274.833387437815
C102626,79292.23535657219
C102627,114236.68830383965
C102628,1371692.7122848062
C102629,221490.9719922981
C102630,2291487.9450366274
C102631,1855817.925329937
C102632,1143087.9803204304
C102633,762185.3457844878
C102634,578597.0358412014
C102635,1342212.3987188858
C102636,252250.6374300974
C102637,288126.10537607205
C102638,1701975.2890879593
C102639,1103932.6198124671
C102640,1407967.820477495
C102641,754889.4378753955
C102642,837299.1514789576
C102643,319123.7921069565
C102644,790399.6498718814
C102645,544743.7487315594
C102646,1330760.133199154
C102647,475692.75163410563
C102648,1429241.227032143
C102649,585839.4684690321
C102650,812137.6678682035
C102651,667832.8445260138
C102652,146528.96411102134
C102653,529496.1127660361
C102654,1377882.0324500846
C102655,2448624.0706669516
C102656,790758.90164819
C102657,911972.8673810585
C102658,1251278.8946162737
C102659,1987954.8760553321
C102660,246810.49986964196
C102661,226715.50377583617
C102662,549039.6609192265
C102663,749478.0503317798
C102664,2100388.425396011
C102665,649917.8970430106
C102666,338599.2979538695
C102667,1597093.2521950654
C102668,509264.3077200788
C102669,600668.1417187449
C102670,259750.4788088369
C102671,1699971.1725672074
C102672,264849.1854393374
C102673,536624.9802310126
C102674,105304.46615768294
C102675,596094.1776751478
C102676,801127.7741549226
C102677,583946.3843993456
C102678,457067.91119989485
C102679,94935.34487623232
C102680,687592.9895917666
C102681,628053.3814208449
C102682,1240637.171554402
C102683,1099728.089531933
C102684,349709.0435035225
C102685,323662.10747694643
C102686,447397.0088644817
C102687,1159251.7462741798
C102688,694609.1493437096
C102689,205218.3093729018
C102690,758047.1474047438
C102691,731006.8226648933
C102692,1157748.120210903
C102693,526745.4558516239
C102694,958389.7985074046
C102695,793794.0072242408
C102696,213724.50261594466
C102697,719851.8037526715
C102698,315922.0614732031
C102699,710106.3537053632
C102700,611680.4270000315
C102701,383014.07430624217
C102702,315988.9901092939
C102703,392656.11100692325
C102704,44928.32306323957
C102705,243894.5786335199
C102706,1201794.6030130328
C102707,845575.3300410407
C102708,418440.5174954963
C102709,865208.2494761641
C102710,991090.7646460072
C102711,202383.67836865867
C102712,1727880.7978722388
C102713,653764.9227766611
C102714,931787.3633564033
C102715,2012368.359222508
C102716,2884810.373011425
C102717,694642.2744685339
C102718,603950.5259999225
C102719,1078391.353942369
C102720,1289170.1193832934
C102721,1745131.236876535
C102722,282636.91155321297
C102723,3341046.1445211396
C102724,626726.130134525
C102725,1293668.707673464
C102726,1273926.8218686911
C102727,1086640.4970902808
C102728,425581.74249962106
C102729,1069975.4344116498
C102730,1511355.365426497
C102731,999384.2720152123
C102732,2277336.3797182785
C102733,481686.7192406257
C102734,394807.20213904046
C102735,1425955.923061045
C102736,692891.9049149025
C102737,386131.5199889926
C102738,363483.44835344306
C102739,1377611.6467787807
C102740,1205863.5671575423
C102741,589520.4795291302
C102742,646445.8913551145
C102743,122482.89062250812
C102744,1049046.909274736
C102745,1048572.3487526509
C102746,99810.46552590272
C102747,661764.9764801924
C102748,1967550.7766851662
C102749,1798350.3837861763
C102750,1937808.1634164383
C102751,441274.8383040587
C102752,289925.3070984361
C102753,171960.63672593655
C102754,248420.00994379068
C102755,1365850.30042813
C102756,1458213.291284101
C102757,1290303.7927717501
C102758,743869.963693901
C102759,888806.2033088249
C102760,92994.85566143629
C102761,498792.9356393743
C102762,517343.8932057504
C102763,1442106.4247980018
C102764,2378664.3607240478
C102765,399413.5662390068
C102766,1303664.8581868988
C102767,1311952.0120362118
C102768,1004450.7243872628
C102769,296188.5658945518
C102770,750581.532127015
C102771,193581.96886076737
C102772,586658.9691742258
C102773,289886.35906821
C102774,1672817.6244074216
C102775,1213016.7650764366
C102776,388494.2591118985
C102777,803408.7233486238
C102778,211204.84209527992
C102779,1697357.4448266358
C102780,1619294.8904562371
C102781,575051.6822827957
C102782,144701.44100156814
C102783,678596.3859781437
C102784,191795.36352547124
C102785,607925.7272462449
C102786,672449.4418721737
C102787,2345822.4611516614
C102788,1075457.101262073
C102789,473128.4398396021
C102790,1116473.9378427397
C102791,2247362.0561358067
C102792,651913.7432907831
C102793,54979.515368241824
C102794,1135315.6436353896
C102795,16533.98268283781
C102796,1042770.1352412093
C102797,382757.42783548596
C102798,2764361.8088084124
C102799,879498.7462713857
C102800,223338.21900540811
C102801,672748.1830112434
C102802,1115666.3764219312
C102803,1085244.5625848188
C102804,36281.094688605765
C102805,1822841.0909877934
C102806,534196.1546731587
C102807,371349.06651370425
C102808,270297.6835851918
C102809,758055.0335646265
C102810,1191804.8061088598
C102811,156158.4990727732
C102812,1427541.0499856838
C102813,2494737.691366701
C102814,293696.5114204902
C102815,75079.57932081138
C102816,737067.6382178278
C102817,132799.2555784582
C102818,378770.2689649694
C102819,512161.6087731595
C102820,906250.5978510706
C102821,1148686.4809822866
C102822,197764.2104121519
C102823,478759.3967301682
C102824,473054.02044202766
C102825,1234710.584250867
C102826,2074862.9196259335
C102827,1335759.2867372907
C102828,546504.8700067791
C102829,260969.69700625428
C102830,1331045.8153872974
C102831,386380.97600879945
C102832,427397.0422886679
C102833,1295804.0349095515
C102834,462224.76630398154
C102835,35300.89465594385
C102836,312878.9229031821
C102837,290204.12835806323
C102838,1368036.8580211701
C102839,182821.06699197023
C102840,503160.26992881903
C102841,799873.755672338
C102842,1168285.0131326637
C102843,386646.911069921
C102844,1096379.4072006352
C102845,818781.88284184
C102846,777672.3018405908
C102847,1780589.140941081
C102848,2288043.77741024
C102849,97657.4416003867
C102850,874146.5045324995
C102851,1075824.2433677204
C102852,356531.20684610633
C102853,1146547.7466370505
C102854,930577.5291153681
C102855,1599258.2607409176
C102856,819478.0899201855
C102857,800949.9177129054
C102858,629668.2082535145
C102859,67777.95984142243
C102860,1087420.9459293047
C102861,1157410.4450495532
C102862,13461.709282024744
C102863,1589673.4171217973
C102864,1106942.9411941112
C102865,24582.685777417846
C102866,3239557.9958616868
C102867,1939469.3237839213
C102868,1070266.7293688527
C102869,1376479.1493908816
C102870,1043675.0017475665
C102871,1432805.092512127
C102872,1004588.4835200878
C102873,433532.2196641717
C102874,1927283.0626813131
C102875,1191370.4174091758
C102876,1123280.8434204012
C102877,1556538.5595083577
C102878,28.109258953549038
C102879,2057397.1592725115
C102880,476964.82231573097
C102881,575664.817712376
C102882,196024.5269845167
C102883,1299592.6233771422
C102884,876990.016295047
C102885,899110.6841381582
C102886,160227.26729753826
C102887,859328.5683414766
C102888,950824.2486587294
C102889,659808.012426951
C102890,365419.1219143603
C102891,264860.6766213939
C102892,791032.6605757925
C102893,747084.1426466407
C102894,1258082.5034236342
C102895,479341.9961651297
C102896,2614125.569941217
C102897,1537059.9012582272
C102898,420455.5894398263
C102899,1206235.1900005497
C102900,66488.42737069071
C102901,1577749.748771417
C102902,380982.69708302483
C102903,204076.66753334427
C102904,1182819.638994115
C102905,805126.2943441878
C102906,1396400.9330434091
C102907,662619.9849995389
C102908,231976.53256969503
C102909,271657.1420595434
C102910,703362.8121651976
C102911,1429098.818446788
C102912,363049.21192883246
C102913,1751406.7188322411
C102914,70012.96229671547
C102915,970555.9015782715
C102916,660820.6261183372
C102917,1851618.5612081802
C102918,510567.9683338316
C102919,1613105.571111767
C102920,994431.8626365685
C102921,652848.8513428237
C102922,1118583.107182035
C102923,421284.9250192518
C102924,1752436.8545067385
C102925,740018.9610977767
C102926,274151.8967245254
C102927,194706.11973032667
C102928,2046550.4442950268
C102929,1915719.5734407576
C102930,802686.8733505786
C102931,1124439.562539767
C102932,919065.04483565
C102933,620748.1341317439
C102934,519870.7419345985
C102935,1418492.407350217
C102936,141988.7690083027
C102937,744988.0399889383
C102938,1125101.644651514
C102939,1684724.2371193906
C102940,750073.006195945
C102941,1441127.7938593589
C102942,888331.2265722154
C102943,523592.79869440995
C102944,1147327.5301704723
C102945,17061.660648184155
C102946,1200465.0048824952
C102947,1187933.30049091
C102948,603297.8147134526
C102949,2275061.352006217
C102950,511417.0799004226
C102951,232840.4181750526
C102952,1148879.0670608112
C102953,773032.69075785
C102954,826184.7446040879
C102955,561543.1761237065
C102956,186317.79879763685
C102957,729218.9029268173
C102958,420613.03830097854
C102959,652292.9313501618
C102960,1084432.1366403606
C102961,805316.9046776153
C102962,263787.4747997698
C102963,175956.3000338446
C102964,881912.9135720349
C102965,906590.1759008714
C102966,23449.08248531476
C102967,2083140.9101946163
C102968,2189058.859910647
C102969,1108720.5138615353
C102970,674033.6099375349
C102971,1303674.4395293887
C102972,353149.4958180381
C102973,839126.6832457954
C102974,84150.16000194661
C102975,830895.9359731755
C102976,1560988.135283767
C102977,48012.525086784284
C102978,992227.7896219412
C102979,613921.718145184
C102980,764045.1315485971
C102981,400524.5119787478
C102982,57065.723343319536
C102983,417957.69796891743
C102984,701422.7728226194
C102985,1261687.8695123496
C102986,298873.93094234535
C102987,148650.04913357517
C102988,1432431.972076735
C102989,1452296.3722470095
C102990,632876.2648369595
C102991,915694.7446343878
C102992,1015003.2930424097
C102993,872264.7814976175
C102994,1033092.9624064077
C102995,864982.4558137272
C102996,1295506.5194739844
C102997,563758.7927583542
C102998,965148.8497001296
C102999,321608.10267197056
C103000,196156.0319178116
C103001,876446.7974005439
C103002,1778229.0455536924
C103003,158759.83575852742
C103004,70811.83675578916
C103005,997955.1149570345
C103006,590051.8405400258
C103007,998654.2222711665
C103008,1666365.8663456072
C103009,239507.98768640688
C103010,693348.0550056166
C103011,369675.83300259797
C103012,1011634.2461639066
C103013,1785873.9073400823
C103014,1090531.4693495948
C103015,522303.72403979074
C103016,1971668.6127985944
C103017,704261.3384259664
C103018,2318708.268463112
C103019,412435.29758752976
C103020,1053537.5409904933
C103021,1130308.386847096
C103022,1599552.2490037363
C103023,2586175.5077598724
C103024,1041715.8822695771
C103025,920803.200152695
C103026,951496.3573474381
C103027,315976.76075320353
C103028,605359.7071083247
C103029,812595.688036279
C103030,839688.7231337589
C103031,727609.0795746704
C103032,66051.36365854653
C103033,661721.8910034926
C103034,935068.2629595977
C103035,292532.0731537762
C103036,2103619.7493102327
C103037,797226.8640282651
C103038,504504.19265665446
C103039,577489.8676517538
C103040,1355974.4838974876
C103041,1042222.2459325615
C103042,384106.34845957265
C103043,1428970.195653923
C103044,618285.5592657657
C103045,1544820.8733847858
C103046,2468340.774016709
C103047,489497.7845759429
C103048,404198.79808748874
C103049,229215.42894351808
C103050,944374.1170416715
C103051,621081.087599022
C103052,274876.58129581664
C103053,734098.1340742578
C103054,1433277.4469944139
C103055,777703.8738875637
C103056,1107796.1066346217
C103057,1632925.7593750227
C103058,1201433.176881623
C103059,2698899.0967838224
C103060,775744.9228693226
C103061,1176806.3375956893
C103062,502504.5966077222
C103063,923532.1555805923
C103064,497167.25358391576
C103065,793238.1901520417
C103066,1242769.474229298
C103067,395087.9079642915
C103068,931409.3968281935
C103069,1087542.373638937
C103070,1301490.0832176914
C103071,39038.76580803746
C103072,707501.715469574
C103073,2188042.497459058
C103074,216579.78503130324
C103075,1216882.803201207
C103076,957745.0791734888
C103077,932598.1647564581
C103078,13990.612674509171
C103079,2050390.357211722
C103080,860064.9146878407
C103081,2019212.4591159902
C103082,598948.9737840298
C103083,1108486.8815435946
C103084,375971.0726480369
C103085,601486.0227347073
C103086,817311.7997014123
C103087,257424.65148353903
C103088,224707.64198277803
C103089,1536370.5060754498
C103090,1406349.7998844944
C103091,1153972.9815526304
C103092,1521967.7180143138
C103093,283917.54303628474
C103094,404045.3455509242
C103095,146520.84620579542
C103096,1686381.4535985566
C103097,1345046.745310109
C103098,978491.3587661954
C103099,712823.9117104053
C103100,1652057.404135911
C103101,126250.21509101745
C103102,906045.9750015839
C103103,1119782.6597372512
C103104,2305395.98401428
C103105,531041.1571168618
C103106,17959.42334339743
C103107,152142.37121399434
C103108,623925.2198548645
C103109,631776.1496099429
C103110,585583.5271742454
C103111,1559776.148402059
C103112,2341648.6314912215
C103113,348264.3295752413
C103114,234627.21540152823
C103115,1117246.9398427317
C103116,504743.86692351074
C103117,676402.9245183875
C103118,758388.2648562643
C103119,209381.76091161754
C103120,702352.6684893272
C103121,131614.37263138063
C103122,809632.2898338067
C103123,642927.2925190602
C103124,736592.673546959
C103125,1772496.5039298104
C103126,152014.08872844806
C103127,520283.74171205924
C103128,1176788.0312927642
C103129,901935.6695597678
C103130,188902.42189861985
C103131,862746.3300772795
C103132,1337160.2309924
C103133,1212835.492312961
C103134,1685456.084966594
C103135,887393.575878989
C103136,944995.7970103186
C103137,362357.8566309153
C103138,679290.0611262688
C103139,754394.3786169313
C103140,843186.89858568
C103141,1408734.785277235
C103142,1152913.178442261
C103143,1410906.5282922403
C103144,886997.8974790104
C103145,658769.1794596759
C103146,303351.9294365018
C103147,711559.0890371164
C103148,1244061.7898684451
C103149,2078993.9164556414
C103150,1203206.0082072895
C103151,763147.0319635594
C103152,415670.3943714389
C103153,504200.4009646265
C103154,2363931.0308681214
C103155,479640.339830935
C103156,829934.1981180366
C103157,1267566.892358855
C103158,1407770.5769898903
C103159,1912942.202075969
C103160,1148125.5079598553
C103161,772340.4503235129
C103162,233018.9026295973
C103163,1312676.1119012393
C103164,634251.9217483882
C103165,788131.4256340122
C103166,1369825.2592922193
C103167,204935.97987661208
C103168,928181.8564918601
C103169,332210.26158933743
C103170,615045.5359791483
C103171,3116340.1164641115
C103172,299824.12950701447
C103173,268781.3346544683
C103174,859637.1347735147
C103175,1808556.582972651
C103176,1928288.211947538
C103177,453316.0164153784
C103178,404482.0632047424
C103179,1366806.0805694968
C103180,125248.28402030225
C103181,612801.2579241607
C103182,851102.5928527709
C103183,1604393.2159505386
C103184,998425.902684633
C103185,1608241.9811899103
C103186,1011073.183828702
C103187,643296.7052956319
C103188,1544712.3590243808
C103189,338631.00097100355
C103190,330265.8412738192
C103191,322967.3241062146
C103192,482080.2740447958
C103193,683795.7767760952
C103194,1840270.1097726077
C103195,1258955.0798938137
C103196,1194344.1979449745
C103197,2195.0576695427053
C103198,522738.69241781684
C103199,722872.254798541
C103200,953101.2017106309
C103201,1691030.083638965
C103202,291361.59659664315
C103203,442074.321685481
C103204,1271534.290746326
C103205,450877.56588940124
C103206,1192306.9361793455
C103207,867265.8447800346
C103208,1132991.0359228265
C103209,26043.050774001993
C103210,870223.4240197034
C103211,2073525.9854282858
C103212,399847.86516465084
C103213,386221.2682807122
C103214,553300.2344089716
C103215,195773.09244175287
C103216,79093.01736039255
C103217,663700.6401817881
C103218,958712.5700127899
C103219,1234417.9940754382
C103220,1635684.7706633075
C103221,938088.9894524424
C103222,1491150.3753842427
C103223,1132900.542943427
C103224,818871.6185227559
C103225,1488452.2707524654
C103226,326661.44624575786
C103227,1116675.3621590747
C103228,477347.06165894534
C103229,1603981.5367885367
C103230,1735545.9473913964
C103231,565785.336365678
C103232,1306828.877222649
C103233,664667.5593158943
C103234,1008246.1956750004
C103235,146520.38216639854
C103236,1845780.8892114628
C103237,656193.4035241128
C103238,1923948.7073154347
C103239,1663214.8165118573
C103240,815170.9528557251
C103241,716779.7193817944
C103242,942002.7364960447
C103243,1138543.6395207783
C103244,2429385.3539643884
C103245,470696.36457552173
C103246,1354734.7617433397
C103247,1491630.5730601992
C103248,1217409.8970735245
C103249,1393932.6781191446
C103250,1704422.189110535
C103251,789082.1751696429
C103252,674400.3238801507
C103253,799032.0909861331
C103254,296437.574281074
C103255,370818.454442981
C103256,476761.415815538
C103257,1775827.8241724744
C103258,1287774.5539310272
C103259,521037.82211898704
C103260,1195378.1914348826
C103261,307675.82668147626
C103262,1271953.1250009597
C103263,505767.06944774656
C103264,1464746.525468838
C103265,841574.1627449022
C103266,2098828.637943291
C103267,166425.55541930292
C103268,1851647.4453072217
C103269,1423.4339269423992
C103270,1518593.6750518847
C103271,358395.8245953205
C103272,226566.43948419893
C103273,1083628.0503613125
C103274,1204152.2763733657
C103275,1785208.889195121
C103276,503975.64294092404
C103277,372585.8081928803
C103278,396508.5471661639
C103279,107247.60456477228
C103280,709672.8567053771
C103281,2273645.857243867
C103282,661848.2956595212
C103283,1241264.7656260806
C103284,630073.0703945433
C103285,905067.5799058266
C103286,1052792.0607625772
C103287,1010858.6173465934
C103288,713146.7132598589
C103289,921318.1060805717
C103290,870984.0435305319
C103291,635996.0048889307
C103292,2018958.8355694723
C103293,1325441.4990258613
C103294,1437282.7152590621
C103295,1039493.3287883168
C103296,1100480.4878606917
C103297,135587.5334196176
C103298,2707609.598266278
C103299,1177778.6595818442
C103300,1721749.4656844768
C103301,1760169.976111927
C103302,477122.3870051888
C103303,1327119.2217005182
C103304,227467.99595829938
C103305,2952715.907696151
C103306,1853989.4610655673
C103307,221259.58513039933
C103308,379023.4908353118
C103309,268007.5181390253
C103310,581084.2381393542
C103311,753800.776964019
C103312,61531.491313403436
C103313,1364975.3747693114
C103314,1770763.4187202628
C103315,2002675.870082927
C103316,330330.4842945182
C103317,872986.419542533
C103318,1194975.0662422073
C103319,828482.5856447825
C103320,1854868.985352358
C103321,307717.6351028839
C103322,1570630.5611304003
C103323,1727049.006761156
C103324,1454534.2760322918
C103325,882233.4597822896
C103326,852836.1686264679
C103327,589853.4367734711
C103328,1714698.920474179
C103329,906034.2261551858
C103330,1053625.8665356534
C103331,847336.690184539
C103332,948373.059288219
C103333,258873.56114310064
C103334,1836780.7539770869
C103335,2425339.404782742
C103336,1568847.3654006976
C103337,723469.5397890024
C103338,785620.368400031
C103339,245318.191787468
C103340,814331.2898243495
C103341,1841875.210523649
C103342,940891.9059074514
C103343,864731.6180030899
C103344,682722.4049802874
C103345,921129.5450310091
C103346,1655125.6310101766
C103347,1078250.2298312453
C103348,709087.5565118913
C103349,1155380.4096889552
C103350,581625.4925478
C103351,7319.891781387864
C103352,1209825.3634996016
C103353,2082309.0113653908
C103354,1260157.253832969
C103355,2064916.6759050577
C103356,122133.93858085768
C103357,1316761.296345369
C103358,1397023.452791951
C103359,1511375.4205570018
C103360,1111294.2943168844
C103361,893825.6128533395
C103362,748908.3621828724
C103363,525802.9400601143
C103364,503010.7308984695
C103365,148899.4182382451
C103366,855413.0073227134
C103367,725364.0136713908
C103368,652130.6776916577
C103369,715534.5600853299
C103370,900510.7410960381
C103371,2452892.140219913
C103372,1955264.4405467971
C103373,1305776.9434282188
C103374,1125314.7897323188
C103375,717717.5284148369
C103376,1989636.940018415
C103377,2136594.790387993
C103378,629340.1778329688
C103379,280346.3157966111
C103380,784058.571341845
C103381,382590.61637612025
C103382,152756.5838193488
C103383,25418.878478396167
C103384,1262820.0934573973
C103385,549466.9069075484
C103386,1085279.3241353377
C103387,709886.3108652764
C103388,993010.2333628809
C103389,1278970.575300148
C103390,498130.5293424934
C103391,893671.649929359
C103392,154837.30192325878
C103393,484139.9187721769
C103394,850094.9575035218
C103395,352860.39394013456
C103396,455598.46486469556
C103397,773503.4323826758
C103398,701964.1406386795
C103399,1198751.0609780273
C103400,1366365.1484235139
C103401,545961.1469761066
C103402,1431488.1962165427
C103403,395774.1650036023
C103404,703934.1698287512
C103405,517997.65432268684
C103406,759014.9670761017
C103407,2999.009133685926
C103408,228657.9912232922
C103409,264068.17951526603
C103410,731553.1004227517
C103411,93451.37459982933
C103412,542157.6974729089
C103413,2091454.762784918
C103414,2442224.9954919512
C103415,773209.9862231277
C103416,1679326.663812267
C103417,1216403.4824382053
C103418,910518.9257305712
C103419,862528.6509763654
C103420,78218.9949125394
C103421,2155879.111094979
C103422,2612603.0988748823
C103423,121834.94110638872
C103424,641722.0456326305
C103425,1042117.1362408309
C103426,685956.3710708108
C103427,1031212.4584889142
C103428,489066.59718504956
C103429,594277.3389545649
C103430,1760149.9594516107
C103431,1318686.386718766
C103432,3100024.988235129
C103433,2244585.28045258
C103434,1306843.6720660687
C103435,471692.887901298
C103436,1311667.4254107298
C103437,317739.8404786651
C103438,716855.5796448678
C103439,1322978.4944940638
C103440,385873.1568661876
C103441,1693069.1412884365
C103442,280228.56576164684
C103443,598485.3709894214
C103444,449830.0926793234
C103445,873959.577135958
C103446,396357.40984168014
C103447,763522.0831271799
C103448,1336678.3143849687
C103449,291567.9739622168
C103450,1273503.669147151
C103451,1626904.8118594405
C103452,1294719.667175588
C103453,1477654.9195595388
C103454,645168.5660407471
C103455,317406.09809549316
C103456,212473.69869543484
C103457,2014054.9664338445
C103458,1399212.6891555171
C103459,620113.829671034
C103460,394729.3259711516
C103461,206420.58082475525
C103462,491697.4873253793
C103463,615809.5627903938
C103464,724325.4220038138
C103465,461851.951711154
C103466,2091365.1090973634
C103467,503398.7337994873
C103468,1149954.074860745
C103469,1675272.2940563497
C103470,910942.2902980283
C103471,1997495.861287418
C103472,1114070.3484336052
C103473,941554.1041590167
C103474,921423.6962097306
C103475,394951.7659590409
C103476,532952.517403308
C103477,514152.50558374345
C103478,1565205.0092361828
C103479,1328089.728358271
C103480,1369801.1829718808
C103481,21662.445055776756
C103482,919220.1523079576
C103483,591637.1072606465
C103484,38260.33461317255
C103485,79991.97147143836
C103486,830462.1421712352
C103487,1364994.8025929432
C103488,815118.9667032168
C103489,420508.8989185673
C103490,462377.76581210305
C103491,316249.9939546252
C103492,1963981.307957198
C103493,28383.16067783202
C103494,891024.6263065201
C103495,600350.2333398993
C103496,494101.92463889386
C103497,1039982.2361023978
C103498,941862.0575822067
C103499,746823.784242874
C103500,482896.51708422677
C103501,773549.2837962246
C103502,667854.4124154273
C103503,551272.5379694821
C103504,564577.0611568169
C103505,700468.1489066818
C103506,292905.36510998226
C103507,801425.9718429861
C103508,399850.4961531854
C103509,421132.50779441866
C103510,611023.7285958367
C103511,1652015.265681436
C103512,2401295.550850951
C103513,3385765.9792181784
C103514,34379.62248369738
C103515,1038671.1003877841
C103516,550354.5572481676
C103517,958305.686273037
C103518,2564219.964099042
C103519,748664.4508409589
C103520,1385439.9354882296
C103521,618666.8276833328
C103522,1312337.4951283038
C103523,933828.1394264842
C103524,778827.6752144719
C103525,288792.87103597564
C103526,795243.5376338084
C103527,434882.24201044213
C103528,613441.1073789237
C103529,1084785.6475490937
C103530,1102456.5546748405
C103531,485478.4282401658
C103532,1280243.4563282002
C103533,748339.3654841837
C103534,425217.811822628
C103535,654346.0291613641
C103536,580271.5073931131
C103537,1378438.9882020159
C103538,331680.71734210814
C103539,542114.883101079
C103540,500219.8229448893
C103541,232986.35031757763
C103542,2042421.829531876
C103543,225667.99820638896
C103544,1783365.5561237852
C103545,1128642.8027864145
C103546,695437.9967821013
C103547,806828.6781060965
C103548,560500.8878073015
C103549,1942861.2331392302
C103550,1039159.2397703317
C103551,910217.9620178546
C103552,876630.3099724972
C103553,1224266.8864862146
C103554,2141286.652485954
C103555,1330841.3342435877
C103556,396696.5199510222
C103557,2163376.2439735285
C103558,34993.91566606243
C103559,2156952.387024596
C103560,1364353.8099163638
C103561,1206528.009336622
C103562,300351.81904677005
C103563,941874.119037563
C103564,2350374.6858563786
C103565,322777.2932403153
C103566,1917293.6745814166
C103567,643803.5575700481
C103568,473678.52195784077
C103569,481995.18517703214
C103570,655069.7879879114
C103571,1425438.369039381
C103572,353418.048969056
C103573,2285504.8537667724
C103574,1116238.0441502295
C103575,263604.3425926873
C103576,1564843.169022622
C103577,2424794.244766586
C103578,66647.19708682582
C103579,1147833.1568118166
C103580,726382.3910930043
C103581,182794.4759046211
C103582,654916.7709019219
C103583,314418.52937281376
C103584,992897.6808095393
C103585,1179286.135240113
C103586,501513.4696513949
C103587,341839.8614810004
C103588,448492.357871243
C103589,758268.6163424532
C103590,1770104.095339209
C103591,572225.2493462099
C103592,223125.67613232776
C103593,604433.3500583435
C103594,1000523.3641209607
C103595,1300360.6764473359
C103596,956323.3054202576
C103597,2404272.9521957003
C103598,1473339.2198708882
C103599,727718.7225786981
C103600,1661593.755215467
C103601,634915.1482522244
C103602,2481458.3132099593
C103603,965376.2948640249
C103604,514880.4994837011
C103605,274030.5108433978
C103606,487177.6398548766
C103607,1542719.2513107061
C103608,1432155.4371391786
C103609,993577.5204952698
C103610,899664.9395122757
C103611,1725550.2122402198
C103612,221231.7236474261
C103613,1210058.6520901658
C103614,970635.8001304206
C103615,214970.09223769236
C103616,372210.30558016937
C103617,1575371.6575592165
C103618,2144187.4764531003
C103619,675842.5208777329
C103620,1172713.319473496
C103621,554498.8688358411
C103622,1494914.4057938522
C103623,902206.9529870541
C103624,736987.2504772005
C103625,1274053.5315485923
C103626,2153837.2491551028
C103627,1240008.6639286098
C103628,859106.5918117248
C103629,473829.3373698215
C103630,2230951.3713528984
C103631,14206.43034777804
C103632,1264557.9321338208
C103633,502943.8867872504
C103634,421769.7679942623
C103635,160071.03456771816
C103636,936873.2926961363
C103637,2580301.580888585
C103638,511527.5329539766
C103639,1398418.6468147282
C103640,774463.4115063042
C103641,343725.4452415058
C103642,2519198.628966844
C103643,330295.9721217224
C103644,567284.5052095901
C103645,605587.188039218
C103646,431992.7313886609
C103647,4311.131832088897
C103648,2123.4684595067515
C103649,1061797.8673374353
C103650,1689253.1000177239
C103651,206301.41395544703
C103652,551991.530115886
C103653,159826.77988203152
C103654,1091782.178939484
C103655,889371.3646964
C103656,956258.5204855917
C103657,472201.14757200895
C103658,259551.82792501053
C103659,1181161.8367977673
C103660,815169.514423113
C103661,628209.3358231201
C103662,250879.94758083866
C103663,513237.4651756508
C103664,1153290.532258112
C103665,1915506.405910102
C103666,239545.5077429297
C103667,1167743.3235925161
C103668,215095.9805877986
C103669,803557.8996314087
C103670,245345.3172662726
C103671,841176.2047466635
C103672,158112.80433496885
C103673,985528.5446949833
C103674,1264742.5376449134
C103675,1527779.4387101685
C103676,304025.1140805213
C103677,2147585.1009156695
C103678,683107.2510931896
C103679,971940.5633825847
C103680,619319.288016317
C103681,2715046.7843176574
C103682,596080.2424053759
C103683,1134449.34624523
C103684,801250.6875600356
C103685,577103.2348533117
C103686,1180655.5619925596
C103687,723633.8966353675
C103688,1164750.915617724
C103689,1190370.838483532
C103690,877939.1503875148
C103691,553163.0973139826
C103692,1961637.5425097698
C103693,718568.085081779
C103694,697935.3399963957
C103695,225073.8375065517
C103696,8736.869903225172
C103697,402478.7754508988
C103698,437156.9396673988
C103699,591869.1766625822
C103700,922170.6499906476
C103701,896829.7448625979
C103702,532210.372264367
C103703,1069907.7904101755
C103704,561843.791378465
C103705,434747.69995902205
C103706,1976276.3306163936
C103707,272115.0532283408
C103708,1443485.1268291667
C103709,259402.91025397662
C103710,1722934.4148122007
C103711,295230.94602025254
C103712,495864.14505538275
C103713,1128471.9507810858
C103714,752266.1781944188
C103715,1174794.0701178168
C103716,2233269.484971088
C103717,655049.9449975056
C103718,89116.51217066028
C103719,562425.1932530213
C103720,2474561.73313523
C103721,1221161.2365668004
C103722,2257536.392715166
C103723,493756.23837039643
C103724,847420.7477529387
C103725,422296.8873740175
C103726,206771.69926418387
C103727,231153.54330141644
C103728,2149242.37891121
C103729,351177.17337893444
C103730,652427.1521706909
C103731,420999.34548728925
C103732,578447.4516423182
C103733,693108.9721686052
C103734,1350874.0364558892
C103735,150699.93851156952
C103736,1468413.8019152926
C103737,1188415.7866933562
C103738,764020.8676617588
C103739,495371.61641043297
C103740,496714.6344172595
C103741,196361.635318427
C103742,675876.5148590677
C103743,644037.2504272131
C103744,1631228.3964794236
C103745,1057418.623402462
C103746,749065.3876601809
C103747,347685.23322069104
C103748,817595.2529941131
C103749,1315445.4804342664
C103750,743389.556218509
C103751,321812.0555589345
C103752,1266938.466549269
C103753,443576.46807441796
C103754,132321.64433428133
C103755,2345985.948526686
C103756,1138144.540994376
C103757,2592612.2121660234
C103758,467862.94434566796
C103759,1020865.1928294479
C103760,206296.07180429902
C103761,944062.4447667154
C103762,196871.6489258842
C103763,436069.79070098273
C103764,1309353.5237600117
C103765,835544.405659515
C103766,1085439.7615819273
C103767,337802.1206787896
C103768,498650.8220600818
C103769,718902.6122490928
C103770,1249113.4020246456
C103771,154475.94561505324
C103772,990535.8666695239
C103773,2224813.527316081
C103774,1235888.8485145718
C103775,124277.6820447146
C103776,301951.95757037867
C103777,622099.0573323669
C103778,340370.64570817887
C103779,2224444.709125359
C103780,2071911.7173542306
C103781,508080.8415650081
C103782,1369205.8229679037
C103783,656632.0642772344
C103784,2120284.688244272
C103785,550205.2075671405
C103786,577581.7579119466
C103787,29997.477048081295
C103788,914201.5570678215
C103789,1053279.465426246
C103790,1038399.4613198244
C103791,606775.9231229868
C103792,760356.2155984436
C103793,989093.7723454314
C103794,891791.764510929
C103795,558414.8676039306
C103796,592633.3381843478
C103797,1907710.8442797856
C103798,367600.2600790815
C103799,936234.9266779617
C103800,679459.8235957662
C103801,2719881.98927221
C103802,738748.212233111
C103803,1784536.1964349498
C103804,944254.4302789894
C103805,1046937.2511583467
C103806,958905.6285046542
C103807,1109803.66622154
C103808,1000363.3690942682
C103809,1069891.042593311
C103810,809688.9600894081
C103811,347733.1015772149
C103812,536683.9016591213
C103813,1800127.6158976697
C103814,427354.70036884636
C103815,565454.8201082698
C103816,1420429.0639241452
C103817,941000.5054077028
C103818,1187141.5283350954
C103819,307670.2452096216
C103820,1094296.8177197587
C103821,929829.2116852197
C103822,119752.10192832461
C103823,611260.5592654501
C103824,557610.4382700231
C103825,1313216.5288184183
C103826,426371.12059226254
C103827,656680.4911291597
C103828,1117494.5025761828
C103829,436041.262779076
C103830,52680.291303611826
C103831,2380237.259963412
C103832,491505.9508921678
C103833,1313849.1344893351
C103834,533542.5778790929
C103835,314703.182764119
C103836,478024.696295077
C103837,696931.6384950784
C103838,484385.7916914499
C103839,1723232.0639699684
C103840,623186.8028304504
C103841,1088653.6598483466
C103842,207693.62750379284
C103843,224746.87437236903
C103844,438460.79339867504
C103845,818138.1255755463
C103846,278540.0615769092
C103847,119842.31007206943
C103848,327758.50975925225
C103849,1121882.9115064985
C103850,513401.0963141863
C103851,13508.366671631418
C103852,670610.218260987
C103853,414643.52192917094
C103854,121340.8529017736
C103855,336751.73521750205
C103856,1292884.734838695
C103857,921714.2551562377
C103858,1037734.993977159
C103859,32229.9655583875
C103860,1110519.9254495602
C103861,1394939.1351840934
C103862,487512.70945279126
C103863,1079222.4969145814
C103864,1507347.4783506696
C103865,1306646.8358601949
C103866,723777.4274697489
C103867,440984.8075440526
C103868,645084.5636834862
C103869,989359.0915630554
C103870,524650.833523161
C103871,1446304.382676828
C103872,365886.8234073669
C103873,938617.7538648827
C103874,611922.6662422408
C103875,818668.3812895396
C103876,1969803.8371134493
C103877,1238150.7808676104
C103878,248470.31763400193
C103879,1240384.8742499615
C103880,590341.2080458757
C103881,750546.0791579472
C103882,707412.1264086299
C103883,170723.1447076091
C103884,357669.4325598001
C103885,760475.7723629355
C103886,527967.132289216
C103887,1462864.53367458
C103888,265796.91965186654
C103889,1307399.968760441
C103890,523831.6789308179
C103891,15452.71407298837
C103892,1159819.0111429975
C103893,403237.7401904209
C103894,1398720.790912529
C103895,1951379.386858113
C103896,431087.56089988124
C103897,925829.2025456768
C103898,700830.8250519284
C103899,1402717.7983657042
C103900,643458.8561058845
C103901,1527478.0094265067
C103902,1183404.9121711964
C103903,47849.31077815179
C103904,1335222.7390838936
C103905,445816.2788270076
C103906,1110369.3043170788
C103907,931276.0744869448
C103908,798680.6330272604
C103909,691623.7217576253
C103910,438419.58941024105
C103911,1788383.7752562535
C103912,575511.6556562787
C103913,2057069.8475712813
C103914,594800.4615792235
C103915,1138135.4467604605
C103916,530051.9508050709
C103917,1448575.1659464196
C103918,167664.3695227589
C103919,901389.5997921132
C103920,833123.0707403765
C103921,1126873.799403747
C103922,640488.3060001525
C103923,1334431.9693884165
C103924,1071009.3279082428
C103925,2014114.5232214527
C103926,2705547.3508437397
C103927,1360648.574839606
C103928,1064244.7208604524
C103929,650375.2520191548
C103930,874698.2664102078
C103931,1813315.7489489694
C103932,279495.9715622582
C103933,238157.23488163872
C103934,34292.88690225343
C103935,2525548.8753050626
C103936,179651.75462374656
C103937,239512.47655360497
C103938,622466.6222237926
C103939,265547.84841349325
C103940,664636.7618967879
C103941,1066232.4484549195
C103942,1239767.482601707
C103943,684433.7038569761
C103944,457363.0554163012
C103945,1930451.2838430344
C103946,128128.96014482297
C103947,1022435.2562629051
C103948,961742.5456313934
C103949,1015642.6129198993
C103950,883325.2933568492
C103951,453883.3169023633
C103952,992468.4371816084
C103953,1369274.1049288712
C103954,864660.1517100644
C103955,1437347.4819929912
C103956,831336.4807848072
C103957,1236199.744362101
C103958,300318.5163500163
C103959,394202.8353909954
C103960,885053.1377457576
C103961,825386.301063311
C103962,2187000.3032912905
C103963,842711.8397011866
C103964,1138057.2051993
C103965,737938.0520688898
C103966,627749.835346834
C103967,1194990.0282695175
C103968,2135358.7876419765
C103969,177118.29358272237
C103970,858181.6603054804
C103971,270060.2791770224
C103972,232621.02200453915
C103973,860496.5475321818
C103974,642070.1345757557
C103975,460840.0877645519
C103976,848153.272665675
C103977,784749.7578447415
C103978,1599416.3105879505
C103979,1099546.6700233787
C103980,1634999.7421644572
C103981,692980.8651158699
C103982,416968.00575381855
C103983,711261.5245428417
C103984,555831.659275184
C103985,526428.7580241719
C103986,419501.5084091262
C103987,904383.4155838606
C103988,416086.67582775245
C103989,106712.70210742591
C103990,477269.30598386267
C103991,324584.375690009
C103992,935153.8010801068
C103993,1646311.160332359
C103994,3413501.1579068927
C103995,504584.65768659365
C103996,1378206.7244709642
C103997,1043672.8750176723
C103998,884379.9675469734
C103999,697539.8555773501
C104000,1677691.7134106385
C104001,2118996.997913534
C104002,1411254.850489529
C104003,932425.0723041913
C104004,396767.1751441306
C104005,685371.2997990466
C104006,704895.4229468632
C104007,2497813.981600945
C104008,334269.51604026154
C104009,947220.1135828329
C104010,583204.4235025836
C104011,679018.7188274863
C104012,1667953.0670230975
C104013,826702.214133378
C104014,691695.0548861087
C104015,1744815.726956148
C104016,730329.7844640297
C104017,1035343.2688498056
C104018,1192226.340123571
C104019,616749.8473150951
C104020,1176456.695516847
C104021,228773.01774512112
C104022,562946.1927334369
C104023,655679.8604256582
C104024,71213.18866990448
C104025,1115312.109335688
C104026,1971441.666394956
C104027,529852.1044981282
C104028,98079.70450079581
C104029,730758.1758202214
C104030,669484.4336723874
C104031,2127730.324815798
C104032,1633997.3715621077
C104033,442820.5478417083
C104034,878657.4995870146
C104035,1332488.9128157871
C104036,407963.0145043466
C104037,267737.21492526244
C104038,706653.5461827415
C104039,1128179.6921510454
C104040,1575165.6582848364
C104041,1237360.7618685046
C104042,832931.698179109
C104043,1566963.1207051182
C104044,1661803.2411354044
C104045,500550.33298559935
C104046,605093.6367499334
C104047,1604832.8246718566
C104048,46039.41554960853
C104049,440285.1011874938
C104050,335753.38288156147
C104051,929843.1730568162
C104052,603016.6862396217
C104053,316688.10975634115
C104054,781510.752407618
C104055,1261704.8124951064
C104056,1149280.636182818
C104057,1520202.1220592107
C104058,909107.5400327586
C104059,751905.0346116906
C104060,714160.5137797383
C104061,2369974.700635705
C104062,1218355.2614676757
C104063,525178.6603209929
C104064,833748.3158337452
C104065,505505.31855511735
C104066,1583633.2545416327
C104067,539514.4408856792
C104068,614687.37748006
C104069,1023410.1517093374
C104070,120260.16400865192
C104071,410711.2309368219
C104072,1770796.7625480099
C104073,1422029.3725814568
C104074,1323982.5739294603
C104075,817497.2129782992
C104076,688426.7856194393
C104077,952837.8690471011
C104078,828043.7230299291
C104079,965987.6981763168
C104080,1007415.122047036
C104081,550791.5187018887
C104082,1130986.5519670679
C104083,2615044.5231315037
C104084,355751.7123568292
C104085,256905.78091734106
C104086,559234.6078270478
C104087,1516108.3584742562
C104088,474592.4192515343
C104089,609560.8309771016
C104090,71568.1481837039
C104091,1220259.63677594
C104092,1321734.5531517495
C104093,1195976.9690295844
C104094,1273544.3351450735
C104095,743300.8752438998
C104096,611797.5499727277
C104097,953945.2808536617
C104098,292421.9415198899
C104099,2317558.2106995876
C104100,1636405.7741518272
C104101,382079.5711305109
C104102,355952.5555753401
C104103,573802.333586901
C104104,2068999.8865857287
C104105,420562.0329825955
C104106,206740.26439316612
C104107,909505.0784502543
C104108,318143.211113461
C104109,308961.81451621646
C104110,850240.4126917894
C104111,159112.10856409388
C104112,1441244.9672101547
C104113,471828.8291996643
C104114,505090.74405051745
C104115,1178435.8017794169
C104116,1489791.561000887
C104117,1151378.4023703656
C104118,1425935.3811960819
C104119,736895.6247704079
C104120,1036414.0656858449
C104121,736830.04970924
C104122,1039688.1797087032
C104123,1037389.1449401336
C104124,364276.1987134934
C104125,1228284.7601689086
C104126,1729075.8834917012
C104127,292983.40572805016
C104128,1773649.9266758538
C104129,934365.0399021385
C104130,1566584.8007918703
C104131,963180.6964137142
C104132,935313.417876785
C104133,2076117.8827699614
C104134,790337.2757892967
C104135,1500596.4647858012
C104136,2607909.27838561
C104137,1777952.176330234
C104138,1100434.5611093412
C104139,638373.9930444008
C104140,1912007.3844976663
C104141,968911.7499739092
C104142,423209.8395413198
C104143,781385.4553315912
C104144,760308.1307342182
C104145,560676.7587753301
C104146,2421089.2135729995
C104147,1992944.3079682114
C104148,1537928.1103341258
C104149,716016.5122115819
C104150,603465.7791424734
C104151,669481.9309946923
C104152,1328043.6593505421
C104153,747641.4271909503
C104154,551864.8769515937
C104155,1584021.6817783464
C104156,1012301.0958812402
C104157,986714.0011750972
C104158,1743459.1825056477
C104159,722988.9009479516
C104160,1186371.9450682423
C104161,387801.36177280504
C104162,697196.3636478625
C104163,618881.6276836351
C104164,1139939.490007434
C104165,575943.1529710094
C104166,1142207.1580511874
C104167,232354.22988971943
C104168,1610971.5453215605
C104169,447628.69852224697
C104170,1090817.0146420149
C104171,509537.53264810634
C104172,1827913.5154778468
C104173,817381.8562295393
C104174,1019980.080534293
C104175,203927.35105585365
C104176,1060535.8308054488
C104177,2292625.0698432988
C104178,1941644.041249672
C104179,737508.6831952324
C104180,1311645.1616526507
C104181,1373872.1435745945
C104182,3076085.226855073
C104183,1130396.5119276172
C104184,457233.439560219
C104185,2087203.4236331696
C104186,741200.3669806676
C104187,588994.7008026594
C104188,529325.8249883214
C104189,442810.76535240636
C104190,2224950.0386851104
C104191,449136.2989355244
C104192,35229.989815992994
C104193,63801.607228589244
C104194,1142645.8066386923
C104195,234157.9285464136
C104196,668015.3267021787
C104197,315631.6099251041
C104198,380429.9532191415
C104199,1672975.2916672782
C104200,718232.0149126716
C104201,1465788.676632249
C104202,456374.2266102597
C104203,925972.1224611765
C104204,1785010.827611386
C104205,993772.5851531487
C104206,770004.5223155244
C104207,181083.6623553651
C104208,575800.2516362222
C104209,1214315.666992122
C104210,177165.8801460464
C104211,667726.3371428493
C104212,249890.21699020534
C104213,715735.7290194466
C104214,1681901.260666974
C104215,1227038.7406633405
C104216,1564623.254278866
C104217,2081806.5743691009
C104218,227939.48788791135
C104219,1477894.3828672844
C104220,267703.5794152074
C104221,1052108.684367077
C104222,637785.7817911825
C104223,1129585.2390515185
C104224,289491.44491076644
C104225,1631376.7857113387
C104226,2111534.587449677
C104227,604877.5680409662
C104228,2500012.500308525
C104229,1021047.3436857993
C104230,101070.07316454513
C104231,2453818.844822783
C104232,784630.3625973295
C104233,371504.58162437973
C104234,700361.282613739
C104235,2290064.035363791
C104236,545337.9489747114
C104237,256185.03470291613
C104238,3245843.585892839
C104239,1746424.1440202422
C104240,1178532.4056621252
C104241,1219048.941398943
C104242,821752.6424574592
C104243,1915629.0175402297
C104244,738736.3709295728
C104245,2277103.943518477
C104246,1360823.2603521142
C104247,136282.79657496445
C104248,394555.6269087957
C104249,1429696.45578474
C104250,758097.0831155146
C104251,1708121.131998854
C104252,1797482.0135255205
C104253,577269.6805803906
C104254,819712.1146130541
C104255,739479.5091109914
C104256,1648488.2092598462
C104257,1077625.2533713065
C104258,717263.1996666979
C104259,269615.37486411526
C104260,3745898.533558591
C104261,883728.2046516085
C104262,794112.1803932914
C104263,533861.2538440407
C104264,324562.02052413626
C104265,300658.14836315764
C104266,540887.2850359135
C104267,1370250.8110309034
C104268,612397.516951392
C104269,1636028.1544954241
C104270,72326.88834721688
C104271,1123210.4505234512
C104272,506949.1561757424
C104273,30675.206751059217
C104274,1280440.9124767617
C104275,799544.0642099276
C104276,157608.94375859393
C104277,2385764.894333709
C104278,1352268.7839282409
C104279,629958.1821040023
C104280,159998.62206316905
C104281,134375.8821377501
C104282,552070.1394679768
C104283,576148.5022352635
C104284,281529.636725578
C104285,1651711.1147470481
C104286,844024.3532846574
C104287,709272.2690146142
C104288,1850032.7880560628
C104289,187927.2694624374
C104290,909871.6720898341
C104291,886169.3398232167
C104292,730180.9516360704
C104293,922323.1324545257
C104294,646937.561668335
C104295,273745.7026360287
C104296,1070368.3044939837
C104297,1578310.835905683
C104298,1371216.333490042
C104299,558681.2867944646
C104300,537516.3819403787
C104301,1072027.901989765
C104302,391849.5746544639
C104303,415511.07730381505
C104304,659564.6462961439
C104305,1976152.07661764
C104306,65487.315697587066
C104307,1510481.107210508
C104308,1588275.8166680166
C104309,12803.954757258052
C104310,527666.9807153231
C104311,792141.1150138358
C104312,578735.2254288978
C104313,856342.2233946614
C104314,1536674.2707838186
C104315,1854265.459597142
C104316,793930.4372911359
C104317,816366.3108152066
C104318,185522.64212775638
C104319,243868.6153608156
C104320,107234.03035578821
C104321,1561623.2353296927
C104322,312477.6569023589
C104323,1222817.2482429422
C104324,271900.4916157285
C104325,1214708.8276539198
C104326,629446.8164564277
C104327,719594.0999277576
C104328,2222825.0288462765
C104329,965654.1961643163
C104330,1369031.5270829126
C104331,926643.1252264841
C104332,1224838.1759022074
C104333,1155234.9298687542
C104334,152614.26146223856
C104335,382583.78460797085
C104336,426237.9245535629
C104337,536980.953936644
C104338,2015789.6561279863
C104339,1124858.3898561695
C104340,123114.73616046345
C104341,580772.7982279062
C104342,839508.5719314641
C104343,822549.7201309102
C104344,1119960.5746279452
C104345,1359624.185352342
C104346,288376.4308316295
C104347,1178896.8079299266
C104348,648492.3031233717
C104349,989855.0002162617
C104350,547991.3676385861
C104351,481035.385072109
C104352,542099.905167902
C104353,1980874.2684281887
C104354,1050000.8931932892
C104355,2674673.2505047754
C104356,698928.3924494509
C104357,738947.9495609858
C104358,233021.95280652607
C104359,1498720.0777028678
C104360,544514.7522769889
C104361,902729.424931392
C104362,1652829.2394399
C104363,1621609.6192034548
C104364,498340.71827900544
C104365,2644261.7909732093
C104366,27004.891018033963
C104367,913193.1373031125
C104368,1404302.2104028245
C104369,1642284.9150483645
C104370,2166926.868870037
C104371,2041774.603744335
C104372,356971.5389009165
C104373,1459837.2087813925
C104374,1310573.9780582967
C104375,618527.523300021
C104376,1051975.9313152267
C104377,684246.9716864667
C104378,231214.04362846937
C104379,391895.7878900639
C104380,1667794.0585603707
C104381,1202162.7871668315
C104382,696808.714748522
C104383,585639.0651968357
C104384,1527811.798917966
C104385,805229.3365879176
C104386,166738.9936387439
C104387,142005.56691751894
C104388,467870.8073302996
C104389,506086.4084251744
C104390,708519.266127283
C104391,1149693.0495164536
C104392,584305.0455067472
C104393,431866.45658601617
C104394,594492.3696626757
C104395,626499.0140301168
C104396,539495.5622081151
C104397,610168.5065176552
C104398,1076439.427072423
C104399,997121.8176730245
C104400,724057.2453730601
C104401,554359.3458425932
C104402,1885795.3360348707
C104403,618646.7823474442
C104404,3448453.5099259685
C104405,431080.76857802627
C104406,1562488.1731712222
C104407,689380.9038185766
C104408,557665.920764588
C104409,1006928.2259210355
C104410,724775.9716901772
C104411,987205.7180115947
C104412,1751860.9749693484
C104413,921835.3647327124
C104414,558237.3507032667
C104415,306696.265523574
C104416,773036.4446186372
C104417,1300912.0559936296
C104418,471619.4314603002
C104419,268615.92208944587
C104420,1277354.937214516
C104421,824900.8719271392
C104422,1917978.7584993364
C104423,368271.7297351077
C104424,369717.71886037505
C104425,750771.2837562856
C104426,1856376.881575144
C104427,466991.08304605016
C104428,1320384.6235243801
C104429,302528.6458089693
C104430,583212.667459816
C104431,89635.91420589946
C104432,1856901.0764423613
C104433,1209129.0935827172
C104434,1391786.5589672837
C104435,1258183.606010723
C104436,597747.2628821642
C104437,1293714.7076376972
C104438,759720.606127483
C104439,1229016.0745309696
C104440,51548.93914135819
C104441,797745.3995787334
C104442,492871.4345775752
C104443,1984338.1128922224
C104444,521109.9547252741
C104445,202124.99635452303
C104446,592922.9525065034
C104447,1184319.34522931
C104448,1501588.482245192
C104449,221964.96060382173
C104450,1204280.5446400654
C104451,376834.4055498176
C104452,438664.2383330797
C104453,1971228.7386750595
C104454,131010.9878238245
C104455,1528250.698662534
C104456,455171.5070116334
C104457,895758.1313337989
C104458,17162.87463684415
C104459,1116263.9767798192
C104460,100805.24710661305
C104461,1605213.6238705977
C104462,1609142.4416456977
C104463,1587929.9778252775
C104464,124448.90121919938
C104465,2801379.3964654957
C104466,2154767.757103971
C104467,938192.6903796435
C104468,1773418.2635824613
C104469,715146.8738636388
C104470,1620440.0045687575
C104471,1538403.2429937115
C104472,425443.5467687463
C104473,1444489.4191846806
C104474,772470.9927141306
C104475,1529003.2967281395
C104476,356523.9998642132
C104477,2419546.3611678677
C104478,259280.14052418148
C104479,321953.6687395915
C104480,714232.5111478663
C104481,748694.058107265
C104482,396684.91551912844
C104483,219590.6897932861
C104484,1104108.2165003696
C104485,1382621.4104794972
C104486,760615.5847448336
C104487,712953.6712172474
C104488,56829.644958381265
C104489,1680482.0877510142
C104490,2869833.880757574
C104491,2233318.6058836393
C104492,1005386.4399960143
C104493,848278.866989524
C104494,643369.4762040155
C104495,709348.238353214
C104496,364168.1254314805
C104497,1165260.0525268358
C104498,1388712.6237131984
C104499,1116014.8266344913
C104500,353647.18593735225
C104501,216938.9501377539
C104502,2311702.273484334
C104503,378886.5064622855
C104504,493946.8656687386
C104505,2278815.9631702444
C104506,671697.0069907083
C104507,195221.92046804834
C104508,288671.917295606
C104509,1069220.3941668991
C104510,78364.93239174788
C104511,410121.1734563614
C104512,293609.2293880933
C104513,589735.7466614004
C104514,1107715.0552827914
C104515,1080803.6652287547
C104516,558301.1618668851
C104517,112486.0902051482
C104518,154963.1331719375
C104519,1560319.4470098524
C104520,1267969.2432026505
C104521,806623.2441650131
C104522,163066.69692633784
C104523,2806607.989053543
C104524,1343824.5091023585
C104525,1412760.3428216088
C104526,436109.7737668349
C104527,1323055.27929256
C104528,686267.9091074399
C104529,2388496.809438404
C104530,1673064.9158663861
C104531,800763.4061169305
C104532,945566.751841738
C104533,854138.7003628509
C104534,498162.01628685615
C104535,842042.7259660278
C104536,832952.6448911536
C104537,908746.8119051232
C104538,641046.7297434346
C104539,783224.2115270976
C104540,1300117.9044642851
C104541,637774.5784502996
C104542,475449.71427813964
C104543,1213741.6956595234
C104544,1193470.7206790736
C104545,938936.6243635474
C104546,474132.31436508603
C104547,717725.3150395574
C104548,537432.8257728451
C104549,977796.1640196872
C104550,240836.04261472827
C104551,3410347.64525585
C104552,3746091.3955268217
C104553,282222.01062063733
C104554,468032.6171845483
C104555,1142466.1474730703
C104556,2214123.716474063
C104557,799944.9676102084
C104558,501180.6359007233
C104559,714873.7018760685
C104560,8332.66107958791
C104561,877158.7602330974
C104562,153925.47707098606
C104563,458172.5788582195
C104564,796656.2766834204
C104565,323734.12952758325
C104566,453827.2859902677
C104567,1446348.5697498242
C104568,875696.2682601548
C104569,1913578.5336041413
C104570,398421.4322673821
C104571,554940.1263447485
C104572,1272060.2454850213
C104573,413857.98729371664
C104574,82436.89595719488
C104575,1572885.4272571034
C104576,599926.4556387016
C104577,960527.5184833502
C104578,787730.8644998581
C104579,643718.634364861
C104580,866015.077559842
C104581,2424478.9946435946
C104582,827366.7846311212
C104583,676646.2380645906
C104584,1405507.4475005434
C104585,75224.00341966885
C104586,1671434.216142667
C104587,1606435.8364897668
C104588,8453.474813118946
C104589,630052.0266317592
C104590,695238.942521868
C104591,585143.9208181535
C104592,73817.42195764145
C104593,810922.9473767406
C104594,1917210.3321815808
C104595,603730.7092007597
C104596,258205.43413844483
C104597,1854752.7240494676
C104598,1052573.1677640844
C104599,1295473.671368571
C104600,774961.0127363856
C104601,806480.430934463
C104602,1765779.5561262607
C104603,59601.846661837364
C104604,1070755.1009830702
C104605,1312813.9751501894
C104606,2189764.510806254
C104607,231140.4726293703
C104608,816441.7455249947
C104609,1204698.3787065828
C104610,483196.4812306448
C104611,1767138.998123209
C104612,539145.0646055455
C104613,2226514.8000047533
C104614,962476.4869135241
C104615,744601.0287704335
C104616,1821771.6676194153
C104617,276823.9790484101
C104618,1017510.5847634247
C104619,442322.7395514649
C104620,108393.41927491283
C104621,2716777.2062042933
C104622,706939.7843911119
C104623,1958891.1119264427
C104624,872913.7586990274
C104625,598845.1326525566
C104626,2295239.1220062417
C104627,771067.4099620392
C104628,771311.6138433979
C104629,1662630.9391801558
C104630,282345.4983697927
C104631,1018311.880342935
C104632,269457.42237787624
C104633,553908.2083165058
C104634,387525.85320767574
C104635,231709.2660260956
C104636,689776.1442693291
C104637,63521.51460257798
C104638,424165.55615519726
C104639,1000517.3575983474
C104640,1324263.223270856
C104641,910039.0150457601
C104642,1154624.6732291656
C104643,569144.3265978829
C104644,735455.6820260461
C104645,45240.090731926386
C104646,720313.3593485199
C104647,2370497.202311136
C104648,595850.676340835
C104649,861036.1824078707
C104650,1071687.097812987
C104651,847783.945202982
C104652,2981581.4924698398
C104653,71727.33193375068
C104654,5419.699033688055
C104655,504024.34057550353
C104656,715995.6889663622
C104657,753614.9837579455
C104658,295865.14415525907
C104659,391411.944630334
C104660,91823.71362181482
C104661,1185642.186041817
C104662,820165.9427538388
C104663,2528651.8425445864
C104664,1208486.50897174
C104665,208966.83515552818
C104666,2056572.7895502187
C104667,541725.3415430001
C104668,661673.2855243146
C104669,171829.26012225298
C104670,691343.1848722652
C104671,618804.2914672164
C104672,552708.8389843095
C104673,1357108.9973869657
C104674,394248.49447344185
C104675,97135.76889671822
C104676,517944.99660050415
C104677,581659.4954125598
C104678,1052561.5075374688
C104679,1097989.0012687864
C104680,458891.3743372188
C104681,948037.6777859798
C104682,689149.6598386648
C104683,93145.17973824027
C104684,517590.0407535143
C104685,905803.4441776883
C104686,2155690.0471724505
C104687,226429.71827454751
C104688,651490.9133821399
C104689,807605.1484128166
C104690,1040087.5736273077
C104691,1612378.697814982
C104692,1453251.7996820551
C104693,1008488.7212471446
C104694,365032.20374748367
C104695,438097.9787380604
C104696,3575239.024249857
C104697,1000089.4164462943
C104698,240087.01833180198
C104699,435389.9270526735
C104700,816646.5355045894
C104701,1446755.7399017527
C104702,1012683.2004982701
C104703,785196.8267241011
C104704,1116211.3318459564
C104705,1834828.0172571251
C104706,983054.3313454383
C104707,286998.4004968509
C104708,1369741.1055446393
C104709,887482.8036195067
C104710,1026638.0993184687
C104711,2654503.3187598577
C104712,208775.44347102672
C104713,1536648.1516435174
C104714,207399.50598964543
C104715,376552.9496406547
C104716,1509225.781981041
C104717,197591.7893820798
C104718,157461.43304984245
C104719,1060923.0268283272
C104720,949640.1304898756
C104721,684485.4419879833
C104722,365553.2422208453
C104723,756499.9887395443
C104724,1099792.2314114901
C104725,454447.54658078635
C104726,165752.96407719617
C104727,1093828.4419200355
C104728,99732.17237148852
C104729,1034709.704700517
C104730,1416045.1724711806
C104731,768264.3104645013
C104732,949731.1790248017
C104733,612488.677380234
C104734,704196.3790557957
C104735,181228.58089303944
C104736,1725965.4737633094
C104737,930319.0072196362
C104738,3865556.1290442897
C104739,555223.9771002206
C104740,890154.5611556902
C104741,253218.56508333416
C104742,649765.0738042778
C104743,1721415.564369345
C104744,997251.1125249601
C104745,983151.1479020845
C104746,1135308.0024405767
C104747,763108.3424510448
C104748,44662.05758665347
C104749,631043.7569955117
C104750,769620.0527580954
C104751,320419.2457649381
C104752,204435.80967696256
C104753,1567242.0348088033
C104754,781138.9714532376
C104755,2026192.4974856798
C104756,2208873.872686127
C104757,554137.1354632356
C104758,342135.2340140688
C104759,971878.0300260917
C104760,87243.0902516573
C104761,456785.2362776178
C104762,680751.9041524758
C104763,855480.5036187305
C104764,1069657.5195066575
C104765,976542.5447591275
C104766,419996.29687734164
C104767,466246.2913259226
C104768,402451.08514417685
C104769,833717.5263659988
C104770,175892.66251946113
C104771,698099.3980314
C104772,443876.20737537293
C104773,717280.5325172021
C104774,93296.63504135529
C104775,370299.4438678115
C104776,831506.4225139052
C104777,2170029.864109462
C104778,1286583.1742367442
C104779,404624.9649294773
C104780,2545021.6064744527
C104781,110185.90277525898
C104782,859294.7103381059
C104783,2319891.865240098
C104784,1806106.849124216
C104785,932880.3896910519
C104786,10642.407121909571
C104787,574722.9439556485
C104788,599601.8061680807
C104789,308524.09647147695
C104790,738455.6754519399
C104791,2029672.8395663926
C104792,1293733.9607464178
C104793,1451145.385729555
C104794,317948.0930440159
C104795,49603.480651254016
C104796,1094890.3709704434
C104797,1630415.8327621578
C104798,617434.0799529403
C104799,208936.53710163845
C104800,437864.502773633
C104801,531375.6649776499
C104802,722979.6438793314
C104803,811463.8539656207
C104804,273147.63988213846
C104805,1057949.8800362914
C104806,1234621.5524125458
C104807,1264870.0492652226
C104808,526918.6640104203
C104809,2203218.0767744295
C104810,571036.9441105737
C104811,538870.2763782173
C104812,146451.09029540597
C104813,938833.3975565274
C104814,465822.9756433605
C104815,1261634.5813860358
C104816,882503.4578130665
C104817,783568.4405345845
C104818,62979.04772901479
C104819,534429.6406251702
C104820,2046211.6150377563
C104821,59845.5802701455
C104822,243362.33000076917
C104823,1609524.2361723604
C104824,921724.6602667866
C104825,567447.9550291989
C104826,979325.6178294688
C104827,734278.6802548843
C104828,251191.8754511748
C104829,718209.7757518172
C104830,679734.6901619546
C104831,1012042.5852125293
C104832,1129884.2422394243
C104833,537162.0767228308
C104834,1413113.098195298
C104835,1344945.631989846
C104836,1939543.5655372457
C104837,340445.55168178445
C104838,164863.4620984013
C104839,437469.03230003396
C104840,1380550.8964288696
C104841,1203296.4922690126
C104842,1272506.5375558324
C104843,987279.7931121934
C104844,1102343.4062446284
C104845,349394.33892131626
C104846,308878.6207763757
C104847,2212560.076287819
C104848,1546860.0454876171
C104849,411597.467400105
C104850,535609.6790323679
C104851,2133497.835147
C104852,1080481.8932676334
C104853,204377.1379159414
C104854,373804.81499687623
C104855,1471743.2309387408
C104856,547806.9678244025
C104857,2634116.224788579
C104858,846821.2920433085
C104859,702288.6865429522
C104860,415462.18763428705
C104861,1517573.7788761943
C104862,2199905.386619414
C104863,1828338.7365754219
C104864,847841.8744079748
C104865,840647.278549694
C104866,2181782.0815175744
C104867,128451.09198185353
C104868,749166.2784061807
C104869,100152.81334822683
C104870,555994.9409517922
C104871,1963791.7070480664
C104872,1835342.8809136814
C104873,2397223.120380761
C104874,1008634.3770428266
C104875,1308806.955424536
C104876,524794.9576897107
C104877,990733.8362798829
C104878,3057449.5350591033
C104879,1344112.0882972812
C104880,2092360.649181908
C104881,574964.4822743064
C104882,1249908.6826515542
C104883,107530.24795807344
C104884,595395.2040813139
C104885,530130.9446449933
C104886,742408.3532468998
C104887,2921373.614394748
C104888,404295.7637317661
C104889,888785.1931533269
C104890,1753710.5162918812
C104891,717351.8137697696
C104892,1689533.9580893437
C104893,1288288.0922740996
C104894,978282.4078829294
C104895,1419311.0221050917
C104896,533591.6470023319
C104897,412514.37110055104
C104898,739694.1064952831
C104899,290815.23207855807
C104900,1002319.4714891599
C104901,879933.2356523396
C104902,600476.0475623958
C104903,985286.6207380818
C104904,680202.2066258414
C104905,1569974.8733819078
C104906,46117.24925962388
C104907,1925751.7067228137
C104908,662229.2330430725
C104909,563277.0651412228
C104910,406742.7901381252
C104911,1985468.1066886163
C104912,1753367.6476803655
C104913,227539.1861355026
C104914,669764.7607016012
C104915,1740809.1375187496
C104916,201286.68340296982
C104917,973208.5742281221
C104918,1175642.1687795569
C104919,1886775.22196797
C104920,646976.3646232672
C104921,439669.0045229788
C104922,419133.02213001245
C104923,102620.35355586499
C104924,684898.0586227868
C104925,877314.350963958
C104926,253604.0966791189
C104927,1827225.2371833809
C104928,882226.6657212162
C104929,2088785.0949303822
C104930,478420.02455565304
C104931,834734.1190680277
C104932,1400293.082182327
C104933,419509.872441681
C104934,392262.2035208646
C104935,563902.9251065981
C104936,336907.0791957572
C104937,1032590.9371424873
C104938,927949.4202706831
C104939,1017019.7260528087
C104940,838059.4475464327
C104941,1042546.3227521208
C104942,34752.273585145645
C104943,1068380.3114766688
C104944,195419.1253742646
C104945,125009.99733872185
C104946,464444.15199434396
C104947,1333331.1618877326
C104948,559290.9670373416
C104949,69957.60051530164
C104950,825926.1299549945
C104951,1804645.9755594188
C104952,2207616.9722058466
C104953,2582071.2681385176
C104954,760057.9260146377
C104955,824579.5280948895
C104956,768261.0838510974
C104957,212432.59742052443
C104958,970949.3910536936
C104959,847426.639871011
C104960,752993.5335741735
C104961,107173.4177095649
C104962,424231.6982620829
C104963,262727.252882182
C104964,1509471.2852629828
C104965,380019.76755207306
C104966,1109448.0192290738
C104967,3052082.0724217426
C104968,27875.48345586713
C104969,632150.2672212184
C104970,420539.0945923307
C104971,1352727.8700112829
C104972,1247695.1292249497
C104973,809919.5941761858
C104974,1280449.4307517605
C104975,990084.5404278953
C104976,833476.9665428848
C104977,591425.223690046
C104978,672551.2225234294
C104979,1181386.5085981262
C104980,1373702.9699782259
C104981,1674979.5891950056
C104982,449976.07947131596
C104983,792305.5838700519
C104984,296414.87370372727
C104985,921933.0128174247
C104986,501242.075568385
C104987,1288308.3389987447
C104988,959562.5132873572
C104989,93947.3010326739
C104990,1457347.7989243607
C104991,1516736.6335929828
C104992,52889.05266526043
C104993,1202233.8980189823
C104994,298067.11293366406
C104995,604905.2589695435
C104996,1438831.4833706738
C104997,286442.6156495175
C104998,829922.9648759947
C104999,648194.4709523375
