id_cliente,pd_score,lgd_pred
C100000,0.023127312981625472,0.4676119017805782
C100001,0.03008690829593142,0.37996356129681474
C100002,0.0070211773572644,0.463804886914598
C100003,0.020980965970305483,0.20620598454567493
C100004,0.12937410542422287,0.37754006606623886
C100005,0.015746322418205057,0.39894416733649535
C100006,0.04062066628139451,0.32811724641353457
C100007,0.06765370140414442,0.21249539750844035
C100008,0.036436462862979864,0.4976046338838046
C100009,0.055755530797072454,0.3413868266318639
C100010,0.0118603029526868,0.36014169894819165
C100011,0.005679474880212595,0.4806734230912103
C100012,0.020193796052531816,0.2774019702275809
C100013,0.01467141978046429,0.6877878509097656
C100014,0.013964317413295938,0.4114294026335631
C100015,0.01775609080211779,0.11648155851042241
C100016,0.06095778268853465,0.42611364002173274
C100017,0.02129935326911735,0.35839629816798474
C100018,0.023026681703420253,0.2665565358937687
C100019,0.06819841725374956,0.38669907390699587
C100020,0.06647958042394327,0.516348464543877
C100021,0.007539555226930121,0.2886857117708673
C100022,0.03505940266708479,0.35403645447630633
C100023,0.050682258869244684,0.3886297536151717
C100024,0.07294455892788176,0.2052400390334285
C100025,0.048052180583336594,0.3921752138262299
C100026,0.035574351944278465,0.38660367805482415
C100027,0.02611781777617036,0.3350291373606912
C100028,0.05122004741252903,0.3146967392093623
C100029,0.09993119037560151,0.41968471571086546
C100030,0.008712965266918426,0.2425805192383172
C100031,0.029672844866234435,0.37147485430699345
C100032,0.05363901873589478,0.3960669144340479
C100033,0.09172056141285875,0.4263146962959947
C100034,0.012933896614786456,0.5171331780362853
C100035,0.020377245607833543,0.46489423818435716
C100036,0.026249531054638304,0.1513689487737398
C100037,0.05751932718002841,0.33916526454332524
C100038,0.025359784770654564,0.37001011722374205
C100039,0.04285455994952452,0.36731819668640403
C100040,0.1105818685130584,0.39249613955446994
C100041,0.07142475548325503,0.3306937324909335
C100042,0.057098324077316555,0.4261193865786989
C100043,0.009136314528017341,0.29358210059809725
C100044,0.049214070324260784,0.4939611853164672
C100045,0.021067274953670497,0.4072989589487989
C100046,0.010499504711267241,0.3996037917300181
C100047,0.08089512000978126,0.3460653419927784
C100048,0.01583553812412614,0.5401332913206784
C100049,0.12445104896034676,0.5051291799362969
C100050,0.07931297408172222,0.33190656406651603
C100051,0.045058976164648025,0.4862489329422685
C100052,0.16958174166033502,0.44017427987233854
C100053,0.027472483103507545,0.4100888767198175
C100054,0.025272051079925476,0.28110085334990514
C100055,0.02152088925763926,0.2735906590867313
C100056,0.04793283709380227,0.4479941231434735
C100057,0.05380340375733736,0.32234707283678316
C100058,0.014413484458370113,0.26811524786117436
C100059,0.029949037992303702,0.6123302080933384
C100060,0.062146843060226775,0.3007474295408502
C100061,0.08743026943600796,0.4454181339074219
C100062,0.019581511949378877,0.5028230718126003
C100063,0.08326627297542169,0.34290421521807124
C100064,0.08998797524618858,0.19316274690803237
C100065,0.03281084952040865,0.19021523328015252
C100066,0.06947674231254142,0.4421481084269808
C100067,0.07158211139380874,0.37758486673934694
C100068,0.06880077064481557,0.36696209278524505
C100069,0.04655849201578138,0.2706974967024338
C100070,0.008134235498208336,0.45643607734056757
C100071,0.016743758819576144,0.173795339854423
C100072,0.10578582231434504,0.4263946004484671
C100073,0.02102563569631759,0.5283322522030992
C100074,0.035550958084037895,0.428259969664686
C100075,0.0428464385368347,0.3591172973214265
C100076,0.02430699275658102,0.486080516043184
C100077,0.05042644169562082,0.6617676325699822
C100078,0.02960769032787587,0.5083360515180496
C100079,0.059240097245850665,0.3736132561662603
C100080,0.044528566069711985,0.4729552469807176
C100081,0.010981300115073383,0.36908882727102366
C100082,0.015011801385875437,0.288672673194423
C100083,0.10130933342754701,0.594378416655851
C100084,0.03776309955176484,0.25638924457935924
C100085,0.02860930883952717,0.3136450936662993
C100086,0.036844186586946666,0.2532525108066599
C100087,0.031676820370552916,0.3545776459811539
C100088,0.04078995765851937,0.20224360255664683
C100089,0.028963033158246193,0.26006215521712406
C100090,0.011135721656067918,0.42745116921453036
C100091,0.07427381285906713,0.4711183094082519
C100092,0.047844211695619254,0.36255689499222865
C100093,0.03494463151957838,0.44841404803559604
C100094,0.0313628615981879,0.40694375001297733
C100095,0.13482203747033625,0.4433771652092038
C100096,0.08753600505493356,0.187770309567174
C100097,0.008690231847442536,0.40453515121509914
C100098,0.014337976895521647,0.41313052733011457
C100099,0.049242490340132804,0.4464537727639335
C100100,0.02962054452939789,0.16197467628352755
C100101,0.016209687450488522,0.48091040281581726
C100102,0.007542743486740095,0.21159420423445655
C100103,0.052347616078519676,0.3773875038140256
C100104,0.05580957340462278,0.31674026405970723
C100105,0.032863824202301634,0.21321600796364454
C100106,0.008844380580228071,0.19706600386075923
C100107,0.01955716501524289,0.4191545712759571
C100108,0.019280171681126616,0.1617295205496452
C100109,0.09518743812792954,0.27677555677915744
C100110,0.0367361455247284,0.26176220809205253
C100111,0.05135569170815689,0.25254273219830886
C100112,0.052894944244827054,0.30800569743811346
C100113,0.03387316755897843,0.32185429127704324
C100114,0.05758084361128186,0.39544605720500037
C100115,0.0661392486298636,0.42252780294004016
C100116,0.04752122379539726,0.2449204464149618
C100117,0.025556366393975363,0.2473036385559333
C100118,0.09042667434619864,0.42555562624251525
C100119,0.04688556475241149,0.46109887275454076
C100120,0.01173009154304583,0.49314755492369544
C100121,0.030751648046850377,0.14170260638552667
C100122,0.02262840289575141,0.2510780364287901
C100123,0.1137822439212925,0.46439268532863864
C100124,0.08301027865669207,0.3750420208149822
C100125,0.02032506538158438,0.5337360195928513
C100126,0.028374596356131085,0.4007167319574687
C100127,0.027130658917956026,0.4278381818499436
C100128,0.019161956177325214,0.2130189186039627
C100129,0.06470724046095155,0.4355042161742376
C100130,0.0829184646826069,0.4319736111260091
C100131,0.08096408993832957,0.2098370238997998
C100132,0.03190509060199657,0.3621753413557695
C100133,0.07345663160717804,0.27962728423710437
C100134,0.02422540138429642,0.44647507430961575
C100135,0.0702408484814159,0.2764171251508668
C100136,0.029581439218016006,0.2887291850933314
C100137,0.03111208384087177,0.3364321600425717
C100138,0.01892359386647885,0.27916597292031536
C100139,0.11278006036062369,0.3967513776424856
C100140,0.024111821163894324,0.22630062516847865
C100141,0.10790362887129772,0.334549338369615
C100142,0.027075642734380477,0.2479366842236681
C100143,0.04803134414533825,0.348816774996609
C100144,0.05616530787283554,0.3801726850327513
C100145,0.04465177540950389,0.29220954855246595
C100146,0.017344471028472534,0.4183847903361897
C100147,0.027258734270926,0.3140168189134336
C100148,0.028961428122704767,0.32469634506380796
C100149,0.07692610079569762,0.3978041053377186
C100150,0.010669693165897493,0.33276519876735466
C100151,0.06487259751118973,0.38304473044569154
C100152,0.029023009558648897,0.37678041886877134
C100153,0.07297517157075559,0.1
C100154,0.019032703843555984,0.2990913847314498
C100155,0.14911341781331314,0.3127462894778484
C100156,0.06473653096038066,0.3443520769436638
C100157,0.027086457375513514,0.3686432872449074
C100158,0.06716458931995371,0.24791265772066728
C100159,0.07106929013495504,0.32337375940041313
C100160,0.04639187255503341,0.3914811283635666
C100161,0.004460399816639283,0.4465550296502147
C100162,0.02337250254515813,0.38787473312250503
C100163,0.04847295106848329,0.3272234721936392
C100164,0.0881044976869825,0.45345684797049685
C100165,0.06851307317725168,0.4222099793155144
C100166,0.024687792251046742,0.45861314368910305
C100167,0.016742435193060085,0.33083158116558725
C100168,0.02563063135721105,0.4127650135495095
C100169,0.021316485473409575,0.34468091384763405
C100170,0.04744168586166333,0.4012055064918101
C100171,0.046337741833505725,0.2864923393767248
C100172,0.012369058273852577,0.22969156537558438
C100173,0.022735947199715452,0.36863589805270786
C100174,0.08541443302054215,0.27870542105902224
C100175,0.050957976483138996,0.24543966686653712
C100176,0.0429061232670336,0.3743477759420779
C100177,0.012529630119468414,0.3401046009759355
C100178,0.07497008632376688,0.2808939385334019
C100179,0.05363723535986109,0.3790081994433853
C100180,0.007596339173203381,0.39613793023082416
C100181,0.04068710709782076,0.2848223383912561
C100182,0.04838176747911541,0.2855032945191955
C100183,0.09022722254201984,0.18340605044021924
C100184,0.020000397092979055,0.419540886108085
C100185,0.015212671072305171,0.2889390617772841
C100186,0.05644805723119432,0.43562305000446966
C100187,0.011289579109123782,0.3803687098653822
C100188,0.010920556161361956,0.3868944897867198
C100189,0.0693999586392771,0.18858816897111708
C100190,0.007570064255786926,0.38707656964831116
C100191,0.1660966478134322,0.27276713035020805
C100192,0.053514189924740864,0.3755166132439506
C100193,0.042664218283989,0.5526517900588765
C100194,0.02711244195669657,0.16391028732579743
C100195,0.018533095598592772,0.39845961038134203
C100196,0.008153751939438098,0.457872408870137
C100197,0.11820239739762392,0.346295382946784
C100198,0.030870746390709997,0.27977369317308726
C100199,0.03454082159403932,0.21776766090284919
C100200,0.012585136676711642,0.42175446935207694
C100201,0.05123443590695715,0.3848797709169454
C100202,0.02407581858278755,0.3997016632210831
C100203,0.02502171593663486,0.2926501988050274
C100204,0.012971742381575058,0.36785545385135443
C100205,0.031202332951695437,0.38625106790206154
C100206,0.0023996719309603127,0.4722206492038674
C100207,0.05947805266567303,0.3123137580140028
C100208,0.10631097980817393,0.3250263433602356
C100209,0.030358112390530507,0.5598485593911404
C100210,0.043329664084720686,0.2728959165193306
C100211,0.02370142302346747,0.37624563250470633
C100212,0.09440671161304522,0.4074986063133111
C100213,0.05461786545167242,0.34101610734406806
C100214,0.08449697196555461,0.433765790281012
C100215,0.052197423291297104,0.23172516473121194
C100216,0.05655113775277069,0.16717121836826943
C100217,0.038853247514677995,0.3945261366949471
C100218,0.041752583794209625,0.3171528583234796
C100219,0.03310288197674954,0.4130554871410908
C100220,0.019644722970593956,0.3333746208476614
C100221,0.06629358394293437,0.23592511854237327
C100222,0.08046416360768348,0.20054707620048318
C100223,0.04281207080899662,0.2552927425928854
C100224,0.006465008494643378,0.21630354070547544
C100225,0.03728723605304032,0.37511703274054764
C100226,0.044554943335342156,0.3864864908229545
C100227,0.04246340620307143,0.4298141511988979
C100228,0.021567323740269255,0.44445891774923485
C100229,0.03148763998125543,0.484910157833062
C100230,0.05609384466194473,0.3900503438780371
C100231,0.058486381597885634,0.40873061375898434
C100232,0.03592029875320406,0.3816250240928454
C100233,0.04731022635112389,0.26426482365217485
C100234,0.05420113418059882,0.3401425330873884
C100235,0.11957187585930598,0.21944075232119545
C100236,0.02004638432678347,0.32145701757573825
C100237,0.019729694646075813,0.28389011911798534
C100238,0.08057374597995465,0.4000416942775987
C100239,0.053493789886644494,0.13875379351328201
C100240,0.009853661797227188,0.5827535340533494
C100241,0.03973597195275845,0.43967096888054386
C100242,0.046458855689947495,0.34627806940567657
C100243,0.026319049743560807,0.43448297213596193
C100244,0.009166461095198631,0.18839350362200427
C100245,0.008472519066546131,0.4974596238451964
C100246,0.03202923629419952,0.17762100676809367
C100247,0.040443295183122105,0.22935256444400215
C100248,0.06438899090503637,0.19983358904220225
C100249,0.047311989051159214,0.3230467111702729
C100250,0.12477864588288866,0.3584403536547618
C100251,0.03059617119845215,0.5039474869752589
C100252,0.06074126420318411,0.32122196535939923
C100253,0.08754875196648074,0.3262475733769065
C100254,0.0026344011727792425,0.28274495578440273
C100255,0.01765564818912975,0.36889837504881434
C100256,0.0506058430654141,0.503484843552219
C100257,0.025437461190355896,0.251860729378906
C100258,0.03212392279966714,0.2577839360719498
C100259,0.13757708689273168,0.3190139723943315
C100260,0.08599373024186069,0.38423454986381644
C100261,0.0317734893048728,0.37803866578057044
C100262,0.004292338570719218,0.35546030320504907
C100263,0.07961546954661161,0.4137445775167079
C100264,0.05634691604238092,0.26499942462596265
C100265,0.08536632925229512,0.524095222797309
C100266,0.010862725510894249,0.2861246307258615
C100267,0.01670077134522271,0.2686468881278979
C100268,0.058333578109265975,0.4567931242974975
C100269,0.09570155091200475,0.5003135968943682
C100270,0.12191979022559012,0.3421453228035545
C100271,0.07419860222708967,0.14579715884317493
C100272,0.08052038877036974,0.15886967623215878
C100273,0.03173751696434424,0.19484168289141857
C100274,0.023650333131461147,0.29619076446763165
C100275,0.00912426067158298,0.46076182314591724
C100276,0.032445150774615995,0.3046319070469011
C100277,0.040744939624862496,0.31926920916560275
C100278,0.008517692065462174,0.2365971719725542
C100279,0.02278623092846213,0.23743910277746214
C100280,0.029503315794442007,0.13432547861215283
C100281,0.058458342687730994,0.2812425898332426
C100282,0.06262302029720046,0.37343093972500424
C100283,0.012423999820297108,0.47643756087647016
C100284,0.026313837607170106,0.43079833334112905
C100285,0.07076581388573473,0.27186163989931506
C100286,0.07228047339129332,0.48427334470787364
C100287,0.031851432462833326,0.36363619426371196
C100288,0.1415551226463106,0.37078028780726996
C100289,0.014000111086951168,0.28808666923777554
C100290,0.016241874885494962,0.44429488513779525
C100291,0.05196541586397851,0.18197979018087243
C100292,0.09218446322401297,0.2277568887126903
C100293,0.06347801755103413,0.36770307318365786
C100294,0.012712809526821014,0.4945868015997381
C100295,0.05548910692310492,0.48724217874592046
C100296,0.017754481969477463,0.374775010166517
C100297,0.016382467010002455,0.261510037254229
C100298,0.08746922810813051,0.23006440109100224
C100299,0.01810083419608488,0.31553694131044374
C100300,0.035967222739557866,0.455852130874317
C100301,0.015575043878513113,0.3484392328772516
C100302,0.023079746867291345,0.18977069029605556
C100303,0.023615234944100477,0.31720538145099514
C100304,0.038711170639611485,0.36512742234278417
C100305,0.032339049687869076,0.47267665562384564
C100306,0.044730104450194284,0.4695390014416665
C100307,0.05442802708271275,0.37846059329313564
C100308,0.023985552498545195,0.18270747506524687
C100309,0.0704881619129886,0.23807707783789828
C100310,0.10616537261246807,0.1673742780160017
C100311,0.02866128650307862,0.2968753402957166
C100312,0.06337623489067055,0.28073971694343774
C100313,0.033116726238091254,0.29435821982633714
C100314,0.02421786713509265,0.33392245825161554
C100315,0.053624511780021186,0.36806701578141515
C100316,0.03178170263519987,0.4260929518165727
C100317,0.045368369837478405,0.391060044842866
C100318,0.04266966823127492,0.4276786844763164
C100319,0.042222786895399794,0.3809857298532296
C100320,0.019341681738133266,0.150157510733304
C100321,0.034492313382237544,0.38134782722628796
C100322,0.04066879674800222,0.2987118116199017
C100323,0.09056830538908556,0.3838612558444945
C100324,0.06078882583672352,0.4267033962995438
C100325,0.10779262820074542,0.4720686027366052
C100326,0.04779047719503083,0.4621049784018012
C100327,0.026926078578078546,0.3940079001064595
C100328,0.00861318776110753,0.40046702519587396
C100329,0.062092908310215446,0.2598410444558629
C100330,0.023043528916035717,0.452421568698968
C100331,0.01851051280087228,0.3794482669401948
C100332,0.010485258880475416,0.3712884488543844
C100333,0.015752301453111902,0.3690049172627895
C100334,0.06463453341145914,0.3564969346374822
C100335,0.032437936160844165,0.4196969295247083
C100336,0.021760352911401402,0.19163818893452428
C100337,0.026529004413835055,0.37104824080428483
C100338,0.010187823616252296,0.19613367407731255
C100339,0.03512425873431874,0.38015216771397076
C100340,0.012585888551445518,0.43503299181694427
C100341,0.01571407594025519,0.29313798400475355
C100342,0.0303618173085277,0.38589423144979174
C100343,0.01792683473403339,0.348582742441209
C100344,0.016377869753199055,0.3387438385103971
C100345,0.021696664420456868,0.34549247236940606
C100346,0.11127046028425601,0.14023065675854318
C100347,0.011120775221436723,0.34808305240302906
C100348,0.03792766027771106,0.20344823354064634
C100349,0.015388735638671582,0.4391255603077192
C100350,0.04939959232458923,0.451338918422057
C100351,0.04219130652021876,0.33022371982198073
C100352,0.028689195326164565,0.4119723827748101
C100353,0.026615094065687416,0.32827636750759376
C100354,0.07655472582379734,0.28014697760034274
C100355,0.047202362919136494,0.25991177897379625
C100356,0.09834140925876679,0.18685366598408165
C100357,0.03321261534934972,0.401737147254162
C100358,0.002049061245883593,0.3911025156209332
C100359,0.044763766777576666,0.2903972690609239
C100360,0.05434996046266251,0.37604469296138454
C100361,0.10584968852909295,0.3684147059294574
C100362,0.05253666402820253,0.3195880414158422
C100363,0.04500147169941813,0.2792785642509819
C100364,0.025673600603651175,0.3114153995186202
C100365,0.010320021348716915,0.28662244003810616
C100366,0.0184555295188541,0.2374152388638959
C100367,0.02394727894196019,0.3011414410524982
C100368,0.03736456865178206,0.4535999162793195
C100369,0.036267544689693704,0.29808342548165884
C100370,0.09960004761990783,0.3603142256810595
C100371,0.05608500116315147,0.3331714578857024
C100372,0.015137482837199163,0.3622405102900622
C100373,0.06560370107163961,0.46574012122971997
C100374,0.03689325343015247,0.43496209865377145
C100375,0.08045641833824589,0.33171802741979256
C100376,0.037501448455247686,0.35279951533227805
C100377,0.06279870405729089,0.23351490521239288
C100378,0.06472599029084065,0.23890436183525618
C100379,0.13008146763127965,0.5394827821974377
C100380,0.028398518021537197,0.3301075625000414
C100381,0.021930955725593414,0.39340610888194844
C100382,0.04094909199011984,0.24620961473369152
C100383,0.07758735736025384,0.5358890704574593
C100384,0.03336617089899327,0.39337020546105483
C100385,0.09342702365518037,0.2812364926921467
C100386,0.06328312152949185,0.3500968405624765
C100387,0.03461074012128821,0.23343396722422782
C100388,0.015520707687233447,0.1744150614515378
C100389,0.005656928751158959,0.4192644805239447
C100390,0.013270303038872402,0.4840087642540138
C100391,0.046108004281429645,0.4727944598447541
C100392,0.08215648672382056,0.3380688881897715
C100393,0.09699711971445331,0.28255223688802
C100394,0.0327666473954176,0.3885730149940852
C100395,0.10281795832288902,0.3806312239790881
C100396,0.03009316330744097,0.29401959918111054
C100397,0.08837229598490162,0.4638718429149097
C100398,0.013526255739343943,0.3521499122825839
C100399,0.02593763778152577,0.49613543986939473
C100400,0.06455810850824377,0.19449504923667973
C100401,0.007689557500672409,0.44553790518149194
C100402,0.03858969559900129,0.2643002567137297
C100403,0.05357659455508926,0.4939531986913735
C100404,0.07184374759647211,0.32047997095964453
C100405,0.01827667553908732,0.2096881781017707
C100406,0.021572585559308476,0.29183871897532654
C100407,0.09932670078028819,0.4337753206039932
C100408,0.03870545643620621,0.2530243736041533
C100409,0.016831059273502532,0.4812741969969671
C100410,0.06002822848452017,0.35000982221678767
C100411,0.03357821810374171,0.3216176983973223
C100412,0.07260496407323097,0.3595439475404301
C100413,0.03620743646168578,0.3644096826169363
C100414,0.052336090721286754,0.44779082316399815
C100415,0.06839988702550803,0.47102915350148683
C100416,0.028380703905565557,0.20200868750761505
C100417,0.020394795203136543,0.5267249890820386
C100418,0.09473381300354962,0.32765834563937435
C100419,0.009089501587278935,0.43493278279783426
C100420,0.028935503966710904,0.3590498977444732
C100421,0.028056741272976343,0.5996605569377551
C100422,0.012759797004048,0.32218681654246484
C100423,0.04891294715895476,0.20226678128880726
C100424,0.14531790904581993,0.406288026768067
C100425,0.030275790312863555,0.2194210594802283
C100426,0.020501011814258854,0.23345622857080536
C100427,0.07632722079120592,0.4572664634325963
C100428,0.013723768126590815,0.4372929870902394
C100429,0.053027287173480014,0.41416791198931596
C100430,0.0032942938902432526,0.3567225578573771
C100431,0.01848355660860321,0.3979089761728164
C100432,0.060409097310505214,0.42641587186343927
C100433,0.05326512594197245,0.28571374639718256
C100434,0.03902162395125493,0.5328319700478392
C100435,0.07756918552140743,0.3655186870434241
C100436,0.05836753551745174,0.28685267475735343
C100437,0.05130254001091231,0.37449485346018385
C100438,0.0790628409629814,0.2913187236158414
C100439,0.01791258068368731,0.3367748591844701
C100440,0.03986385595220344,0.3993709011889379
C100441,0.014791555396378336,0.26120075425841
C100442,0.03275824550752689,0.23944603651687807
C100443,0.06713826175701416,0.4239755538560064
C100444,0.018300073473881014,0.1495672281998353
C100445,0.09492577290640056,0.176114351812127
C100446,0.006624909123329425,0.11380862806727851
C100447,0.018517903478222852,0.22133134463242807
C100448,0.030399293668445168,0.528154177401343
C100449,0.034243366880843985,0.2894122531521633
C100450,0.01143267236758882,0.5445249756556658
C100451,0.041556046999535946,0.4341872061224879
C100452,0.026688997676077766,0.20978044417887715
C100453,0.046359173958816974,0.36582975969271536
C100454,0.04554378843406592,0.4672718099639107
C100455,0.06327523492191467,0.24252833974335886
C100456,0.10886518398102221,0.496584971993568
C100457,0.05246764570306387,0.4643857747105083
C100458,0.0573843648181257,0.37906291356153154
C100459,0.03118368163319035,0.37497724824201417
C100460,0.053706801331912135,0.5444812570385278
C100461,0.009977707832064331,0.4655347430628767
C100462,0.02614145502599237,0.3500173147667915
C100463,0.09932247138952324,0.14759825771827617
C100464,0.030390513444715907,0.25359505325113635
C100465,0.022520183075612127,0.4414627059021407
C100466,0.06223927265996054,0.44399975726743857
C100467,0.01645472784661797,0.3649735110375589
C100468,0.07588038187152714,0.4024094569180981
C100469,0.01985751525937018,0.3122501446197087
C100470,0.08751132149769696,0.24554632477165583
C100471,0.07563065109951911,0.43857185876279703
C100472,0.0332420393746787,0.2645393875426949
C100473,0.11830323908856077,0.35144480701325453
C100474,0.060702930698173695,0.25550106897598995
C100475,0.031054107000229373,0.3927525188697903
C100476,0.10060292810022219,0.16287184487696182
C100477,0.08873325352649111,0.31424016402046395
C100478,0.015088518976721414,0.327052893629907
C100479,0.06965766805136907,0.29520365544921556
C100480,0.019900797502881755,0.3581000236648478
C100481,0.05713349572922939,0.1877860166096154
C100482,0.047796697229443616,0.32759300782219186
C100483,0.037428329024508655,0.3977197811753063
C100484,0.0043476719220209275,0.2965413065270878
C100485,0.05364880552197436,0.4645097880717203
C100486,0.020125213693820625,0.45122383817268813
C100487,0.10120706153238992,0.19943829291159243
C100488,0.03792048294214498,0.3957147637980708
C100489,0.06770350392325254,0.3730320703223372
C100490,0.02963173257139769,0.31132712129901274
C100491,0.05866418105528801,0.49224429252418805
C100492,0.12391950243345883,0.15867814691239285
C100493,0.04905997574072262,0.3511302072897202
C100494,0.05390302380178369,0.46066279389432724
C100495,0.031441800883157,0.3319036147573146
C100496,0.03149012200851295,0.2734849414736676
C100497,0.055235416619826117,0.21343971586938784
C100498,0.08102741529331949,0.27804363062750376
C100499,0.115484826735182,0.3805746572916965
C100500,0.011612545797878177,0.39336789025123137
C100501,0.01853474755894377,0.25464445961104754
C100502,0.03198172635094278,0.273572834714215
C100503,0.08977534783951384,0.43707936340492226
C100504,0.020243843005734768,0.4048928467462586
C100505,0.05745917164897644,0.3934475126026502
C100506,0.056299785362273924,0.4129276664791477
C100507,0.15039099424793362,0.28084578802565463
C100508,0.034682429933651095,0.2248309303899589
C100509,0.058466828238488276,0.3576628758542584
C100510,0.06399915379407849,0.357369729102117
C100511,0.05881757345272488,0.3185548325410075
C100512,0.03757954016714564,0.21299049415734386
C100513,0.06660089996505847,0.38568110226954155
C100514,0.09103141825671104,0.2685760148818273
C100515,0.04166139578116628,0.17072834837793452
C100516,0.044251622498170703,0.3716468362519546
C100517,0.031004588301618764,0.24219539847663502
C100518,0.028680322035013906,0.36193322341498546
C100519,0.07775635957204924,0.30583676019402856
C100520,0.0431187061212466,0.3386323240219184
C100521,0.03633919585708682,0.12750996507477882
C100522,0.05582554287077601,0.41345482226797553
C100523,0.052145680146373274,0.4961496113555326
C100524,0.08330337637263076,0.24487803660250404
C100525,0.04634230366095052,0.2749340361208834
C100526,0.25,0.38517705107330535
C100527,0.04840873910776849,0.2947351644732392
C100528,0.019533147166021378,0.3650933662179497
C100529,0.09223781941607392,0.4538212708348748
C100530,0.11388494535722771,0.5416154837181364
C100531,0.015287986597158644,0.4870701119905849
C100532,0.0072983050818351625,0.40081101246352513
C100533,0.05986159958653522,0.2884076619870847
C100534,0.07552707760031081,0.20420181295097356
C100535,0.0192012143637736,0.4131387917520791
C100536,0.037316983605755624,0.47219174188093366
C100537,0.034291579995453174,0.40262481740150685
C100538,0.03141048742930076,0.3973720294873967
C100539,0.040406207161916084,0.27856170115571155
C100540,0.05403554580492102,0.5016796715990285
C100541,0.051223732051914536,0.3516248682282376
C100542,0.08735437635577271,0.5355835655679133
C100543,0.1033385769458968,0.44826125337518613
C100544,0.08227922802073491,0.2073404074321837
C100545,0.023818120252048495,0.13486301160991482
C100546,0.02873410157253275,0.33005948909805954
C100547,0.08173652550741171,0.18543987200136616
C100548,0.05587682335031257,0.3317098672254432
C100549,0.03671203528157646,0.5127551763828437
C100550,0.017237097116762405,0.25861270103592493
C100551,0.03688004655084866,0.35737719192544665
C100552,0.059474565764514854,0.4133044994416844
C100553,0.025155130232172338,0.37639635836449137
C100554,0.03750987473619533,0.38053374917611593
C100555,0.043690709405819955,0.30056540394983633
C100556,0.04758956911046302,0.35739488443597806
C100557,0.04596079623483816,0.5404905647747236
C100558,0.05830335760072923,0.2984526576466925
C100559,0.020528747364116588,0.36488397821429147
C100560,0.06394518424389023,0.2421246032654098
C100561,0.0533048974201527,0.4416862097224056
C100562,0.013619357841819496,0.16537173489853796
C100563,0.07277304052446279,0.29172674540850435
C100564,0.01431267671337595,0.32139452094341453
C100565,0.0535519359762629,0.3199916903854296
C100566,0.045062577431217984,0.2450503468151299
C100567,0.041155460693541195,0.3059400317991527
C100568,0.005421375455647566,0.30221486586986973
C100569,0.018983358419069014,0.43572635995479614
C100570,0.03238192324714133,0.38894397844039663
C100571,0.02526513955463202,0.31383315575661175
C100572,0.10855264449479357,0.30259099242720433
C100573,0.01114372600873171,0.26288009420952363
C100574,0.04785618725357992,0.31706502858485497
C100575,0.04209657433384691,0.4576792987573249
C100576,0.027971181351519853,0.23098597484818356
C100577,0.01054877654760162,0.5073142519623803
C100578,0.014694750813565876,0.4539417387734236
C100579,0.061571690238558005,0.4362526001658281
C100580,0.02534579364555871,0.38467939284439534
C100581,0.061192697607551284,0.2766081532140867
C100582,0.03389040246255833,0.5131678715474185
C100583,0.03222354244951351,0.39784978208359806
C100584,0.07465672745854923,0.19045914195883706
C100585,0.07852563762754755,0.30335895053375483
C100586,0.01035964425181971,0.41870182394036104
C100587,0.02643985384886379,0.20381599304894837
C100588,0.0205026763388151,0.32463598281310246
C100589,0.05300850303820322,0.411014082654139
C100590,0.005431616947850797,0.4501616100240398
C100591,0.08452897270760816,0.4046589646337096
C100592,0.10948615712872206,0.29145650982063
C100593,0.038053712421801354,0.3361659872934826
C100594,0.025242223815622536,0.3295309842922979
C100595,0.06363816368630212,0.5606279590565911
C100596,0.048033058249744895,0.36363335258337187
C100597,0.045620532420924856,0.21016081429025826
C100598,0.015204682905982751,0.1928195538785923
C100599,0.011461128951184193,0.49388537946024813
C100600,0.04967286515268768,0.42644579578434016
C100601,0.0650113832471926,0.29589186249802246
C100602,0.012608262547233488,0.30340593060080034
C100603,0.026417216955635387,0.31427284028097746
C100604,0.03924631278269582,0.27218027891222696
C100605,0.026967988175664127,0.31361789082724867
C100606,0.06680258439930478,0.22621883285391897
C100607,0.027764103665871363,0.31859684030260776
C100608,0.07277967326656148,0.39032219854404493
C100609,0.01743364039349663,0.3817264975132508
C100610,0.02530302972496814,0.21282942339879984
C100611,0.055670624070797675,0.3905362870470337
C100612,0.05946262335695013,0.3077108300308834
C100613,0.046478394953382705,0.4594552417798143
C100614,0.08273566281641127,0.20669183444095313
C100615,0.12458110410246377,0.38865097802377335
C100616,0.06058238197269964,0.35476211064402013
C100617,0.02637557044559014,0.4303250495142607
C100618,0.02487160058826863,0.4674852296202392
C100619,0.017470933906309993,0.290706377997162
C100620,0.034237594857931965,0.12284855307362405
C100621,0.022965049908271997,0.4712854422314553
C100622,0.12037012430269933,0.36227871569826686
C100623,0.02920896250357076,0.13925047147856953
C100624,0.09176974377450524,0.3788045265723132
C100625,0.1251852071794678,0.3246087145118891
C100626,0.045393342255233025,0.1928531970004872
C100627,0.044728025123161784,0.5123788654429016
C100628,0.030633652795696957,0.2260415742177344
C100629,0.07442708160154723,0.40131712248744394
C100630,0.041698949993269174,0.29709952776570936
C100631,0.04153662637056965,0.4182253323632167
C100632,0.09470694395609987,0.30103869285613516
C100633,0.01423858799178479,0.37186390537161934
C100634,0.042705224625171824,0.33142959256006327
C100635,0.06551064350238013,0.19827370921160684
C100636,0.01722190863610148,0.25655744763150606
C100637,0.06799455119926023,0.32070765639167764
C100638,0.065013868122847,0.44033591950173623
C100639,0.03547956066652377,0.3397920611766699
C100640,0.02442852138538519,0.20316615258635612
C100641,0.020770290623336095,0.3273121473301191
C100642,0.06191312412136864,0.6794987870418602
C100643,0.06242396469500441,0.34665909289228697
C100644,0.08590049344884826,0.38109029556515533
C100645,0.054175515207143365,0.24515423290240587
C100646,0.04526182228626586,0.35353415218509676
C100647,0.025513517525723683,0.4009382792318671
C100648,0.10173105199252687,0.4031007619476847
C100649,0.10095736736912903,0.6273272422087177
C100650,0.03918641931572786,0.3058846700691925
C100651,0.03950293174640931,0.3479221180456056
C100652,0.015094520331037257,0.37155007580006294
C100653,0.014341485305676322,0.37814230569136303
C100654,0.02152594338022082,0.3036961642254821
C100655,0.029456502843814597,0.4663602840335015
C100656,0.0585041211314041,0.24258482119917055
C100657,0.07935339297095513,0.25971817306321765
C100658,0.007757924702124171,0.362225187669707
C100659,0.06363322391454977,0.43933900700351564
C100660,0.03581070009054398,0.38886543054139794
C100661,0.07357227927356397,0.21894707184907583
C100662,0.022525304796721695,0.4072849594042601
C100663,0.052485174206596485,0.49368327551994085
C100664,0.03563218588313195,0.4227726684099456
C100665,0.05387700935045059,0.3354110976667882
C100666,0.02995177057401585,0.3623056139195059
C100667,0.10352719379135722,0.5054293080827026
C100668,0.04317219674262437,0.2986790006937688
C100669,0.057120132547001184,0.2642964860036325
C100670,0.037238224780837936,0.4563371281827407
C100671,0.09166117225673688,0.2458186583378818
C100672,0.014030230412360515,0.48122235109560874
C100673,0.024894499559903357,0.22414710254170905
C100674,0.02796255610322105,0.4830884371022599
C100675,0.058016706402989233,0.4494325135150671
C100676,0.029907531781767784,0.4077004903411546
C100677,0.03477294737435101,0.3414653366278176
C100678,0.020397941222104088,0.4814564622320452
C100679,0.08026861724561771,0.3715515745686679
C100680,0.03877593036017324,0.20274405592477043
C100681,0.024687467783998204,0.5221821385832057
C100682,0.04005311077225113,0.38061491797164276
C100683,0.07006253729091944,0.5454552045063191
C100684,0.03775354425875265,0.2098554548199049
C100685,0.015532298309885628,0.3079200298179327
C100686,0.05514018848397733,0.3775190482171172
C100687,0.014567679629929171,0.46689500941228923
C100688,0.06074005756003899,0.39987890494910416
C100689,0.005118367856943088,0.5821861733355166
C100690,0.06358252822642861,0.2508761836701524
C100691,0.08751042317685108,0.2958479532338429
C100692,0.012878386159085271,0.34768154461885853
C100693,0.015700122798448464,0.3753012810500248
C100694,0.019395828948636784,0.14730180527692185
C100695,0.09116252282532379,0.37742753461172135
C100696,0.04931282871965551,0.3255809659314192
C100697,0.018727398597785463,0.4063957497018784
C100698,0.12297011076804759,0.4164286899511872
C100699,0.14561962534565465,0.3600766922205399
C100700,0.13645534365376993,0.26543993766198565
C100701,0.02057676748352344,0.18295844438280173
C100702,0.06235329546875716,0.371522578532086
C100703,0.024286707380643122,0.3202340169203675
C100704,0.030488090056311014,0.21521325505573838
C100705,0.06074752448198978,0.28368556918432947
C100706,0.016217264431420145,0.4442472030531124
C100707,0.05580485662619125,0.5666290476520393
C100708,0.07930703461545582,0.3021811074728976
C100709,0.013524640005024943,0.3674016820322571
C100710,0.028752759199416188,0.33479425657667716
C100711,0.050055379657347396,0.45570698928462183
C100712,0.061238660731532515,0.4209803965397102
C100713,0.020075144182924578,0.469865368472795
C100714,0.05251864409558751,0.5019484628508629
C100715,0.05827212450778496,0.473295222830077
C100716,0.09787970045902523,0.4238950694600049
C100717,0.04076304596627343,0.43244671838542076
C100718,0.0747833100980425,0.30325607173930513
C100719,0.0671670734080333,0.4422102363286195
C100720,0.02436730604317401,0.4442106874008571
C100721,0.010033885942963863,0.25517384289355505
C100722,0.047335773827588766,0.3708401629697211
C100723,0.028789539657445927,0.3244084765785332
C100724,0.06840497420618107,0.32473731303113534
C100725,0.005261556998529727,0.31665021738532
C100726,0.0370507562882198,0.3659613189016391
C100727,0.08869810735558721,0.32164335109261266
C100728,0.03185898210642834,0.3490787796261011
C100729,0.02572754549275076,0.38319335053093945
C100730,0.0095667039034637,0.2693890566463025
C100731,0.02824264725983627,0.26173785703085584
C100732,0.042918440272613295,0.4242276439361694
C100733,0.09243460640087398,0.29687273727717467
C100734,0.022573753568188314,0.4389514245441227
C100735,0.047341904562657716,0.24597797826643059
C100736,0.09028707972140078,0.11783054724489223
C100737,0.06054962618987423,0.3108538721214708
C100738,0.014527123111742772,0.30632018809146916
C100739,0.007995146172730653,0.24172553696820595
C100740,0.004354041048118716,0.4232158763448509
C100741,0.06211257205359974,0.41283650817505024
C100742,0.03837257308249548,0.36753966057846105
C100743,0.013164721304272913,0.42979170256267024
C100744,0.07447704645431784,0.47588264599242774
C100745,0.0652264279140498,0.38807276954892495
C100746,0.04310868878549394,0.1798479331870746
C100747,0.07555195544737131,0.35325671885649146
C100748,0.0494504505406143,0.43790743138139043
C100749,0.01933966319361316,0.492112293299658
C100750,0.05709038608791409,0.3352787758001962
C100751,0.03006908164944517,0.2540440062633593
C100752,0.03484285505952178,0.47799329224661535
C100753,0.11667469574162471,0.49489033467793564
C100754,0.05304334508009398,0.38557115963361743
C100755,0.02613780605733034,0.5026106998147928
C100756,0.041175207873701505,0.31372194619858534
C100757,0.011890607711646375,0.3651106725212738
C100758,0.03203320016386607,0.3054208253647388
C100759,0.05416879883492908,0.4007711467257169
C100760,0.002551032919283378,0.2487933840241617
C100761,0.0706767225212632,0.15772669195023248
C100762,0.026744679944643194,0.37138771212566574
C100763,0.028959789692059704,0.5442577636640367
C100764,0.04896337017027197,0.33803373350297705
C100765,0.07654013016371175,0.419510592509991
C100766,0.14483916159755314,0.3561579624208
C100767,0.03489083199994876,0.2749211848660364
C100768,0.05729726890002743,0.28741326417796204
C100769,0.008860615233870184,0.35484550296664424
C100770,0.007468117983729576,0.43509189852530317
C100771,0.04529514925444832,0.23627247263541723
C100772,0.04310750419729711,0.29405117518603796
C100773,0.026572583581179133,0.41128533461281136
C100774,0.03529855286066643,0.3525718286192525
C100775,0.034550397463448776,0.40460287423152697
C100776,0.03649015419634793,0.531869848736257
C100777,0.04450878772612334,0.39815533480123044
C100778,0.061688980458982176,0.268481721436006
C100779,0.0040446460889528016,0.33524151519137535
C100780,0.04076782879733249,0.4386737315860745
C100781,0.038663577764087055,0.4242526158901839
C100782,0.08927241389022464,0.4213870423103753
C100783,0.0631090320961731,0.5101820485949637
C100784,0.033784123439543054,0.3348403163596285
C100785,0.056018071168332434,0.293363366073937
C100786,0.059097787190809555,0.21582536123166676
C100787,0.06332971579883498,0.5173688107372315
C100788,0.08446452173511398,0.33203960943946154
C100789,0.01549870207339004,0.40865082987944296
C100790,0.07194065383217639,0.3965039905204418
C100791,0.028850513815051104,0.4378689753581281
C100792,0.03454525597928276,0.3734630982955428
C100793,0.05255485267345675,0.38879175671926847
C100794,0.025283044291172938,0.28732954733543375
C100795,0.08802806931395556,0.260768411516433
C100796,0.056894001230927076,0.3377349744530251
C100797,0.12954780278212616,0.33469521175304084
C100798,0.0632301967862813,0.25412993093562813
C100799,0.028998599440359287,0.26402642643597196
C100800,0.045438178145090574,0.34048217621075133
C100801,0.0415661351939378,0.32603438445379646
C100802,0.020465372899226914,0.38036126207242704
C100803,0.05603293700481957,0.3012193090729084
C100804,0.06488851163328115,0.34128478894477043
C100805,0.05805870128689858,0.23305273288454492
C100806,0.11101285134124086,0.439118706285936
C100807,0.059309708043785714,0.3157983271523705
C100808,0.10966860033741598,0.2906094395661377
C100809,0.025041309065885954,0.5029575796483201
C100810,0.05394475257248583,0.142291453047019
C100811,0.020212129216460113,0.40399167609578873
C100812,0.013471158610939959,0.274873596474749
C100813,0.06461452681190046,0.30928499651484037
C100814,0.06990910961414461,0.33597491945553787
C100815,0.049492777784050854,0.31877674668458045
C100816,0.04740246410579497,0.3871478023119724
C100817,0.01736486938089497,0.2605041561210879
C100818,0.04725272884198719,0.275466447362742
C100819,0.05897003482623889,0.4181725081086245
C100820,0.14269671253349836,0.3978364057606799
C100821,0.07821747083678812,0.3042449914091212
C100822,0.014349807928059672,0.24664218441697977
C100823,0.045593232069570416,0.3146938566178295
C100824,0.11215652265751773,0.3666164809156236
C100825,0.03575780944110473,0.30260633018155947
C100826,0.047259984864779905,0.4467905911361789
C100827,0.08240016432850931,0.32667274421280235
C100828,0.0748722429593726,0.4697884508100336
C100829,0.001,0.46792505764758274
C100830,0.02522461036678122,0.5801652195848043
C100831,0.03480017257319618,0.4174344325709225
C100832,0.09339902395092584,0.3620796567417538
C100833,0.030424697270979236,0.3565061785962642
C100834,0.09173616574631255,0.30341861401915626
C100835,0.02444261658449424,0.20733065581301424
C100836,0.00767456987911199,0.36072329883233556
C100837,0.03219963158770523,0.3761341821700153
C100838,0.03535788165243963,0.33917066084786635
C100839,0.1396160335746598,0.31898861112663895
C100840,0.05181745931483277,0.22328708891743856
C100841,0.05313130334940237,0.23147085538797296
C100842,0.033671281222684764,0.4395312938153617
C100843,0.039797675375249864,0.4070146534304072
C100844,0.03598650812060625,0.31368741167869224
C100845,0.03929709278010876,0.41102957641428634
C100846,0.015418952796393076,0.38518675786600615
C100847,0.0652959763807799,0.3598332512559568
C100848,0.03887498925620727,0.3188490670315016
C100849,0.022926897004789674,0.2882940870378361
C100850,0.006217887547264018,0.3103351827012875
C100851,0.022964664839950685,0.5402655582891878
C100852,0.062000624007417765,0.35355582338999814
C100853,0.03800241404096195,0.44434670448275915
C100854,0.047928828652329794,0.23878285495480042
C100855,0.006934808495181271,0.541034866057351
C100856,0.10496034709713842,0.4750569731085891
C100857,0.17543119521948342,0.27526642161877424
C100858,0.01324514840058316,0.29394117053276714
C100859,0.06377210267398485,0.4546964045936104
C100860,0.012067593424915113,0.42079408061487805
C100861,0.03733943878511587,0.370905684398722
C100862,0.07840235118980957,0.38214721460117707
C100863,0.0986799187550417,0.5045527591674721
C100864,0.039438123335052915,0.3421143271294289
C100865,0.050919627386576204,0.28594147120682056
C100866,0.00617541463963156,0.4202616864274735
C100867,0.02138759242141193,0.5375030448600733
C100868,0.07313695081747998,0.16301570232379026
C100869,0.046084928631751856,0.40660033529793194
C100870,0.045009532036669624,0.3077630937576712
C100871,0.08637303138481375,0.35344674690751576
C100872,0.035446193063374064,0.4257086307629395
C100873,0.11716335497532354,0.2995490503816642
C100874,0.10423055661770998,0.29059588719132057
C100875,0.01724162814482934,0.4144921744258332
C100876,0.10681621127436212,0.1
C100877,0.05734877618089183,0.4493503962116316
C100878,0.008806407209890132,0.27751604289099496
C100879,0.11712972682484976,0.33702988936067835
C100880,0.03767977631013065,0.2821313758054394
C100881,0.07733755770534037,0.2821981915692578
C100882,0.06117055397552988,0.17809664859304086
C100883,0.022747160117516044,0.4713231047703577
C100884,0.040103069015026416,0.23080969384102817
C100885,0.04727618702529966,0.5025023448119675
C100886,0.05372800052452287,0.2849497034374297
C100887,0.015130074565011207,0.35962510135541514
C100888,0.18449819361524641,0.4035845666527564
C100889,0.022466497862964212,0.1890727876852044
C100890,0.09589311950835665,0.3122158996178145
C100891,0.15713195600554214,0.3304752386814115
C100892,0.03331366550003729,0.3124830791450993
C100893,0.022077022468248348,0.45703662092945885
C100894,0.0699492155465311,0.33013940437615474
C100895,0.02460810956920863,0.248099672560116
C100896,0.08372656934249695,0.15588337810414649
C100897,0.019165790310791443,0.5976704613015729
C100898,0.015661373624357603,0.40181676436988406
C100899,0.08471645584991301,0.3404545601486235
C100900,0.05010400879399506,0.36159397311247465
C100901,0.032201982534571155,0.40742951804024374
C100902,0.10138244220231535,0.34843882773588086
C100903,0.04367057830724761,0.19328930343028491
C100904,0.08556638371551444,0.4123601035875877
C100905,0.10352548942477308,0.1
C100906,0.0469477693419473,0.35383324900594804
C100907,0.01366292684395282,0.3541512163261861
C100908,0.03304855416682556,0.32385514344464533
C100909,0.06538061741828592,0.38507302813124095
C100910,0.0832841758581486,0.5323723008823473
C100911,0.06409426450581927,0.3935771792175693
C100912,0.031375459832729345,0.34104741021788865
C100913,0.07003427893175841,0.409892989129636
C100914,0.13322497699724395,0.31065680546113283
C100915,0.06958536903025454,0.3043069120140683
C100916,0.05665597583466532,0.40377367515501045
C100917,0.06949196115338155,0.3568558850033263
C100918,0.05802404252338989,0.29363139881038375
C100919,0.009099607080807592,0.17269470086019115
C100920,0.04604675793562167,0.52889171391642
C100921,0.03837102544135618,0.3604853455685974
C100922,0.07109104741043931,0.2835593965131281
C100923,0.09001933714309036,0.30999188838541397
C100924,0.011052484481647364,0.27788662609105697
C100925,0.05440204858401833,0.3121954093109077
C100926,0.07545407219624817,0.43835317328877543
C100927,0.05193354170764678,0.20903021793524382
C100928,0.04690705577145912,0.28719348277331463
C100929,0.04073502273556508,0.3728109509334255
C100930,0.08374602298920793,0.3569999490387056
C100931,0.014566536266033527,0.2693278447724547
C100932,0.029785025085942902,0.1
C100933,0.11407865562447471,0.3104454046038757
C100934,0.029211081674286408,0.4077567382214864
C100935,0.05701507382214133,0.37613765771615637
C100936,0.057794418726853355,0.2936762103518493
C100937,0.060627678159032916,0.4040654553539812
C100938,0.012808474652080102,0.39985552286049636
C100939,0.01856900948148777,0.42543001597458185
C100940,0.02174669063303355,0.5128977792856781
C100941,0.045706217894005745,0.3820536980468178
C100942,0.029437436230759947,0.18877334363561657
C100943,0.01575449702775568,0.2897719838102266
C100944,0.05131239920518989,0.16359854313499722
C100945,0.01643081225575131,0.3566499364670822
C100946,0.011303414571812009,0.31966653244110527
C100947,0.10710932979544106,0.3000913160337063
C100948,0.07253192382173752,0.1
C100949,0.04403554995823046,0.3644756397958264
C100950,0.03827914936967878,0.3453577564811938
C100951,0.08557117295877509,0.18672926575373383
C100952,0.05768742415401113,0.34873144138574463
C100953,0.09587360303446749,0.3872063704536073
C100954,0.06859329242234037,0.36764059919957787
C100955,0.06687096661244035,0.25158258715070764
C100956,0.07652905705199407,0.2026623319025496
C100957,0.07478865660211806,0.30553070996682274
C100958,0.03097779059181756,0.35230875415639856
C100959,0.021881655226256777,0.38511531042506225
C100960,0.14207499460401915,0.391613782800065
C100961,0.014732314048795077,0.31173998988334567
C100962,0.01861358201957409,0.41776144090187434
C100963,0.015832652561610178,0.3033783717387293
C100964,0.059120980817005356,0.2868609119098546
C100965,0.014859360125329384,0.2597823358005052
C100966,0.08862744068450862,0.39919021292002255
C100967,0.013763710058268569,0.4276009883366561
C100968,0.05092456729814339,0.2824982022216005
C100969,0.0472336536819389,0.30260780574063256
C100970,0.03932881943923565,0.26920222922681447
C100971,0.10155236305512631,0.43698373191398543
C100972,0.04965218396268313,0.5267230954365208
C100973,0.0784613650054618,0.23299353930405794
C100974,0.10925278992192657,0.27973783944671904
C100975,0.016142446134654386,0.41613387939388746
C100976,0.014469906358313874,0.4146151346015804
C100977,0.06063260849002433,0.3362317687978448
C100978,0.041266755488903094,0.3849652512116984
C100979,0.019542619631488227,0.2769883684115875
C100980,0.008948255685097094,0.29240254453185666
C100981,0.10814556136658962,0.2099317880914471
C100982,0.05116003260378332,0.3722969044176186
C100983,0.0070457402954393475,0.20765857862001072
C100984,0.014266588328022693,0.4146753382117493
C100985,0.028217465540280675,0.4204718437898985
C100986,0.07381664087372422,0.1321403125447954
C100987,0.037965739719414644,0.415520269369616
C100988,0.10114834222350494,0.4107247312239091
C100989,0.06651571293876156,0.3864335993893792
C100990,0.010947423688458366,0.5387544797983058
C100991,0.02564872383667561,0.3305508282394287
C100992,0.04158548744333967,0.5001103374821394
C100993,0.04003382727294468,0.42382495315467006
C100994,0.11894031445233362,0.46406388899125417
C100995,0.034171542905527826,0.2325117668576676
C100996,0.022044592457266286,0.20196395951460455
C100997,0.057398118000316266,0.4084847900796133
C100998,0.06057368802316879,0.35244049404791256
C100999,0.018643876965120692,0.1634868175575567
C101000,0.017200755525300784,0.14805890790816242
C101001,0.026661809795938875,0.4507351840308889
C101002,0.03853844679269412,0.14908149366616075
C101003,0.0388345944247866,0.3824220989900262
C101004,0.06861142200399936,0.4197073258154821
C101005,0.055051338678542956,0.4123475421797881
C101006,0.0783853720620799,0.39311192079781676
C101007,0.06172896452717877,0.30181204469041484
C101008,0.03881592150604174,0.2458507978941081
C101009,0.09983214619753775,0.22742306142758362
C101010,0.0687091034201779,0.43810334257141237
C101011,0.0166591105826862,0.26415734308633476
C101012,0.05809510591746472,0.3227481479507217
C101013,0.05410195431898062,0.3541574854904728
C101014,0.04118288780259427,0.22011869331563078
C101015,0.09869173296604242,0.39795359174370076
C101016,0.07222549107153788,0.3867664528467065
C101017,0.07030552712328979,0.31828796220751004
C101018,0.07675659072009268,0.3658338886099885
C101019,0.06510623835139935,0.3897029393953107
C101020,0.023238693243101058,0.37836812561889216
C101021,0.081555878308631,0.1564605451165103
C101022,0.0594616523287863,0.49040508714828934
C101023,0.010126412254609097,0.3417467410622221
C101024,0.05311426118520971,0.2758590514805119
C101025,0.16473138428043232,0.33857857943624975
C101026,0.0404815803614878,0.23303950769675671
C101027,0.05430109239998807,0.4244949486124056
C101028,0.03580113183468422,0.43019238673107263
C101029,0.08799520716013487,0.34682866301196374
C101030,0.04518803366364646,0.28930711964241373
C101031,0.03582349201566685,0.3228374745152847
C101032,0.05393013682171787,0.38766329646755193
C101033,0.0353174949046441,0.41089352194734896
C101034,0.10086789033485567,0.38141978267442467
C101035,0.016970155607392384,0.37747176451487496
C101036,0.014652908353871145,0.1809692147971337
C101037,0.029507490760862138,0.16418180360493403
C101038,0.02220869173383963,0.323392959334665
C101039,0.10888494717663678,0.4676578247205853
C101040,0.1060104265530864,0.47689321030235327
C101041,0.05891841299666923,0.37399788415865787
C101042,0.09673631589699518,0.37680980643191253
C101043,0.04497034508201561,0.4362151895040979
C101044,0.06976313413162465,0.15318925017512333
C101045,0.038134877419898884,0.3849068575830324
C101046,0.08199554451503407,0.4636313256151726
C101047,0.08897681271980683,0.2276362942367846
C101048,0.01316466127367327,0.2881130830240262
C101049,0.016462080756060458,0.18365831095961627
C101050,0.008233293195495752,0.13429932609473766
C101051,0.021107806557460602,0.20168369690448218
C101052,0.009027309072798657,0.2605895250981032
C101053,0.04314774372489948,0.5284779316934745
C101054,0.006145854369588431,0.1806848999380051
C101055,0.004792612568604072,0.4054416512688009
C101056,0.04391090695422025,0.3478512577472034
C101057,0.08649244368596587,0.1735897993943778
C101058,0.023354138558747448,0.30626405921815203
C101059,0.007863067300400732,0.3574427658566893
C101060,0.044266591998382954,0.3181451978380841
C101061,0.04480928387458646,0.3179928521915386
C101062,0.08840593262388881,0.29819449618552735
C101063,0.0724962561726311,0.4228442172921101
C101064,0.053223763747354165,0.2008309375683955
C101065,0.054697519777582006,0.3393755623587044
C101066,0.09518840063340064,0.4459656567545494
C101067,0.022194742822236192,0.10403457373830874
C101068,0.2087146137636648,0.35273771534782195
C101069,0.02486302057172856,0.37204555367730197
C101070,0.0417041684069769,0.4297669829415666
C101071,0.02124016912928466,0.47219212602448746
C101072,0.05253239348653499,0.39196881139232154
C101073,0.02241236136900878,0.27988836434641123
C101074,0.07952262925065601,0.352599469562606
C101075,0.033265138169700795,0.3877139910512354
C101076,0.0321052238807889,0.31845163190245107
C101077,0.07986648880654885,0.29460821596185927
C101078,0.05476868711373111,0.4090485932526917
C101079,0.10924162983711216,0.3491363755020069
C101080,0.06216754597518183,0.4822671434465259
C101081,0.02760628509904465,0.3162438496397943
C101082,0.025703735302575133,0.39692889074533666
C101083,0.034978310637191916,0.386518571389374
C101084,0.04803487460166643,0.3597136735674872
C101085,0.006836601901099142,0.3772935915761785
C101086,0.07354331309123942,0.37610636265691494
C101087,0.08018715887068448,0.292613630283554
C101088,0.05076915455693165,0.3112890360099732
C101089,0.021348308600973198,0.4523574164193954
C101090,0.03685630358625067,0.24908653283350496
C101091,0.00863578095216918,0.26385247224406505
C101092,0.0982869567870622,0.23577360291858396
C101093,0.027984131070105552,0.2892114454403545
C101094,0.040519623371055816,0.3231257127961062
C101095,0.023322890717570575,0.2888287802573665
C101096,0.08194840534529757,0.20235174393333988
C101097,0.14542312984068761,0.3630922652046749
C101098,0.05068593995349828,0.4220367500316434
C101099,0.0675493963570298,0.1
C101100,0.0468891280436101,0.3563899013189011
C101101,0.09437320596452776,0.3905107896384147
C101102,0.034174652939040734,0.1408947600370523
C101103,0.051094232434957934,0.32003042619175337
C101104,0.07181666666756666,0.18925637902537823
C101105,0.039088195000526814,0.41735519359072415
C101106,0.03435912827617024,0.3866529410321001
C101107,0.006026884312871607,0.3884022355017407
C101108,0.06253632282830648,0.24093075647809925
C101109,0.051442394080036785,0.30137785723247545
C101110,0.029361278012294215,0.3367277165943804
C101111,0.08687508113348723,0.381282559500425
C101112,0.023711682937159306,0.375746553921197
C101113,0.013046853007556732,0.43920837038264876
C101114,0.05527392062508934,0.23105490008302096
C101115,0.033377563373174504,0.38913397861160176
C101116,0.08281594132884494,0.3777409720555455
C101117,0.03696359986046706,0.2544387447482832
C101118,0.04292274974399291,0.3406198073953483
C101119,0.03557720577151506,0.38364363037604493
C101120,0.04848512731874178,0.5002444637108081
C101121,0.07740869750117005,0.45850810145426063
C101122,0.04708733163831853,0.4496501953630981
C101123,0.039364750172210916,0.34376128627173297
C101124,0.05555559380256416,0.47982909284259756
C101125,0.0235420839263691,0.33696847859740736
C101126,0.04111612232172177,0.14506937248461518
C101127,0.06099385313535565,0.2916120446522804
C101128,0.05185086455194518,0.3230155028164869
C101129,0.016158862964669115,0.3847165185442207
C101130,0.010965743539005096,0.3190704035024946
C101131,0.020929023258690796,0.4902899943980883
C101132,0.03344112277002931,0.2765136348105611
C101133,0.07126349472732209,0.21807468964416596
C101134,0.039612257692024914,0.46722147963237926
C101135,0.10134463288565139,0.4545083644700273
C101136,0.026303173769618386,0.36033577407452994
C101137,0.02871739164545052,0.2457934229916625
C101138,0.05137926696226857,0.3061043653233907
C101139,0.02852511148554574,0.3171820294832644
C101140,0.010872829653345734,0.4124729816194273
C101141,0.05283896425633154,0.35910961674555625
C101142,0.1059812029182394,0.4114956554058178
C101143,0.008947376192837257,0.1808617187126963
C101144,0.11039570029786948,0.2804487274463499
C101145,0.0657004972823749,0.3362176808598741
C101146,0.0530986821308689,0.29036330640129837
C101147,0.0556412756884247,0.3629264791820031
C101148,0.021772831354015178,0.3233649832250171
C101149,0.03219235357357223,0.29066764098935155
C101150,0.047583755943609286,0.6181235264854708
C101151,0.0969963087114127,0.3312242311652875
C101152,0.03128089460751458,0.43065304359970796
C101153,0.05989318472451847,0.4029763328875339
C101154,0.01144667625791618,0.33477269776428653
C101155,0.06477299108557831,0.26470598829366004
C101156,0.034854088610688116,0.19526719447207744
C101157,0.013044743470513508,0.36948325240553714
C101158,0.05857886639331424,0.2611563331063847
C101159,0.09739166044865415,0.3976762350577832
C101160,0.04570062913781251,0.19490110539437075
C101161,0.0814997989176419,0.4078805155279071
C101162,0.03430732780739618,0.4707586879509023
C101163,0.024465497651424025,0.33058225006839553
C101164,0.02207597358309083,0.3819954963300837
C101165,0.0210223944688967,0.3570680540810061
C101166,0.03905152753120525,0.5430117942858672
C101167,0.03312946256546013,0.25775626221170433
C101168,0.06287728085647451,0.3807103823483147
C101169,0.11807729399689952,0.3876670539939318
C101170,0.056779749199480825,0.36577855649794794
C101171,0.03470348218548737,0.27160331468944265
C101172,0.05252890450307429,0.42462752226754663
C101173,0.01038000933983358,0.6014357118821912
C101174,0.04345132124454372,0.3658360927576896
C101175,0.07660323047662551,0.3656813351984128
C101176,0.035151712750083074,0.2513027915702669
C101177,0.02729758500190364,0.37502119843959314
C101178,0.030287046966438306,0.3900583826979685
C101179,0.09053477970171063,0.396698683783733
C101180,0.10349632520189107,0.3816443446408305
C101181,0.03829097521496939,0.3587265372556937
C101182,0.14267870903816857,0.3006377415657547
C101183,0.0682640486029349,0.248881884521217
C101184,0.0703062054126526,0.37997629382450016
C101185,0.06520833119437751,0.2427766308233068
C101186,0.03665436294943548,0.2621195460894483
C101187,0.031201249914388735,0.44513812039857714
C101188,0.025299140440282693,0.41573855324917336
C101189,0.06324661327366768,0.4456541786966487
C101190,0.05911559430644326,0.31398975638173016
C101191,0.00689336717747193,0.6044656440661413
C101192,0.03417007064320697,0.40284822942315546
C101193,0.02511927338021872,0.41863787736375585
C101194,0.04108151304310812,0.3243289260422775
C101195,0.052544531324542364,0.3084709152963152
C101196,0.004951265835858908,0.346098900250779
C101197,0.046336387717033155,0.12876415375078293
C101198,0.012315609940094339,0.31282613378406715
C101199,0.0689414479595731,0.2610094600365514
C101200,0.03584836861807702,0.3451611430447659
C101201,0.10801581515787972,0.29291706414214336
C101202,0.10069865158599114,0.25833732917250873
C101203,0.10250148597153294,0.36517067812840537
C101204,0.03649610530036396,0.13202199680512133
C101205,0.029937837351080757,0.2548236462135354
C101206,0.05727731630022509,0.3378377397039656
C101207,0.10777261658359485,0.40419462209766777
C101208,0.036667573721003814,0.3525232193062804
C101209,0.07953354467560941,0.6206329094542102
C101210,0.05378017140359142,0.30128694142373413
C101211,0.014935042020891975,0.4728286819825667
C101212,0.016050918964583553,0.21711702905017974
C101213,0.034913481298772565,0.3535818289829108
C101214,0.036624153678215574,0.4673703206345684
C101215,0.04299253550155331,0.2055845106883071
C101216,0.078857279531722,0.19266829001456928
C101217,0.019305687274522053,0.377804619006572
C101218,0.02511126189259988,0.24652467400496492
C101219,0.037357945307163284,0.300122563873115
C101220,0.05479738484355166,0.3465312407194075
C101221,0.019352680427162226,0.36049183482976577
C101222,0.039291856728957776,0.5344038599223802
C101223,0.04791331407280313,0.3936775972388343
C101224,0.04786736300391651,0.16016005601966107
C101225,0.06339945794245011,0.25532480387399104
C101226,0.02388861029797923,0.40635213248867663
C101227,0.009395297884466696,0.2254185477200231
C101228,0.0275563516509227,0.3998559731901125
C101229,0.06135840704182428,0.29861025315083395
C101230,0.036632620147975414,0.20409418708125554
C101231,0.060077277750402475,0.4412345728647753
C101232,0.006045303916429478,0.3635753212114423
C101233,0.05071283297065931,0.2994524657672956
C101234,0.049098019087487205,0.24048877730896556
C101235,0.01476683161202169,0.3525224143692481
C101236,0.10111094491742988,0.28516410035129963
C101237,0.0628512881487166,0.28564174418490845
C101238,0.036622994763103836,0.3820549829803884
C101239,0.008648916011290234,0.2584064948464494
C101240,0.09529883286292525,0.369380781005166
C101241,0.02938536168099927,0.44617651453809826
C101242,0.0011924884336850553,0.34829317744919214
C101243,0.08079984193812664,0.4142164075808002
C101244,0.024700663881520764,0.1640590019319211
C101245,0.044585875552925494,0.2645668818927275
C101246,0.04104099685095972,0.38194307876772005
C101247,0.02118827086501127,0.6065434698288633
C101248,0.015472651378436529,0.3220101767329665
C101249,0.03442042855297839,0.4944887389919878
C101250,0.034590688004188234,0.22708146681757452
C101251,0.04096865002625175,0.41043998325549474
C101252,0.07304105301485933,0.2603210422835561
C101253,0.036034475445430966,0.2580072977434781
C101254,0.007917700411858313,0.401985258180228
C101255,0.07832180227303359,0.24316790112294562
C101256,0.09820863235455746,0.47402199759687863
C101257,0.11417684909302521,0.2258586848261797
C101258,0.033254010424696334,0.11769849853225345
C101259,0.015495823826249632,0.3125751969692353
C101260,0.038313052902752526,0.3691368556924853
C101261,0.09431573335961489,0.3412456943462737
C101262,0.006367783503602341,0.3819203163798934
C101263,0.04605773049684601,0.3017885535491423
C101264,0.022825936267650435,0.4764229855615356
C101265,0.01160950237434136,0.41209680412707156
C101266,0.09120009560282219,0.3707599107341436
C101267,0.016758414709147976,0.34233475674724473
C101268,0.05559265640372907,0.4029304586650724
C101269,0.017069007728757447,0.37487761632935046
C101270,0.04694152587736761,0.25696535557752664
C101271,0.02678025174375367,0.3337041627469368
C101272,0.024144731725255414,0.33573708363568755
C101273,0.07252773498065049,0.4474835886523541
C101274,0.023996119429217703,0.22643436461957578
C101275,0.04829504777302202,0.3225442406351247
C101276,0.1230226944982498,0.4182938959458766
C101277,0.028392187475963122,0.3439795084380402
C101278,0.003823997660722179,0.24516715248382756
C101279,0.045784125083587195,0.3514726780262349
C101280,0.0486271762337787,0.3891295396569385
C101281,0.06445554908179645,0.4127402755607127
C101282,0.09775977642864239,0.3805194957162378
C101283,0.044546615665607664,0.5230236709857065
C101284,0.20437624084470235,0.15342849819680487
C101285,0.15208675514301367,0.34379771199262354
C101286,0.017489649668130287,0.4744686826826889
C101287,0.05776819115021593,0.31867387402331787
C101288,0.04449486265262455,0.2719187521331163
C101289,0.07079057555053797,0.2383035551410671
C101290,0.12477503928572091,0.22906517732303888
C101291,0.019479390975616805,0.32585850454042503
C101292,0.03849315793098656,0.2726343319196829
C101293,0.07604147692811754,0.34266510878921236
C101294,0.001,0.540905488923298
C101295,0.05201174629972517,0.4015370219354101
C101296,0.08007672452252988,0.39781986109617434
C101297,0.021155200711904135,0.30105962544401943
C101298,0.007860242861500737,0.44023670558839617
C101299,0.02462140911274208,0.19044503063686438
C101300,0.04930352795901059,0.30836861221023576
C101301,0.03848231838666712,0.2782126915477848
C101302,0.02131994503505081,0.34071442090362347
C101303,0.016038331245329426,0.2604658714429292
C101304,0.05996126790129979,0.3267002260092097
C101305,0.047243346555574536,0.5234519224169765
C101306,0.09073700664024215,0.44723713614037647
C101307,0.03059338353482306,0.2855184186259264
C101308,0.0799793291073438,0.24298916826439598
C101309,0.06600946647966413,0.3857377372183543
C101310,0.014144390690536258,0.41907456358707773
C101311,0.07418336128320187,0.5189138622494731
C101312,0.143564535649473,0.4801263027926277
C101313,0.04167260044777336,0.42432029678945493
C101314,0.041901972026382135,0.3180970623255055
C101315,0.03481231521982248,0.23209592714252092
C101316,0.08103203284990594,0.29697367536646807
C101317,0.013298368697337595,0.5465030370805736
C101318,0.053619168933382505,0.22914007506847084
C101319,0.026240042254029573,0.2851289799965989
C101320,0.0443886125432981,0.29145888785678326
C101321,0.0826681386642711,0.43599145167563014
C101322,0.031118017962956792,0.3633040115238276
C101323,0.06439072001567486,0.3442903705379124
C101324,0.07012493709389422,0.3608283215366689
C101325,0.02889595985203493,0.3532591062644755
C101326,0.06466277965936482,0.5791965221691266
C101327,0.028700672462683978,0.3556898526136492
C101328,0.028219003440254905,0.4136863947746554
C101329,0.024981297392721452,0.21227610161852267
C101330,0.0632548188409478,0.45970794799533976
C101331,0.06287909564240707,0.32964904924111116
C101332,0.09062709429166588,0.2762070236820453
C101333,0.017606593841211396,0.19517901418806458
C101334,0.054006092967772534,0.2675141779521347
C101335,0.07422192273715392,0.3899627934310306
C101336,0.015572075724589796,0.3084517952998943
C101337,0.02753828661671262,0.30066080551379587
C101338,0.003292922577232443,0.41002948631827185
C101339,0.032618305530255236,0.3331703871145689
C101340,0.03107565921455239,0.2879796984141222
C101341,0.022666748197019457,0.3086847950118856
C101342,0.027455439238940036,0.432273504149082
C101343,0.02154446565401344,0.1496176809768196
C101344,0.02906544203325819,0.39425909201179354
C101345,0.06543926624177125,0.23805378852630038
C101346,0.034134102022896164,0.33980150736853126
C101347,0.03246287098180158,0.27534140272883423
C101348,0.11814026737392705,0.1
C101349,0.019366005933303912,0.25571907469773936
C101350,0.03485468490564926,0.44958513861512167
C101351,0.027802623597231402,0.38996549859661755
C101352,0.00830690618670428,0.4088086824782554
C101353,0.06492923522557122,0.1
C101354,0.08711826369161815,0.5580588208313819
C101355,0.07650655021874939,0.49518400178084077
C101356,0.021351398109471464,0.439491444603121
C101357,0.041240713834071546,0.3313041496985354
C101358,0.05757270325214549,0.1
C101359,0.08369736855981452,0.2522685431470142
C101360,0.07849283667263791,0.39504349412421813
C101361,0.11844183914499044,0.396527505858596
C101362,0.1354950767039079,0.4737033297355949
C101363,0.02985981144542165,0.3684404351860994
C101364,0.04141791435980098,0.5076480447247994
C101365,0.15450353986312249,0.3437097205667188
C101366,0.12235842253330573,0.355235007389024
C101367,0.04313534681978306,0.38292918472311366
C101368,0.03356151955234635,0.18544776214602146
C101369,0.025734917061763334,0.3467535136021945
C101370,0.023897655530301782,0.3749035864685015
C101371,0.0998237511101634,0.35717422761170026
C101372,0.007909532996247422,0.37880286834609106
C101373,0.0378306789640694,0.29385006590644164
C101374,0.015489982045251274,0.48931350499190057
C101375,0.007820480120208615,0.3228394792407024
C101376,0.04652372754670488,0.3829076091408129
C101377,0.07703329071267642,0.15350990032720047
C101378,0.044957160264745596,0.22287303352000368
C101379,0.04342480599256465,0.3980322049143233
C101380,0.08515489548077318,0.4872245387961607
C101381,0.06034192349498025,0.37905067880215043
C101382,0.06325608497292506,0.2998400511983081
C101383,0.020673827410134,0.308848016801088
C101384,0.14053070390795913,0.46720532844359536
C101385,0.03440336728028422,0.4515505485470041
C101386,0.031139575534639353,0.5394296233302477
C101387,0.045376982494045814,0.38886851951857315
C101388,0.10486626857054972,0.2862383533629206
C101389,0.08992684620950388,0.4656012320048605
C101390,0.0527843758354998,0.248157038223143
C101391,0.036972242009063384,0.2304986569843428
C101392,0.08277848044558604,0.29229199191998656
C101393,0.17711670956784056,0.48783125681774264
C101394,0.07524546954107832,0.5269466302186262
C101395,0.04804731580830685,0.2430705904822708
C101396,0.0072482016127907575,0.3637270170920402
C101397,0.01874408834473212,0.4725868192547388
C101398,0.13618002210227836,0.3590186441528919
C101399,0.012790312296146678,0.31725144727589955
C101400,0.03297908405997528,0.43770666376504286
C101401,0.09736022879396099,0.42041271627069693
C101402,0.014973027694641304,0.3554808823572305
C101403,0.03026391524456945,0.30146087161723933
C101404,0.015479710120735632,0.3637804749700959
C101405,0.041593578968282544,0.3456341229198323
C101406,0.008605909824480671,0.2909456060624315
C101407,0.04991953949784729,0.47249390281655934
C101408,0.016059427353312866,0.37666007459996376
C101409,0.017233828395154843,0.3238570618494819
C101410,0.04666999526598157,0.4646897812789027
C101411,0.094346377199738,0.4419843515125535
C101412,0.08410287628383718,0.27742397901718785
C101413,0.023663049232252292,0.3531224330395612
C101414,0.10779470123432106,0.15252855716244573
C101415,0.012171020680609662,0.1475615555164109
C101416,0.016947630954788975,0.3583850094305571
C101417,0.1314701273047859,0.3948582451106606
C101418,0.013248983409725568,0.3118930004015297
C101419,0.05287621779399064,0.395054388765922
C101420,0.028282796627769,0.14920310574132328
C101421,0.0916375725461765,0.4702497922773067
C101422,0.10277165754681099,0.3613540926840848
C101423,0.025183750848720435,0.45014638575727844
C101424,0.05695321790582396,0.3428266112369925
C101425,0.021470243434208752,0.38283395433630324
C101426,0.023901134544410174,0.377820024566338
C101427,0.02314915212579642,0.38323539018825664
C101428,0.02045243137302476,0.3496829876655354
C101429,0.09964420646338176,0.40948365877886006
C101430,0.012720222302886048,0.27542231648659093
C101431,0.01184919195168791,0.3668559147307912
C101432,0.018954052461027174,0.35481298421545926
C101433,0.012573727044365528,0.4586925394989447
C101434,0.042781943528485675,0.4137078959391965
C101435,0.01869830545392912,0.3126013017081226
C101436,0.034026434873836,0.36234821994136807
C101437,0.07636856859885784,0.34525163103933565
C101438,0.0753599670967833,0.332989833738642
C101439,0.03705209759472012,0.3068326434272394
C101440,0.09367607859762297,0.41114976432037054
C101441,0.09816587637270223,0.28225108238747854
C101442,0.04796299799063755,0.3880178081842839
C101443,0.006856259261161043,0.5064007192225177
C101444,0.024578682926888838,0.25548363238772925
C101445,0.13588457106048557,0.4059180153720138
C101446,0.06928052533423552,0.4141307482815321
C101447,0.03219114906067162,0.5185574362215094
C101448,0.05954129313893381,0.31178524727331497
C101449,0.013978992507982653,0.5208484091536096
C101450,0.0355006221636892,0.23698524596067222
C101451,0.08416757932426953,0.18472942807239645
C101452,0.08235209209777908,0.3875029239065718
C101453,0.06954003917218901,0.30830997739562943
C101454,0.06804526253189144,0.37107856483048374
C101455,0.020086044837159717,0.45907354012833995
C101456,0.01886057852550986,0.40415226265642695
C101457,0.03537977624170213,0.4176793015115793
C101458,0.03031755603339313,0.31376680176209354
C101459,0.05913719816468745,0.32420810549101353
C101460,0.04514074888825055,0.22423643124615286
C101461,0.10494511524132052,0.1796138555128044
C101462,0.05019524085878234,0.31767770915306087
C101463,0.02089810835016603,0.13035527566228314
C101464,0.040252258541466024,0.36027110937909335
C101465,0.007660778893719099,0.3138828628228363
C101466,0.021003925073417223,0.4248048960332896
C101467,0.07761927056550333,0.20465001712641803
C101468,0.03204051642369219,0.2905760726679258
C101469,0.03618169981729858,0.3642235431160651
C101470,0.15601335676034406,0.2505934074520153
C101471,0.040471359892305374,0.44203896106538476
C101472,0.05073153330429735,0.2654053230667505
C101473,0.029331707630650714,0.3782506648947045
C101474,0.03182441972266712,0.3003051719740336
C101475,0.027282054545231145,0.38900533146998517
C101476,0.021229622763628525,0.3881685886647949
C101477,0.03470702434762611,0.3591641618869433
C101478,0.007114105058367946,0.3210055471956086
C101479,0.002284915057842796,0.371334361052596
C101480,0.021523697255601708,0.1461331824282387
C101481,0.0341230914154491,0.5930025033423716
C101482,0.0669009722584242,0.40293831853612805
C101483,0.032517449784944044,0.25779439353089095
C101484,0.08580740517167758,0.2232340984073612
C101485,0.03608405309405511,0.48443190877432624
C101486,0.05303196790166679,0.26159247484679904
C101487,0.08905743216228679,0.41805892178882353
C101488,0.04506549891689014,0.35172422347894056
C101489,0.056134990396081254,0.37813171695176884
C101490,0.049636908963665904,0.4792826908466421
C101491,0.04780631291617479,0.3852865955180824
C101492,0.10342233593707578,0.4318330727998415
C101493,0.08824419350172621,0.5651299695074179
C101494,0.0498731585066695,0.36988340211759363
C101495,0.051034575636794206,0.41872301334624046
C101496,0.045496806691652174,0.22004012806533313
C101497,0.048126261986244125,0.2534539386507237
C101498,0.031589120473815485,0.4863191378927683
C101499,0.0460699669885745,0.47227431793684466
C101500,0.06303247254092921,0.33280141251401
C101501,0.026299251498678428,0.3243152625775489
C101502,0.055669832917134544,0.20229247004247386
C101503,0.0036552754977400384,0.37123969478874697
C101504,0.02782848110216229,0.4229830279843251
C101505,0.0951595989480051,0.42119017574274137
C101506,0.17048588432631753,0.19975485919708227
C101507,0.06079970596417394,0.27735170105716633
C101508,0.08336573231750859,0.525707923778354
C101509,0.08260543961714861,0.2278895306160241
C101510,0.05165890188515535,0.2956717081059178
C101511,0.027661894959236925,0.26527891273140547
C101512,0.07874131342109794,0.3690958777624992
C101513,0.016145486440189587,0.4076718460110754
C101514,0.08236781347132932,0.45727467625238727
C101515,0.013101394892145716,0.3490848169499167
C101516,0.07867947968135969,0.35222718356338634
C101517,0.08341810313453028,0.41364149350458757
C101518,0.028916781889877688,0.3349995483306539
C101519,0.03834258250115341,0.4447608548663486
C101520,0.02320821823443166,0.3319021198535329
C101521,0.036507852855193784,0.3334970829366358
C101522,0.0609387008661201,0.5169501080755252
C101523,0.04709148816547987,0.30894498197840237
C101524,0.0257691421372477,0.24459027406411477
C101525,0.0723148392780827,0.515348014395599
C101526,0.057980941701019154,0.33319397888599694
C101527,0.024942675858224104,0.2822111144493075
C101528,0.045235611119619025,0.44356013764709284
C101529,0.02278800791639548,0.25754001373286395
C101530,0.052512386819186144,0.4066417707486956
C101531,0.05404106081964855,0.3279241735584797
C101532,0.09108027797941798,0.37009035476176977
C101533,0.051723550824929465,0.3838044326476379
C101534,0.03872186885695563,0.3892018158794638
C101535,0.03975736669598018,0.1900740214706967
C101536,0.18362534020225138,0.5423352294010959
C101537,0.06387422929471577,0.2785722136624146
C101538,0.00593306319997461,0.32761334505254547
C101539,0.01805050115320003,0.26384333932657644
C101540,0.01558518325703992,0.47635124445929383
C101541,0.06363529428657787,0.38677991251370464
C101542,0.020446174047983826,0.4530024328452768
C101543,0.06615834231315254,0.25865437237233835
C101544,0.07209274593168694,0.4159019008264436
C101545,0.08126361006942263,0.2610209779332341
C101546,0.012150701045363078,0.33637328456899224
C101547,0.04725258926741757,0.3733583109814043
C101548,0.043531437079089026,0.4943470184662998
C101549,0.0502621637476467,0.3139519807120893
C101550,0.1089664109297458,0.31402080852792263
C101551,0.019393428927770923,0.44500443252582106
C101552,0.03555002233243264,0.42602547511417493
C101553,0.05575264043235256,0.44585732197987904
C101554,0.03532573654306483,0.4147419533315562
C101555,0.057981304694340804,0.38633992024715624
C101556,0.05271364767135637,0.3611267332139168
C101557,0.02467366391679862,0.5027371521663859
C101558,0.044728667620819854,0.1339839525884203
C101559,0.05521947525741847,0.41860581207690867
C101560,0.02431592070888862,0.3329920003881537
C101561,0.07915519313748078,0.29437384948687884
C101562,0.05584623133090638,0.2731473491095418
C101563,0.06320217100799438,0.16728947684559514
C101564,0.0339692080360462,0.16071422998645535
C101565,0.10930853313320692,0.37332786157785347
C101566,0.0668203183168523,0.29249827791624217
C101567,0.06307073887881826,0.3049428259397417
C101568,0.05124319830159873,0.3586134336514294
C101569,0.05910611230325972,0.5443055017972527
C101570,0.060464545052944574,0.2298935065478571
C101571,0.01665989329056898,0.4300703084417438
C101572,0.018653218399704418,0.33141727513223557
C101573,0.012094099482064278,0.35864419927605856
C101574,0.04483331501630225,0.19752786182486273
C101575,0.026503195991847004,0.2803348648429848
C101576,0.09212966236957325,0.28736993714113385
C101577,0.04606865044542304,0.348016838325127
C101578,0.002167006021098685,0.29962064107083497
C101579,0.006599690953387492,0.17301316887810397
C101580,0.028301890813434594,0.34728860095466624
C101581,0.026737496910177534,0.25915405655676793
C101582,0.04309199254296279,0.3755174239309756
C101583,0.07010506128800664,0.3330104785694112
C101584,0.058708486159196244,0.3163581453985341
C101585,0.08501395889166524,0.4623220772203089
C101586,0.07448396797738088,0.25882493887985775
C101587,0.026942656301342367,0.5486094980653801
C101588,0.007145681127178386,0.2907669441467792
C101589,0.1297836568467013,0.5265293987515227
C101590,0.11286992092639156,0.3339926876149259
C101591,0.04188616036597182,0.4616907159782748
C101592,0.06461094052764248,0.19537046012587786
C101593,0.15323561355445667,0.25136572201160856
C101594,0.10454614871674472,0.3138327753544707
C101595,0.029650044749607522,0.17276427507325426
C101596,0.028328562540958578,0.184764813785557
C101597,0.032452783529677114,0.33427366769625766
C101598,0.043906084009980695,0.466914319593934
C101599,0.0250358630714109,0.2764854973207541
C101600,0.045825894143569905,0.455544149243002
C101601,0.04883072625017973,0.28604447908231323
C101602,0.05191362682430366,0.19088783538117846
C101603,0.05189534195274205,0.300147135550118
C101604,0.04021238932327019,0.37928245932086546
C101605,0.06953924999595874,0.2774819319875477
C101606,0.005884448730756184,0.3624594158738595
C101607,0.014081084853426015,0.3004102064856022
C101608,0.08102739219863828,0.5285062860189663
C101609,0.04703091508659309,0.28291632566503866
C101610,0.013376668667667575,0.33199975446877383
C101611,0.08160247093349214,0.41119030730803185
C101612,0.05701266737665744,0.12690311465431725
C101613,0.054059849135838944,0.2297193268416418
C101614,0.020690185109834797,0.2962120586202729
C101615,0.07582780564403716,0.3326111070942951
C101616,0.03348314151754661,0.3876438147462925
C101617,0.024263675695878482,0.4872854948959727
C101618,0.03710018271435555,0.33938060403402615
C101619,0.02630124475015374,0.4620065531771784
C101620,0.12834926981241837,0.17026284678812356
C101621,0.06890809830447936,0.39310922689422484
C101622,0.031619924434853765,0.4493223757628752
C101623,0.03486937125085944,0.3260150364848756
C101624,0.023974987172171138,0.3265133432351223
C101625,0.007820891230013638,0.29139542584362293
C101626,0.0738894512671183,0.36600680651813794
C101627,0.034101627250146566,0.38499001891792395
C101628,0.053863125698007365,0.3787311163862695
C101629,0.03791663660417938,0.42017544191268275
C101630,0.03234371724906546,0.38060073348112483
C101631,0.046543544627789174,0.21372550561837345
C101632,0.0396705868200869,0.20373810075740167
C101633,0.031773851615486425,0.2881465592825353
C101634,0.02359424260329932,0.42689521376663475
C101635,0.03031467638675437,0.2474747600023681
C101636,0.09910552429144068,0.33921683067334063
C101637,0.024979919999893376,0.43514507030177213
C101638,0.033591167854314534,0.5014781404785393
C101639,0.030913828408092002,0.3892105355047003
C101640,0.04906246996376923,0.25070864158651385
C101641,0.01887283944013846,0.345972072855228
C101642,0.04924894850363988,0.22238854963324287
C101643,0.03415680894724336,0.4016762465353378
C101644,0.055089018970359685,0.3627327771304034
C101645,0.04689980764090688,0.3740044721932036
C101646,0.026622240728461692,0.4715842111575814
C101647,0.0705978857356997,0.2739259746428385
C101648,0.010933264798738683,0.3984441417272766
C101649,0.010134844537235267,0.3436483241365056
C101650,0.017671089545147966,0.3445202578164795
C101651,0.012679194453361037,0.11587620025830159
C101652,0.06068802611362286,0.37636324857724496
C101653,0.036855460618562694,0.4496850910037191
C101654,0.08132540718531012,0.3090674733282469
C101655,0.10331984903778009,0.47166553993158883
C101656,0.016203345250143886,0.16785403718052
C101657,0.0640907135720642,0.39110490889043986
C101658,0.033197344543903835,0.6000001969826816
C101659,0.06954260892528773,0.40921124631064065
C101660,0.04516762992436914,0.3068537123835926
C101661,0.04940045094818481,0.4739450727464141
C101662,0.05936530757654661,0.3591956731553459
C101663,0.09466774450155302,0.3474466983574702
C101664,0.10719683827367399,0.4349270828019815
C101665,0.02979595045027719,0.40897201748248824
C101666,0.07815197720576025,0.2073493376344668
C101667,0.05709193556730514,0.3874094472032882
C101668,0.009405416094965511,0.34352534631475184
C101669,0.03589295240590102,0.2913667652035351
C101670,0.05306831217402843,0.40745658553078085
C101671,0.04886523371321625,0.39463653535257526
C101672,0.03708316790292254,0.48761385214859176
C101673,0.15980421410930518,0.22267955319457644
C101674,0.04540386335143435,0.23273523925744782
C101675,0.06350165186285206,0.4286445576872102
C101676,0.03917347915130616,0.16133852815759378
C101677,0.05405359318960518,0.5051664019707841
C101678,0.02390112802991154,0.27510087285127977
C101679,0.01427199867687082,0.35269520966940016
C101680,0.03909095022630484,0.5480671036107144
C101681,0.04726161141075366,0.17193470548691114
C101682,0.0429988501922154,0.3164146437525768
C101683,0.054038982034829444,0.4974089652291467
C101684,0.07528373722712524,0.3269530749119198
C101685,0.056711130562231336,0.35974544018235816
C101686,0.061230496091839046,0.24409006866666538
C101687,0.08110330691891597,0.48527490454502564
C101688,0.036428914681649265,0.30743041370172086
C101689,0.046839490793440484,0.30796582122573257
C101690,0.01910441936262397,0.3835677663865439
C101691,0.029143041963511144,0.19870094919272022
C101692,0.0524075253566653,0.47012953016370934
C101693,0.10204326681886879,0.3898365033295335
C101694,0.03699297352681874,0.4024095788146341
C101695,0.04532159044401309,0.4197998583251723
C101696,0.030993431272861263,0.2143845761986316
C101697,0.03477682184924483,0.22997163739136406
C101698,0.024648494342925792,0.29218298840895773
C101699,0.15806502586244092,0.33169031265866855
C101700,0.03470032108528128,0.5261823831340535
C101701,0.03535598783046306,0.3349352331524754
C101702,0.11279809010041102,0.20521603979828143
C101703,0.05936259384914699,0.41531797809602433
C101704,0.03144878257745242,0.4108152639491634
C101705,0.08523823669435675,0.4910446939024331
C101706,0.02738109743977969,0.36489320048074236
C101707,0.011024100306993363,0.31814866027968625
C101708,0.030144047266716944,0.42002763657348335
C101709,0.03635969038511772,0.29667122419124103
C101710,0.037776387898162254,0.28404415568410024
C101711,0.025390676783445153,0.16229928191227475
C101712,0.011141133347782373,0.37308574548221674
C101713,0.03181172850894847,0.2931613690452071
C101714,0.034648358710823425,0.4878846611335979
C101715,0.02851529017015465,0.3634095636900022
C101716,0.06823916178576495,0.4349530280488598
C101717,0.04871887803761146,0.5090549958240352
C101718,0.03229958629206058,0.33318894239642866
C101719,0.04506082908011931,0.3186576201693999
C101720,0.030224844277687467,0.4836370755219608
C101721,0.04055092960774694,0.19123966016172336
C101722,0.02326189725637599,0.4822678559805149
C101723,0.021637993386474267,0.4248239894459016
C101724,0.07417609853268166,0.3728597298466958
C101725,0.03691110240887979,0.44210123729567186
C101726,0.05918115316636779,0.3233369264804838
C101727,0.02918328269400469,0.3870565180870327
C101728,0.04211142368704055,0.35817893848972676
C101729,0.04215853055430867,0.38017812308106064
C101730,0.02959035244856154,0.3253935924688645
C101731,0.11268436096097102,0.4185581626203376
C101732,0.09906516083177946,0.5243642216878002
C101733,0.010284876480736336,0.3245832031469505
C101734,0.07500887233287515,0.28693956250435004
C101735,0.10426404258187673,0.4385117626859151
C101736,0.015335959879786493,0.33538043581853133
C101737,0.027184897277817244,0.20134960201109314
C101738,0.07480743881505852,0.49809771242690604
C101739,0.17773304864494813,0.3395935932804002
C101740,0.06782328559864595,0.25570389014305384
C101741,0.009942348791223382,0.4085570659454188
C101742,0.030503246644827196,0.23790885056070205
C101743,0.06703350654811174,0.29744211821117456
C101744,0.04853301788763434,0.46675688018189626
C101745,0.04451040597618996,0.5530345645090383
C101746,0.01603623481643586,0.143536411852245
C101747,0.03857158435739813,0.2307535767277144
C101748,0.019704292299211102,0.41913938407931955
C101749,0.025354638643378707,0.3415836489713947
C101750,0.05172715740466449,0.41009685587276695
C101751,0.04836316279295171,0.3851309294820613
C101752,0.015534133427285095,0.3096515232265095
C101753,0.055540259927622244,0.27475545593282624
C101754,0.025846214421760487,0.27998505488113656
C101755,0.04796930101314749,0.32766826533652527
C101756,0.06241194422533015,0.34980450415844916
C101757,0.04509891947634562,0.4536809642081376
C101758,0.007141354664698358,0.4376961880846087
C101759,0.06665484078343166,0.4043446895988379
C101760,0.019951663964264277,0.34062213768780225
C101761,0.04384474387887348,0.4282317335947996
C101762,0.00881577109928953,0.3880028546452632
C101763,0.009559185711155459,0.40491438796069235
C101764,0.05531368919161448,0.4089506452348767
C101765,0.06711967344095283,0.14533596766602278
C101766,0.030187229819613408,0.2866420597765234
C101767,0.03931632764129015,0.33787507480690965
C101768,0.017576275024489947,0.3494173443228488
C101769,0.0488729189181785,0.44209001053994396
C101770,0.052976633126095914,0.29298084097773186
C101771,0.04218109544482897,0.3027432099279631
C101772,0.013031465947255152,0.3662452379981155
C101773,0.03351342017216307,0.37873090972103896
C101774,0.08777302131515874,0.2622041605998351
C101775,0.05289540970965917,0.2945800468794244
C101776,0.011503131034875567,0.415480628518742
C101777,0.03058107457786716,0.3235694704928547
C101778,0.033354272676090646,0.2988058977053454
C101779,0.07042003645888333,0.45054432400677
C101780,0.06828533839691965,0.27323977720447457
C101781,0.023465244600685137,0.4400845064048706
C101782,0.021250161337896912,0.4691043516478818
C101783,0.031953422685835745,0.4560755089253862
C101784,0.07058847988817307,0.24433990933685035
C101785,0.03487790872337975,0.4058166070490762
C101786,0.09488290691927746,0.35243649919827846
C101787,0.12357893807770141,0.22283929179401243
C101788,0.05908460080513307,0.40022234479705254
C101789,0.0541578123355306,0.18256212114878811
C101790,0.04978651209653467,0.36986067794528465
C101791,0.048744270999349026,0.18440897793943545
C101792,0.0776053442782767,0.5028503543549769
C101793,0.006218290855504396,0.26894727851826866
C101794,0.028090010867949104,0.4202103266083713
C101795,0.019560674014588796,0.2567282294537935
C101796,0.03005831049663454,0.347781990900356
C101797,0.05638057520634569,0.47608753512583685
C101798,0.029394896434220514,0.5229209406723405
C101799,0.042377936573914116,0.3198414906489444
C101800,0.04189218732755104,0.3345340947841835
C101801,0.02701035766047677,0.3478454009478803
C101802,0.07645543856555481,0.4234480292502853
C101803,0.029181921224530432,0.2663354696357888
C101804,0.1130825669606385,0.22235939885725511
C101805,0.07411304894917962,0.41814328740072415
C101806,0.0462978510420944,0.3159556380060225
C101807,0.013535442337121385,0.4257492827131518
C101808,0.05046895473271429,0.4540539021811089
C101809,0.11847817607856721,0.25565273723446214
C101810,0.012491002811020996,0.3293144071778597
C101811,0.05425676707037928,0.13307544427689277
C101812,0.07272348732635436,0.32161301090555405
C101813,0.008900292829562709,0.22812338226203854
C101814,0.004330753316156983,0.3908743632728381
C101815,0.025904477565181258,0.3935657385112036
C101816,0.0846731691162413,0.49537907460074126
C101817,0.04316190780285624,0.20217364607973778
C101818,0.07637057863701852,0.4049187620133717
C101819,0.04559458065850651,0.337240919937935
C101820,0.011332928420837078,0.48245290899321236
C101821,0.07786700739470091,0.2831138707037341
C101822,0.05762359322249313,0.22899722726779176
C101823,0.0367556928352745,0.11933079222572998
C101824,0.015281801896090401,0.2532653371296871
C101825,0.03326185076954966,0.4910341033041308
C101826,0.10699130294004724,0.699338145613967
C101827,0.03657889486084676,0.36038604226164556
C101828,0.02023011045984471,0.2994072082393374
C101829,0.035971049008606516,0.4128230510569103
C101830,0.02405400989622142,0.1430133777305183
C101831,0.018556377709084224,0.1482771796250545
C101832,0.009771135335577802,0.29959922316302307
C101833,0.04260028759001899,0.595382925763816
C101834,0.04472029424258628,0.44416825729565707
C101835,0.04215526557684348,0.2105312234157329
C101836,0.06263578090017859,0.2338621413256065
C101837,0.04724578616104658,0.3306734329546496
C101838,0.03216275513870343,0.2890933252745947
C101839,0.015258024136974108,0.3272077272770192
C101840,0.072112260226479,0.2754302214702562
C101841,0.05583566317637132,0.2930752105572737
C101842,0.034114465430854175,0.2591244070061094
C101843,0.09278505545002927,0.4030169726468028
C101844,0.02863575089701895,0.32078343343190535
C101845,0.03695955428039491,0.22696531480339627
C101846,0.021264395295374165,0.34880906519895505
C101847,0.021495116385213075,0.5138505334504296
C101848,0.04828535232635437,0.26206117702828396
C101849,0.01724679321992717,0.2603179899720852
C101850,0.017516225883784743,0.27081301056851764
C101851,0.02407806843538856,0.37718974592407634
C101852,0.032087976737291184,0.428099007584874
C101853,0.017794231277855156,0.34955009027239825
C101854,0.03080701925066717,0.17669173681135858
C101855,0.08329164358675901,0.21997772545471328
C101856,0.12135515153806027,0.433963421359623
C101857,0.029110719212598505,0.3431154099938288
C101858,0.032778577335331606,0.23906647686846838
C101859,0.042906288692858896,0.4957726141297775
C101860,0.07302151802341242,0.3395045032051798
C101861,0.027503252203632967,0.3584376456932542
C101862,0.0963560868573709,0.35962809898279846
C101863,0.046741175329452225,0.3340945568914527
C101864,0.012642869434882575,0.34664878606967453
C101865,0.0378656772502571,0.23763768741647956
C101866,0.021885409870804867,0.353031864996278
C101867,0.076892881193804,0.5534062937418938
C101868,0.011847944996630975,0.43495008890432213
C101869,0.017201840302429775,0.379238591604996
C101870,0.023115955089888944,0.34507913025373643
C101871,0.003953786470291022,0.47145216788332556
C101872,0.07120807079031634,0.27647288277656434
C101873,0.03264639824517312,0.604242760212967
C101874,0.12584005504385629,0.1481093382280393
C101875,0.019955943132401604,0.3222375931097857
C101876,0.012959489309851115,0.3840993520010303
C101877,0.039427253741618686,0.4497621617911327
C101878,0.024964650661200252,0.6203519422671093
C101879,0.01050987529509357,0.3156826373985597
C101880,0.1219496243518971,0.235526733339589
C101881,0.04606518299637084,0.19122243266204306
C101882,0.029259192095275905,0.12059184731562766
C101883,0.017030479926646157,0.31292561125688195
C101884,0.018750173565879692,0.3034800483602627
C101885,0.03172447808218506,0.39595279288098867
C101886,0.09101751438305708,0.23922364970758608
C101887,0.0021036536089558233,0.25472986179248225
C101888,0.007065842806047,0.32669396217784863
C101889,0.0569735056927164,0.4343100801645364
C101890,0.04105687074083934,0.2680537804250808
C101891,0.05288052187559634,0.31751716037799205
C101892,0.06271489276863354,0.30237710354171965
C101893,0.013909888351954893,0.1827523825326612
C101894,0.08218544026498438,0.3906592467120556
C101895,0.0491251767500421,0.33494325310207
C101896,0.015077591799442338,0.3643017250542605
C101897,0.03041617465799938,0.24171137600409243
C101898,0.03582725914861496,0.2409936582951997
C101899,0.023638973856317188,0.23329838668553393
C101900,0.0355134160519533,0.4261799518053392
C101901,0.002582161773265092,0.2949457823395539
C101902,0.04101450124881234,0.32333022046621573
C101903,0.0836310209234638,0.32066761908628694
C101904,0.06188070356895467,0.454440078350246
C101905,0.05500423054277922,0.3702679987488929
C101906,0.013444355872861592,0.4348299977658774
C101907,0.021154445373203726,0.3402284985801775
C101908,0.056572876727237965,0.2331532957244501
C101909,0.02246332661317448,0.2076959729934618
C101910,0.04978442704826962,0.2936525829006279
C101911,0.0115021985454851,0.5587392530255867
C101912,0.005689400437115123,0.33360541003184674
C101913,0.05275411695076546,0.2529427168257754
C101914,0.1414773727904055,0.19430534080685136
C101915,0.0162142861597099,0.349801349780902
C101916,0.019326266998879675,0.3009604545310062
C101917,0.0161420301473834,0.237455384321423
C101918,0.006653559987166157,0.14038060697951407
C101919,0.06613273211364222,0.23849338249525173
C101920,0.043680249290542116,0.2800661531183665
C101921,0.05401422786898128,0.2853509313756234
C101922,0.08471748515556748,0.31684851779403084
C101923,0.0048265714874066315,0.2907570597395762
C101924,0.0789861522352548,0.34403697929023663
C101925,0.012587323216619694,0.4216496496671823
C101926,0.0444071688237429,0.49933885640588693
C101927,0.022079641475131803,0.5031032460925884
C101928,0.11521384276456814,0.2934053215651254
C101929,0.0949264013644576,0.2940508466684756
C101930,0.14352464536134008,0.44863492454309417
C101931,0.05533810056761409,0.35232022223003273
C101932,0.08527780191218949,0.25559591611853316
C101933,0.05257373232812866,0.38888774098977225
C101934,0.02512959203499592,0.307364219293745
C101935,0.028483464663502593,0.3767480147024469
C101936,0.0517852554812987,0.3048589494915146
C101937,0.06312836027960839,0.2924884122261207
C101938,0.023326206794094945,0.3113169195533265
C101939,0.03244364620685565,0.4011790837333693
C101940,0.03216197911589305,0.28900955189042277
C101941,0.07367880972518695,0.3955936903496498
C101942,0.05510282262687344,0.23189767906140069
C101943,0.0767397406154543,0.2890217603899269
C101944,0.0076653687666675034,0.5487400669878699
C101945,0.035086799278582055,0.38373215813647576
C101946,0.03529683452715841,0.4674309361633492
C101947,0.07825064461443446,0.1973222294819681
C101948,0.18183167590228144,0.41370456200223893
C101949,0.07462738871716026,0.3782712549122637
C101950,0.04549432816021484,0.3388481980395149
C101951,0.05093976635092237,0.41118575475638514
C101952,0.005461511289248732,0.3937388942872771
C101953,0.061873293538637984,0.22066778027269682
C101954,0.023564454536645803,0.4205552044015336
C101955,0.017453844161604382,0.3204977618067097
C101956,0.007570565072011238,0.36751674042344756
C101957,0.05073737806584649,0.29359007715448093
C101958,0.026407409133578526,0.36316880118437644
C101959,0.09288259325102957,0.42532988416561385
C101960,0.04249516397150436,0.2731818226410304
C101961,0.068671768084456,0.21839130893751107
C101962,0.03122561359610982,0.26951645630865867
C101963,0.08859709624718333,0.2083602409256136
C101964,0.06530546666654427,0.21599495937808078
C101965,0.019705130097963656,0.2963945679070402
C101966,0.025258402133298788,0.25760480022579035
C101967,0.0342790022170199,0.3204685015603605
C101968,0.01036990923864901,0.24661712795306398
C101969,0.026602893128971232,0.3080865681113008
C101970,0.0461694079748937,0.361792092761762
C101971,0.07356550090640887,0.1
C101972,0.05132048567635809,0.164795140916185
C101973,0.016830561324053625,0.33428027540334404
C101974,0.003552150781105286,0.31701805980307796
C101975,0.061862525531417634,0.37559708063044694
C101976,0.03276213804319549,0.33145712121950927
C101977,0.07482388670851613,0.10367123441287271
C101978,0.0637314479646494,0.1375631844621592
C101979,0.05032621310062573,0.5031167539200145
C101980,0.027330156113776316,0.3766287864968625
C101981,0.02974363169860464,0.3424541157926437
C101982,0.012041896444580988,0.34466198564048495
C101983,0.037879360301502296,0.31357294847538864
C101984,0.05020981000473401,0.44111383315793795
C101985,0.09490155907879937,0.34255631511494333
C101986,0.021935939693370873,0.2570002551251037
C101987,0.06783943734606625,0.2290734673193136
C101988,0.05410990258540636,0.4757248590413802
C101989,0.021656573759224584,0.5663339048852218
C101990,0.02560189029558728,0.22053578044293884
C101991,0.02042461158993824,0.32108631230713663
C101992,0.05861281290353385,0.32182906579700105
C101993,0.04094986130284054,0.39901691335794637
C101994,0.14057732527155195,0.3672686692177989
C101995,0.04064522142048056,0.3831308955298179
C101996,0.007290365794669355,0.4232177076220423
C101997,0.005997034174617116,0.26739886687957976
C101998,0.008610998817010216,0.5479259069077578
C101999,0.13188070650398429,0.2187623162777472
C102000,0.0753449656378344,0.30391341092988333
C102001,0.01841340851146071,0.34151936331424476
C102002,0.005072053053266763,0.582911108428652
C102003,0.02753494822019575,0.14829592244006615
C102004,0.06390783740919091,0.35112654170678764
C102005,0.05711535294176288,0.2550959139193838
C102006,0.07259726441480342,0.5705334673573882
C102007,0.05882320374634284,0.34622287455615397
C102008,0.03377358248155088,0.34811842785837155
C102009,0.06337856995341369,0.3329540165236589
C102010,0.05364719225917584,0.3806606119962072
C102011,0.07437389049053975,0.38929259170597397
C102012,0.002088206709286434,0.37331957541454497
C102013,0.06137682443560111,0.2983930504275764
C102014,0.07515662591713468,0.23766536627738638
C102015,0.05986404999863015,0.3453299056914752
C102016,0.030073118014473967,0.3242702575242024
C102017,0.025961059862241082,0.1416721500845423
C102018,0.060637772155044525,0.18771611333715565
C102019,0.06106545716176653,0.30704916752942707
C102020,0.10651890912768232,0.2620025741193496
C102021,0.007103259954219513,0.5091010400558792
C102022,0.08023886297952888,0.2563044727844521
C102023,0.07452211867441733,0.30008818558242045
C102024,0.07302821806595335,0.4701067468315501
C102025,0.09560946192866515,0.19528146995339943
C102026,0.03977961459859721,0.2287202209974328
C102027,0.10595363257863248,0.17713973128570848
C102028,0.03825067607889632,0.39318164710481557
C102029,0.13448877747717466,0.47739258927013106
C102030,0.008583626481874159,0.40666646203731016
C102031,0.006760580655994894,0.40785644806978155
C102032,0.022316554295977665,0.371287656856359
C102033,0.08530249480944954,0.4449664936536379
C102034,0.03370673708347961,0.32491720601874313
C102035,0.1107146528392771,0.2985219585503206
C102036,0.049397251625946555,0.22382933505439984
C102037,0.009306294395927379,0.4483621581373183
C102038,0.04252436609389345,0.4979347129844266
C102039,0.034033870287601374,0.5026907277060385
C102040,0.013785423677374826,0.4054892298648988
C102041,0.0325843185461946,0.32063859797343675
C102042,0.0334897377167138,0.2891449718072243
C102043,0.1052202357182395,0.32227846166684826
C102044,0.07562611928573659,0.39969658086553245
C102045,0.051377249632648066,0.42480543783428976
C102046,0.10853426012886176,0.29255827607998713
C102047,0.051748932418993705,0.2820745640856776
C102048,0.04883184597227476,0.38406407924397634
C102049,0.0385006385747157,0.43141169423845577
C102050,0.016384596764041113,0.35853319131112865
C102051,0.05151622237087795,0.37583432177124815
C102052,0.07804434520776557,0.3385524307910914
C102053,0.04791483319978364,0.37154468576465155
C102054,0.19002520679400647,0.502904604545024
C102055,0.09728918238105497,0.41688690054179117
C102056,0.25,0.38916207025289384
C102057,0.023194298421230268,0.20424194118225375
C102058,0.015653313524809705,0.29559062066087693
C102059,0.02554714662358579,0.20518685395274794
C102060,0.10475885556372762,0.32044232693138747
C102061,0.05534584292357972,0.3190318539425828
C102062,0.023026690564708595,0.20319736631604635
C102063,0.0564877466942124,0.5706878474167643
C102064,0.023258932929472714,0.2973605826701034
C102065,0.011811015154567043,0.14862557566941806
C102066,0.12624626695651073,0.32160120947008947
C102067,0.04713890967747779,0.40653778665631923
C102068,0.04292655154260134,0.21709342270763368
C102069,0.06842266358155116,0.3655724182074084
C102070,0.04794634851212962,0.3829056985868161
C102071,0.031246870116652562,0.36584005993737395
C102072,0.0867028066754044,0.39059671218686
C102073,0.10877120082251295,0.3715990930328689
C102074,0.06790985434044361,0.3333408249853233
C102075,0.10727398382536632,0.22882862032840307
C102076,0.017598716446013976,0.31227954148503145
C102077,0.09095874325464622,0.2722841232703646
C102078,0.024385426276209873,0.3102547324092265
C102079,0.05905974447553961,0.16526199990499013
C102080,0.0353860483416154,0.165260745458988
C102081,0.021564911302190928,0.5388806208489352
C102082,0.13560806231031997,0.4379636193550486
C102083,0.044887509982517906,0.2561586941057853
C102084,0.018530200245274204,0.2872979449015958
C102085,0.04677212121818443,0.43171480789279193
C102086,0.02200375952238116,0.29190740101577833
C102087,0.07664397188278785,0.2262795956652744
C102088,0.011483868963657773,0.21650737374634546
C102089,0.06782502383377427,0.2950253098120167
C102090,0.05802356133112905,0.3715520585790393
C102091,0.042496160627292015,0.43325990726466607
C102092,0.03787142533403133,0.42471644831109706
C102093,0.054798442456704635,0.49954156909415187
C102094,0.13385210125896188,0.35681489000122585
C102095,0.020719427747453823,0.30712422274362006
C102096,0.09511210523130283,0.5090192517711141
C102097,0.001,0.43924911129774535
C102098,0.00859675495755252,0.4116893734732417
C102099,0.04252069185086582,0.4096282532079719
C102100,0.0062571925053870004,0.4320004254262272
C102101,0.02388567208135339,0.49426532014875696
C102102,0.013411509681357276,0.2595773802169888
C102103,0.019979348959589357,0.42881788101786994
C102104,0.0502117462199225,0.5323001724370622
C102105,0.09961742461070319,0.4891035508355625
C102106,0.026674427895249583,0.1
C102107,0.032566242344677476,0.4136076840073297
C102108,0.0039133600535970784,0.3236635756735218
C102109,0.03284411328892004,0.39624250980336384
C102110,0.004891709341010516,0.43847084682049464
C102111,0.07950600837320718,0.40816761881270924
C102112,0.01534421388717928,0.28968170347780164
C102113,0.07859259019250456,0.3192091252421325
C102114,0.005852602316351196,0.3679293765282092
C102115,0.028684305545857932,0.2278988320776145
C102116,0.012786132512599762,0.28303890738292503
C102117,0.018030579238843835,0.4020213475018661
C102118,0.01710329352883134,0.40022907513717665
C102119,0.07620366744623411,0.30830042727339646
C102120,0.04099612730042809,0.45484759922824286
C102121,0.05940501517650864,0.30504760366090833
C102122,0.07625230903202809,0.10416542773903364
C102123,0.010716467036846804,0.37983039252041034
C102124,0.034383515922963244,0.26085345887339684
C102125,0.0338082634625291,0.2251286261704989
C102126,0.14675266291211284,0.1
C102127,0.01831916398641389,0.5287208584378382
C102128,0.051581365178966825,0.39720147008158646
C102129,0.01326106126768429,0.250467284828781
C102130,0.04963731289254655,0.17057498320235667
C102131,0.0059018305829968256,0.5185872484854654
C102132,0.060408037261133155,0.3405330405855325
C102133,0.039798968853674316,0.4653261054827703
C102134,0.0458400496193336,0.2899908739004878
C102135,0.020298418698701186,0.3844104162658266
C102136,0.1623571505643662,0.43547729433937366
C102137,0.04062372350529609,0.4156489104411128
C102138,0.01702760379542985,0.6290039978255375
C102139,0.014811083171328555,0.2167954160742718
C102140,0.007051842102401328,0.3752833457103687
C102141,0.01662296770293141,0.3268336212625872
C102142,0.007298612288142275,0.20082007490078696
C102143,0.05332798929889705,0.3494038586877523
C102144,0.027956817472678478,0.4094338671019396
C102145,0.021063763889076784,0.26530235505917743
C102146,0.009006174113019606,0.3287130425463803
C102147,0.02777775245062756,0.32217081298143146
C102148,0.03747454947331362,0.29504166175029733
C102149,0.0510746449002763,0.48413585683860483
C102150,0.1020979473910658,0.3334250252086337
C102151,0.042156373588416646,0.3931407181064864
C102152,0.05659902746244525,0.2612217623603357
C102153,0.052542618650661434,0.3019950193231565
C102154,0.02049686946460103,0.21243784358753318
C102155,0.00704827511756874,0.19945111529098747
C102156,0.07591676991457247,0.38920476730583703
C102157,0.08929353000940843,0.24826450901568864
C102158,0.00890989102246827,0.518213324616903
C102159,0.14603587476856777,0.23794945361273642
C102160,0.041754819347785466,0.3983270866946347
C102161,0.0204148683299036,0.2717939875789017
C102162,0.03340688455190806,0.4479965243414663
C102163,0.007939401926513072,0.5067157417024144
C102164,0.04708683903707628,0.2329337086869368
C102165,0.054252484853339666,0.33682952133312066
C102166,0.03945420806543662,0.4046941217703384
C102167,0.1240150906834789,0.28246093513048254
C102168,0.04077125032765944,0.409189548787427
C102169,0.029636204880482533,0.31412043941113166
C102170,0.03852001634501275,0.34529216607113167
C102171,0.03427239763730976,0.506595284598186
C102172,0.020908203617412906,0.2107552018571681
C102173,0.02594819824236537,0.3963821204763611
C102174,0.09188342814857747,0.43448965765500247
C102175,0.029507763883227654,0.3615830605886693
C102176,0.04427335671688959,0.2758970020510666
C102177,0.04172719275896784,0.3685836968826353
C102178,0.05211954459872213,0.3144655176257892
C102179,0.03047936176974549,0.36441605750118944
C102180,0.02930286833616603,0.17559686207748001
C102181,0.05154328024910941,0.2795955467747862
C102182,0.017108768590272307,0.3913906708631093
C102183,0.02400682895000057,0.1597324272800257
C102184,0.05923477809730467,0.4637457045402893
C102185,0.03521581421140869,0.3402413049789896
C102186,0.03346985242734711,0.37334741699168433
C102187,0.03970757093970349,0.3422430802447386
C102188,0.02596776169062111,0.3600135722054565
C102189,0.023509619387378073,0.33253218161232734
C102190,0.03521944513441803,0.42772432148375816
C102191,0.0314468733631179,0.47315873618597803
C102192,0.022087501116906882,0.38262242875985125
C102193,0.05880982635184869,0.3926792006474594
C102194,0.05063187573719764,0.3325031493633872
C102195,0.05069464065519595,0.44439632411537283
C102196,0.06393703348056463,0.34557818595390666
C102197,0.02169727904151019,0.39211577998397845
C102198,0.050079320242154286,0.5331452328388029
C102199,0.12627956599509949,0.29171797957394074
C102200,0.07814469026277357,0.4491917402962451
C102201,0.13285966008051234,0.3726214901849206
C102202,0.09093429721198053,0.47605539992664503
C102203,0.03662612635226235,0.16436330199736465
C102204,0.022144480470860827,0.2725010372682123
C102205,0.026271964697312803,0.4545776232467554
C102206,0.011007149640699376,0.40671266666957523
C102207,0.13052935056255655,0.45597676226417283
C102208,0.13578297139216414,0.3658675666941014
C102209,0.03889845311917811,0.5096034392662858
C102210,0.03959948920327088,0.3697025849615404
C102211,0.04755346737313539,0.5068628979475773
C102212,0.06688926031399306,0.37350996400016784
C102213,0.00935173470588273,0.40649721979395614
C102214,0.043479614438330844,0.34015892713971424
C102215,0.021154941649600183,0.36731006563851476
C102216,0.016661193665268224,0.5013703829180416
C102217,0.08476847925286296,0.27875096166642793
C102218,0.14144265404214432,0.22006389986262626
C102219,0.07908997493526176,0.23768907647909862
C102220,0.005535230012867537,0.33507231013602945
C102221,0.01853914496131344,0.4786912505284062
C102222,0.07091836846035275,0.3803117273832179
C102223,0.03769392419561476,0.5495726956434641
C102224,0.004204465105631809,0.13617148875208038
C102225,0.02111416693465387,0.5333817142312338
C102226,0.0483465430457587,0.44297442161376677
C102227,0.10443385982634834,0.19851866216643493
C102228,0.037742949565592904,0.2961741412486578
C102229,0.026113219501580687,0.32545328824263414
C102230,0.050790837517458075,0.42171165418408313
C102231,0.031089627114167774,0.43285095107720795
C102232,0.019011346045187148,0.30339962163448925
C102233,0.013886445341449973,0.38403151427335736
C102234,0.006374434870126665,0.2978255110174721
C102235,0.08948342857837656,0.28854726921384893
C102236,0.011703065454021862,0.2681177430757264
C102237,0.06286659634765011,0.35814303505769185
C102238,0.065221147901923,0.24082914756506862
C102239,0.03544171569881709,0.18102890919789763
C102240,0.07424838615505419,0.413323930359546
C102241,0.036926292200147454,0.3750173240614158
C102242,0.0814932815570034,0.3053551435756402
C102243,0.10145300825558116,0.30895529337518385
C102244,0.06200359326125427,0.5678592566877079
C102245,0.006967211642641073,0.43756819039286965
C102246,0.07071768234290368,0.4058795214191345
C102247,0.045762420353354934,0.3117729337486292
C102248,0.03383333186043706,0.36659239151058487
C102249,0.0151967966386449,0.4236850580169882
C102250,0.0587438855227958,0.4008326113931847
C102251,0.03564023495435749,0.30718653149294506
C102252,0.023194856745156218,0.24321616862185932
C102253,0.07695239712968484,0.352769611839018
C102254,0.038050525283322534,0.359925959903246
C102255,0.10120715176032624,0.33825106435928975
C102256,0.019965635854499352,0.47828289838962756
C102257,0.05389293102659959,0.309176575834376
C102258,0.04914142394223482,0.38229377604922216
C102259,0.041975802394959426,0.4887403305218819
C102260,0.015707546790059212,0.38152102891025547
C102261,0.09813952470240282,0.1958986695870551
C102262,0.05315214996597153,0.38708954604534307
C102263,0.0379738470866765,0.2857565921790305
C102264,0.0974731013236076,0.33764941374500584
C102265,0.05294519828256763,0.5498801420823674
C102266,0.03447278387025885,0.3257860347197745
C102267,0.03748097855596044,0.29631438303008156
C102268,0.012293133095137604,0.29159751625774827
C102269,0.060823471999650304,0.42636241821243953
C102270,0.10013731517992727,0.3246025476189711
C102271,0.06257997785337255,0.2718340400831144
C102272,0.0032102644938231816,0.3859390782391802
C102273,0.03371600056533236,0.24336936507125928
C102274,0.04774766821149057,0.3051228943822873
C102275,0.04546418552986811,0.47944080124702315
C102276,0.05167461975610526,0.24107894992457987
C102277,0.0688938009956991,0.34942279882435034
C102278,0.022766409872226175,0.35091537161942676
C102279,0.05144756810496349,0.28399304954017235
C102280,0.09188786405293717,0.46295104601513865
C102281,0.010058981530902188,0.33430620504280484
C102282,0.07639820569166274,0.21393308492604637
C102283,0.0564434597178076,0.35066005317958604
C102284,0.02467794478614666,0.3911078941258596
C102285,0.054167546945206514,0.3874806885734886
C102286,0.14788161365839472,0.21553757570216941
C102287,0.028478391551313716,0.319899081709501
C102288,0.04270987550997591,0.21854730268713643
C102289,0.08494143116277947,0.21488898376556476
C102290,0.026345017853827837,0.3829954690670637
C102291,0.03208763843295923,0.2852236348938409
C102292,0.04219653799297119,0.38310060691224634
C102293,0.06619235851528951,0.536169581390999
C102294,0.06298930085016183,0.39945690529119865
C102295,0.021576692386609458,0.2535876184339559
C102296,0.04825328025364717,0.6209436915925144
C102297,0.01080716167193831,0.2618157084198939
C102298,0.013385903981480422,0.22081315342304278
C102299,0.06353434943412344,0.3054171799563302
C102300,0.0951088185952555,0.4224909273638796
C102301,0.04975271802280686,0.3298072473313926
C102302,0.021380955922212543,0.30776449867114486
C102303,0.07803770611261075,0.39110611369638604
C102304,0.06654265206251042,0.28487538063860557
C102305,0.038429646295093906,0.34523656770258815
C102306,0.022228989321620745,0.4251060191768064
C102307,0.03365077463810135,0.4433439185013322
C102308,0.032292017713659575,0.3104790675487241
C102309,0.07577775930632893,0.28327896084208254
C102310,0.06020454846223352,0.36266475488392247
C102311,0.01310337037637377,0.45388281296968935
C102312,0.02653669221166148,0.39463849107128124
C102313,0.0174853970157361,0.21661785585554572
C102314,0.050658247937041524,0.24461915990180483
C102315,0.02721485346141282,0.3631043917017804
C102316,0.031504753320679674,0.21479645484627732
C102317,0.031663683759855545,0.20635921558924195
C102318,0.046939310748835776,0.3677523320467307
C102319,0.036906807828909635,0.25334705210844566
C102320,0.021620469147162008,0.35624879602955706
C102321,0.031487744153648495,0.4456970839351563
C102322,0.0727152996635211,0.4924615655955361
C102323,0.08453113252200359,0.523451047470335
C102324,0.08671338503820229,0.22364341666332754
C102325,0.04114876939867236,0.27114797407693275
C102326,0.05716773888554973,0.32454433625164203
C102327,0.0050291657542747645,0.3138846911535695
C102328,0.054831833249951924,0.5409751208846831
C102329,0.021492713083817675,0.3521632933418839
C102330,0.02802797496287207,0.28440072655966364
C102331,0.09414480086722941,0.3173495017461289
C102332,0.09117778928138173,0.3125775384577111
C102333,0.09354895826663104,0.3723842035769352
C102334,0.06006730062587106,0.369159768239688
C102335,0.03684598367517845,0.3622397625747925
C102336,0.062078499691750826,0.374534715495673
C102337,0.11900068319257145,0.426432877787355
C102338,0.08733035863130027,0.5766365273851045
C102339,0.06544321889329434,0.39560985716547487
C102340,0.04905641570097329,0.2597186418818942
C102341,0.07813080701311682,0.4483128680206209
C102342,0.02062132879805592,0.3351750298211491
C102343,0.036064241454839614,0.2835675365411393
C102344,0.03210949721753861,0.4218785684212395
C102345,0.03148892560140174,0.36305988060404804
C102346,0.1361403935496729,0.4597505963138209
C102347,0.03486663974518343,0.11255221909327134
C102348,0.024779763149819747,0.42436044628022573
C102349,0.0401206826795371,0.33724258966444864
C102350,0.07550067532657614,0.40305037587060755
C102351,0.05338453398003944,0.3644462861677124
C102352,0.018081311388822564,0.3600085190485797
C102353,0.08718986696882831,0.42493438242843456
C102354,0.04880064982096208,0.4365739655026019
C102355,0.0320646649245087,0.4241106361605272
C102356,0.055028535540149054,0.3607311027500286
C102357,0.040262472068645354,0.4509770781100797
C102358,0.05181136971353873,0.25048380470064924
C102359,0.0420731481682596,0.44843456843668006
C102360,0.007680148724215145,0.2720578712266144
C102361,0.06739586014010822,0.4255870000689996
C102362,0.08821181953880902,0.4819921118243772
C102363,0.06507087965671453,0.47038668252311877
C102364,0.01396283302269359,0.45701615780602045
C102365,0.04333447577616781,0.208082356204644
C102366,0.022815234543038666,0.250926926995268
C102367,0.14292672865757544,0.3416245460758751
C102368,0.04277573356087477,0.39761021828651233
C102369,0.006324278937686446,0.6094008813009386
C102370,0.016845802430900447,0.45039272421225857
C102371,0.03903444428609094,0.2691353898091145
C102372,0.06350252096545697,0.4111640378147185
C102373,0.079016355966965,0.36760818664480277
C102374,0.003943789967199475,0.4515329594371612
C102375,0.06278797186500078,0.30351895958028186
C102376,0.054618744206387,0.3127566758458779
C102377,0.04142653146879629,0.4593415698864819
C102378,0.05416680044137801,0.1703360967097296
C102379,0.02875888524613503,0.24364580944720743
C102380,0.018096179924802558,0.1418137970725383
C102381,0.03732451223823409,0.16447855399368916
C102382,0.008367685651226102,0.34116864308082123
C102383,0.00894785981294037,0.3181363900347007
C102384,0.023495092546122233,0.2651968018806999
C102385,0.02620834133925143,0.3191490281661225
C102386,0.03778822629219761,0.16854210070493553
C102387,0.07223370030687352,0.2228552530037046
C102388,0.08783555183906548,0.4828946373302893
C102389,0.03740874486460078,0.5180110990020084
C102390,0.09250765446699177,0.24026517038297146
C102391,0.08738662602044724,0.28823235421988835
C102392,0.03317531933655649,0.4376398923026275
C102393,0.06184231882600479,0.47977644435179356
C102394,0.057295897969839256,0.4122159505078505
C102395,0.032566084907017345,0.23603289910081326
C102396,0.03601240089295549,0.23956833387399043
C102397,0.01152184138505174,0.2766874061447549
C102398,0.06363275715166433,0.36190716912977205
C102399,0.03592836071104218,0.18072771179819824
C102400,0.016702393785864647,0.26713996397336504
C102401,0.05876202304444058,0.3051092568426327
C102402,0.07832621113039587,0.4317378312456023
C102403,0.045323365099507594,0.182758462850709
C102404,0.04415174842127742,0.25517957538324676
C102405,0.051503321527159036,0.3839590649831753
C102406,0.07135469576843377,0.36364833641662925
C102407,0.027156042968913066,0.3133631383981543
C102408,0.012054706933110946,0.172584972796788
C102409,0.011365251598971202,0.300610756879771
C102410,0.047909340680539356,0.2750532561329878
C102411,0.06798569299403706,0.41779095619514256
C102412,0.01857440025929006,0.3880760834193571
C102413,0.030961440662941115,0.19386022178433715
C102414,0.07366919939357246,0.44257569823588244
C102415,0.018251399506601873,0.397531673387143
C102416,0.09235283488626699,0.20535395269393866
C102417,0.027540040465934144,0.4822062560279502
C102418,0.026862799895657485,0.3797793491401691
C102419,0.09730458094720218,0.17733461253806035
C102420,0.09596027783875717,0.36837868816691394
C102421,0.022625518810014737,0.34664071469456387
C102422,0.014274015526130697,0.3965542893817223
C102423,0.040781716003646405,0.3394693262776603
C102424,0.04016426404669651,0.5157945011842334
C102425,0.05067385208580459,0.20199679511081914
C102426,0.008875909754545348,0.23541469336521242
C102427,0.030156292064438737,0.47013431699751773
C102428,0.012292731310750727,0.4988831949028092
C102429,0.038517074352398956,0.38632585928989394
C102430,0.023408812141516407,0.23082803860591594
C102431,0.11426228456288685,0.4264134284398942
C102432,0.001,0.3875866107593009
C102433,0.03810034621735076,0.3252778908663447
C102434,0.08942578898945226,0.33111801246190486
C102435,0.016541416941231787,0.4763176667349218
C102436,0.021543727567525997,0.43264187224506845
C102437,0.06284377244495591,0.3114141783710979
C102438,0.047530272443936476,0.4520744142388064
C102439,0.010102636534740254,0.2378711506714692
C102440,0.009713078811088112,0.1
C102441,0.09925206011083373,0.3763606683716812
C102442,0.013341580041270378,0.17034048844721217
C102443,0.02905518037661582,0.2523047945482736
C102444,0.1214702820330979,0.13021372047454163
C102445,0.04672434193691567,0.46391745342241797
C102446,0.023141201563745238,0.22217926210448347
C102447,0.02068625606656455,0.39861738414470566
C102448,0.08309500547627456,0.3855602292403326
C102449,0.007667149126985714,0.39674918391049496
C102450,0.03750550708802471,0.44066696859466786
C102451,0.07711191784653569,0.48243764719284604
C102452,0.04731221605046015,0.31920460165256387
C102453,0.08333259427952817,0.37783783481106925
C102454,0.0624306547258027,0.4796663828751472
C102455,0.019948627892686505,0.42766488702175043
C102456,0.06816836893378282,0.42473789539119616
C102457,0.09800852518046593,0.24984269016037403
C102458,0.049150977781511784,0.3301374051275276
C102459,0.03953475974619275,0.33256221982907347
C102460,0.02291906119928478,0.439043615038202
C102461,0.024934886546516606,0.2914947747163867
C102462,0.022538494729807967,0.40435666038111184
C102463,0.026785154160278084,0.41685190556461127
C102464,0.03592374207071047,0.24944196413711367
C102465,0.11642950800286712,0.5589475569296255
C102466,0.009682838706789976,0.4687126576166013
C102467,0.016442821512900396,0.20632661347511286
C102468,0.0637631037115448,0.5230980959669462
C102469,0.053812906289244414,0.4433828636291762
C102470,0.11189992672724822,0.5011769662799761
C102471,0.06746187472959855,0.22793728200323937
C102472,0.02313267974529274,0.3521302836816518
C102473,0.05721217499112455,0.47792848262607845
C102474,0.0170292477067192,0.40158226446599693
C102475,0.02684525194011369,0.47180857651808017
C102476,0.06285611921127918,0.21137080890089874
C102477,0.03374485882408416,0.31418284978074534
C102478,0.06677165986265939,0.3783010436074954
C102479,0.04273154260719115,0.3743478183711575
C102480,0.045408666596286354,0.16201902749750616
C102481,0.024373584945101903,0.285157132332299
C102482,0.04131116465492822,0.49339052381350657
C102483,0.05862711286839022,0.2608690344215705
C102484,0.04143996866975787,0.2777258854367497
C102485,0.05263032173501633,0.24091559257235734
C102486,0.09156854543076935,0.2238950990099705
C102487,0.07204647424342503,0.44689948304154525
C102488,0.024475187414035756,0.18773600812286528
C102489,0.11792287750228157,0.3346470051734753
C102490,0.0396304938324508,0.4038292967317842
C102491,0.013541244650643564,0.38923994006919743
C102492,0.010587183268117705,0.23169030196852367
C102493,0.02648174432466918,0.31310728434347895
C102494,0.0358217246989841,0.43754843159939705
C102495,0.03390737271481514,0.34026167631544707
C102496,0.03790396932251189,0.259636091995142
C102497,0.04448492563477786,0.24341037813612498
C102498,0.020548175117254597,0.4797713030311262
C102499,0.03346739086424915,0.2377532921476661
C102500,0.007842337753003543,0.2986551010504703
C102501,0.05841170565322501,0.30048238856698145
C102502,0.068070346658464,0.32362828443343655
C102503,0.012100767393164489,0.5158054288059561
C102504,0.04985925661301598,0.6069684213068665
C102505,0.07817080508621578,0.16601737345189385
C102506,0.05360563978132632,0.2560110325741218
C102507,0.041873736226980734,0.33220500478228093
C102508,0.02003715834817576,0.250523948680685
C102509,0.027702803088453236,0.18410265572003628
C102510,0.008300562498533406,0.3795882386878522
C102511,0.046986333380079105,0.4871780379055843
C102512,0.04600983657472743,0.39343488083757294
C102513,0.06399431045501479,0.42194345069356015
C102514,0.09816741176331253,0.11453937759598101
C102515,0.05599165822247651,0.5699783834515421
C102516,0.023066138163899706,0.4514091962767841
C102517,0.07146286384269275,0.2846011691161649
C102518,0.029847973880329334,0.46417512434244423
C102519,0.01494100023088379,0.37890655103220494
C102520,0.0613737599646007,0.4360041769754456
C102521,0.07847215244128372,0.3431918618354743
C102522,0.060175215201340546,0.32649321946540893
C102523,0.028835440483444923,0.37982650842769616
C102524,0.026661770585801946,0.5319201094848572
C102525,0.01674787483618841,0.16740536490620664
C102526,0.040632772081316035,0.22979720222059985
C102527,0.09680269615303341,0.3908426852992377
C102528,0.05427624270025184,0.42601006024291527
C102529,0.027370455804652995,0.26403187362690406
C102530,0.0038851004749411336,0.2511309518559401
C102531,0.022214736694787345,0.296852152282641
C102532,0.010523724640011977,0.4748061772522437
C102533,0.1193886939836722,0.3440553229386963
C102534,0.06931177296033207,0.2597090586006262
C102535,0.034441099715419955,0.40073080635316705
C102536,0.025619904047509176,0.5597153727853784
C102537,0.13028338050198887,0.38094542100099105
C102538,0.035482714649107544,0.4129228806208388
C102539,0.02255832924139351,0.48365859151668894
C102540,0.0905228357946266,0.23637670471319228
C102541,0.11883669211926735,0.39881775820304266
C102542,0.04143545783595209,0.4490431311012999
C102543,0.14115912431080055,0.2487767867391767
C102544,0.016012752205237814,0.46056910385001915
C102545,0.030058448891290963,0.36024850398540925
C102546,0.018486279728419368,0.29262485339910144
C102547,0.0652530267078753,0.3420938395625969
C102548,0.008061487030042024,0.24918987643647192
C102549,0.05874644722157779,0.3419943588701352
C102550,0.05539257622910463,0.2225319239824444
C102551,0.014879679210784093,0.33196967359822255
C102552,0.07194666834070079,0.34330239503616794
C102553,0.0028839319433930405,0.3172293113952993
C102554,0.07127670971662368,0.35928902310146266
C102555,0.07124515435759654,0.4057623595329622
C102556,0.09951745552310674,0.40003690113919876
C102557,0.027488438306158207,0.2633780805502629
C102558,0.0352394170226138,0.21781759256725863
C102559,0.03529097418410604,0.3636368119546893
C102560,0.12592041238978405,0.2956865227037087
C102561,0.12471220830874759,0.3973980870911902
C102562,0.00863245105571325,0.1865108063960006
C102563,0.08453663135940231,0.22693036641411285
C102564,0.11413204669830375,0.26069587414091117
C102565,0.09317753882031023,0.31255221199938227
C102566,0.07413887189515016,0.19622006044518014
C102567,0.02060953727251352,0.4908671442506719
C102568,0.06345027806229048,0.33788263929407586
C102569,0.03618375213624508,0.5018372558250122
C102570,0.03248197342598324,0.4128937468524514
C102571,0.07641085066279676,0.6305758230666899
C102572,0.04146458403797473,0.2875004919960925
C102573,0.054437599929760175,0.4856303903826558
C102574,0.059780417170870494,0.22539355236997932
C102575,0.031872257901567905,0.35585741413357413
C102576,0.025454918670750337,0.323139620339473
C102577,0.04342684296605255,0.4950442474339679
C102578,0.07134507246562918,0.20601166326973966
C102579,0.02390259504562923,0.4124847586998993
C102580,0.1330139893637921,0.4127305595004358
C102581,0.07498158494541693,0.33426022755319895
C102582,0.03253911281532257,0.5314791158202673
C102583,0.011165497279517876,0.45387668598291725
C102584,0.04346067335741638,0.38077339429331003
C102585,0.14882648369812876,0.32756933620358397
C102586,0.03051589285936774,0.5896295805737012
C102587,0.031570807214679746,0.4029096839357634
C102588,0.019006351630401142,0.35006859466413087
C102589,0.04127306923517687,0.32565766644633504
C102590,0.035387280002953936,0.36948024609990227
C102591,0.033847886244821976,0.3396339516296781
C102592,0.030499233780755433,0.48271621287932376
C102593,0.10177694283723537,0.46112612765636457
C102594,0.030982989828511106,0.29885362377140295
C102595,0.0683710580208404,0.36313034742086203
C102596,0.12120942556870232,0.19091197494435166
C102597,0.08497538289734369,0.3823297038632218
C102598,0.026489664769576655,0.5045960810292075
C102599,0.037332221498259224,0.2651638670113019
C102600,0.12311137187304533,0.34700879799652073
C102601,0.007479641433481568,0.4032030271566036
C102602,0.03415641995944955,0.24314990318207128
C102603,0.055817637250470134,0.14450528467780366
C102604,0.06077118419841888,0.3874944232910155
C102605,0.07601619697531653,0.3640063984955005
C102606,0.03180280944206237,0.3436447091076656
C102607,0.2013254782139228,0.5418957434961046
C102608,0.10814203406804195,0.30610147818803923
C102609,0.011089499598077306,0.39535036041976146
C102610,0.058164187074233965,0.4200414827534422
C102611,0.05359482468159203,0.29993243730045305
C102612,0.09858053749353526,0.3896120268455447
C102613,0.012446259450933899,0.16774688969643056
C102614,0.017805901725384498,0.13793732240722834
C102615,0.031581272082778084,0.34420483973403593
C102616,0.045714885087564924,0.5322663766947631
C102617,0.058890864343089905,0.48040783941404663
C102618,0.06333020203151138,0.33105169700427384
C102619,0.05041704941713325,0.29578810962606616
C102620,0.01206892921843991,0.5619214836325281
C102621,0.012070916383174547,0.38351091540145127
C102622,0.02280873427332779,0.45026491946080666
C102623,0.05543137081781014,0.4877793721035453
C102624,0.049177785540497565,0.2094279517093273
C102625,0.023961118452997792,0.4560041008445302
C102626,0.04432470125974249,0.45832247751107524
C102627,0.04382295095259431,0.1
C102628,0.004656200882777982,0.2582974073891829
C102629,0.005156007974882655,0.2820392589925914
C102630,0.039243490557218264,0.34265662962150556
C102631,0.0636535405282279,0.31956918462297756
C102632,0.023287046560493536,0.34642334318416623
C102633,0.10799301552119706,0.5256500247175838
C102634,0.018095981556817096,0.4181264909457545
C102635,0.001,0.3364909378603419
C102636,0.0026436653476101693,0.25892742450103867
C102637,0.04366238468365219,0.3217778686808518
C102638,0.037772303498609536,0.33080431775684777
C102639,0.021331538274790545,0.5701446280829151
C102640,0.019155211520001575,0.25999319973590274
C102641,0.06041985690992778,0.23320329742818044
C102642,0.07884860729499323,0.43567006202044667
C102643,0.11470243725871676,0.43291470780330027
C102644,0.009257772206966781,0.2902402745223401
C102645,0.04247128993573654,0.3692087028838332
C102646,0.017333177804081557,0.34659694516055817
C102647,0.06256295077789067,0.24443394921883277
C102648,0.045852277245280626,0.5505730041118717
C102649,0.023760014632566,0.40895361921586343
C102650,0.023145165096453722,0.482202067724949
C102651,0.0010611905950588798,0.21584542445664082
C102652,0.08982898586927365,0.39279010549120313
C102653,0.026626759100520685,0.1370839453552617
C102654,0.012960928199424807,0.39148992917380443
C102655,0.010870071472559898,0.34852640432430004
C102656,0.048483045756383646,0.4076189766265113
C102657,0.03205245850629654,0.4156869319675719
C102658,0.04457264592101549,0.30738899653484464
C102659,0.056505653649678626,0.5128154378084983
C102660,0.0531746971792722,0.41694080835759517
C102661,0.028554889524238805,0.31463964716112514
C102662,0.013346964177586663,0.36903177172668683
C102663,0.07544886674191402,0.3408428972124894
C102664,0.08541281006609802,0.1985439238585585
C102665,0.04300518136618762,0.32137144930464023
C102666,0.07503521929193885,0.2606555481646906
C102667,0.12514274738385503,0.3203001470955268
C102668,0.04361731558923546,0.19102003643776164
C102669,0.030729285616629704,0.209292483077749
C102670,0.035771856800079,0.23213865495201585
C102671,0.10479324315247077,0.2553585011560317
C102672,0.03243886341164907,0.2289523860666764
C102673,0.03068760179525365,0.394171558907478
C102674,0.09203864375903414,0.4674588309156704
C102675,0.03326941780155216,0.23586947443397493
C102676,0.06583628759898165,0.16000751326135085
C102677,0.08144587425914282,0.45128190424588494
C102678,0.008421643526462557,0.3307139442668296
C102679,0.11913484484739505,0.4561133722076633
C102680,0.025756737328974936,0.6634117105204109
C102681,0.04801164287459916,0.3351990290382637
C102682,0.008344713692988875,0.35408141844960916
C102683,0.051699523093072124,0.38154101448253736
C102684,0.10082381885307247,0.4796576605567072
C102685,0.019910998827595446,0.24792120851008825
C102686,0.05475054565038884,0.37625540653619344
C102687,0.06732449095517642,0.3987710086994507
C102688,0.019263512495540768,0.4110473420961236
C102689,0.03257671168257987,0.4419326162927811
C102690,0.01699894474045593,0.17997946482822874
C102691,0.061359950562753875,0.3552423852369083
C102692,0.044967310779407424,0.44899238706046
C102693,0.05423695029008837,0.33180243388428876
C102694,0.019527668215006136,0.2232778153449621
C102695,0.03865391843593114,0.40655392244105476
C102696,0.03150913828725747,0.35723174996196283
C102697,0.0653441373329594,0.11978235229030876
C102698,0.032254116933512676,0.22150594319813735
C102699,0.061749948253273595,0.366310523979026
C102700,0.04117724526141791,0.4042594118047966
C102701,0.033910850004698616,0.1
C102702,0.0025529396102066397,0.5396190111853989
C102703,0.021171172301443063,0.4947159466937915
C102704,0.07149623260558675,0.3938001751326102
C102705,0.03888612361195385,0.21508550316284222
C102706,0.04029271179898053,0.29068776711014666
C102707,0.011380416900906092,0.49585990935660007
C102708,0.05512863450068226,0.2736068812346044
C102709,0.05070278072136955,0.23060409010856292
C102710,0.0805838888083446,0.3795708847979638
C102711,0.034975228625666106,0.3390032245151963
C102712,0.104025889886276,0.4826802878050148
C102713,0.016765236486765308,0.3083645413726863
C102714,0.03308966000543363,0.24173017765295113
C102715,0.01717881342125816,0.2596768349076982
C102716,0.0608107960406826,0.3637821997242543
C102717,0.018051957261161915,0.4169617192279678
C102718,0.028647751340926612,0.2693045069475216
C102719,0.05719363375411738,0.33783049091628614
C102720,0.036690442237116226,0.33469279596235885
C102721,0.007938135614744192,0.3229347663661744
C102722,0.12909224820177403,0.35600586869430983
C102723,0.025071956490068326,0.3957486766812481
C102724,0.044413084006010406,0.3274028154560795
C102725,0.0353140325837641,0.3040114642638343
C102726,0.02848908922348185,0.2989740593037759
C102727,0.08814138556405901,0.41764909211537876
C102728,0.06055289727685649,0.41756385979532357
C102729,0.03837785967177842,0.3307521589982072
C102730,0.13900354677966925,0.22178539147074483
C102731,0.14675169742761096,0.41276062673035135
C102732,0.04210036296815128,0.30897907097313265
C102733,0.10160804513395696,0.3474372691872471
C102734,0.00448839974493131,0.3637100433918408
C102735,0.05477722211621897,0.3304773365514115
C102736,0.037737447789066146,0.31876340761438693
C102737,0.02897343092622057,0.4110596271240031
C102738,0.018742245969356475,0.44098424583717677
C102739,0.0411537322854865,0.3722544272635675
C102740,0.04442791788145948,0.1820873755483783
C102741,0.07602941938800785,0.22167807605651704
C102742,0.0462848612951215,0.43535401439566423
C102743,0.046427960273923735,0.38930595064139556
C102744,0.05537950993587708,0.21845227394663697
C102745,0.026412222858339926,0.4781054023034671
C102746,0.03555171511163925,0.3768599594227762
C102747,0.06924268298101235,0.22771814223157255
C102748,0.05832079927980099,0.2339955043379821
C102749,0.04049646546044397,0.4000312125680211
C102750,0.022966555522377904,0.34822195504365444
C102751,0.1488042987320221,0.2269331290501554
C102752,0.01692122037349625,0.3867714049955578
C102753,0.07084473963042083,0.2634922709625569
C102754,0.07212314469779,0.2929267112938426
C102755,0.026200009593516187,0.2001323543482028
C102756,0.021113699474535754,0.203426059295693
C102757,0.08940831225810095,0.3627675759851919
C102758,0.023426561834725197,0.5724214557035278
C102759,0.07526485934478438,0.3148595771744839
C102760,0.016334090345323765,0.37846315831501054
C102761,0.1003555017019165,0.4319584752728276
C102762,0.05468567769235666,0.5179571711150343
C102763,0.08219937697131634,0.19842975632107182
C102764,0.05940841484880326,0.4533727674486847
C102765,0.0345340472558661,0.13667557423044016
C102766,0.08507574376719164,0.41571027493046664
C102767,0.05572239751077777,0.3954791626063091
C102768,0.022375454548123806,0.3703711393444149
C102769,0.0155345695496167,0.5193643346733157
C102770,0.010743167450773012,0.5696112356279972
C102771,0.07376179711561487,0.44317681038273615
C102772,0.04582298058488845,0.29306706970247876
C102773,0.07701017392278069,0.45485645099875927
C102774,0.010870811077440458,0.2487967442991107
C102775,0.09715029543228083,0.1
C102776,0.023016311175998404,0.6205900739696404
C102777,0.03281776690121679,0.4326845641986866
C102778,0.07230101217632948,0.39223827145139517
C102779,0.0902673777717474,0.3167870871172635
C102780,0.06867634041497266,0.38134445893295277
C102781,0.06708625290708119,0.37475679065044737
C102782,0.030946402359651987,0.3669698802016955
C102783,0.12321575529955371,0.41420939429254666
C102784,0.015367200588533894,0.2375332699203258
C102785,0.04995029286980632,0.3459835468814523
C102786,0.047430173638592636,0.47983697269326225
C102787,0.04781171461127264,0.25928078267968097
C102788,0.0032506663970826486,0.388741191429483
C102789,0.04719780421185203,0.3644840700880526
C102790,0.028475776730696106,0.28154461055060404
C102791,0.05250569644309435,0.29832413641873484
C102792,0.018396483476898,0.48170882579850116
C102793,0.10593324677054534,0.24176300303079556
C102794,0.007343625893910742,0.2473824920389267
C102795,0.02979939760932103,0.29361293599883953
C102796,0.05894555529760912,0.27005933000086496
C102797,0.014813084621941208,0.47309349412990354
C102798,0.03619474405554529,0.1611460422289285
C102799,0.03621060059799033,0.40456391291646915
C102800,0.07191594003148676,0.4137993550663758
C102801,0.10530622433017647,0.22418451766006925
C102802,0.04302628521129032,0.24367328323423829
C102803,0.19599851925213185,0.22961475848505203
C102804,0.1016255910140626,0.5149326313265157
C102805,0.041715376544655215,0.3387266501778861
C102806,0.015973070451792255,0.3250121807426008
C102807,0.04065751578998599,0.3940379585315532
C102808,0.10834435749015424,0.24114171446766913
C102809,0.023341261387328185,0.29147376312389467
C102810,0.05562212530040002,0.5034941970650889
C102811,0.03842762043356807,0.4246670407317211
C102812,0.04001254228076089,0.15773784519694134
C102813,0.05033534799600631,0.3586981441299907
C102814,0.026107679315467633,0.3651316594134804
C102815,0.01834435053332979,0.27973387361050844
C102816,0.029972808666493694,0.4497089202703728
C102817,0.06517256849354507,0.45537639905623717
C102818,0.016842588759202054,0.2769590888925324
C102819,0.05114440737444902,0.492334440357875
C102820,0.014464235935741383,0.3438778361963032
C102821,0.01775659502594099,0.28509099864950893
C102822,0.03196529055415379,0.33109145794612216
C102823,0.03887687653284273,0.20716852354287943
C102824,0.06676849580822812,0.3519716480736132
C102825,0.031852900147229635,0.3612174899402466
C102826,0.014004733606210469,0.36752508461181166
C102827,0.026174214394282733,0.32321457846040075
C102828,0.032347146033235366,0.27439872009316557
C102829,0.00942795744391735,0.5108879438747722
C102830,0.10413940697266168,0.3452230216180978
C102831,0.05577108535853491,0.4338526524734754
C102832,0.03425020646994569,0.29442726659046553
C102833,0.08567602266166068,0.414122677216391
C102834,0.013409983095028387,0.5086054286514641
C102835,0.05427153007664352,0.2181006385226045
C102836,0.024027814543072144,0.502342082779099
C102837,0.06506782281639605,0.3127764851109797
C102838,0.040495021136275525,0.2626563794730823
C102839,0.020359428232673057,0.15930717848673773
C102840,0.04636443147710635,0.2986852012939515
C102841,0.09943847160514072,0.32818722905448006
C102842,0.05234322588478245,0.4107402246754249
C102843,0.006182365621513542,0.5344313319125479
C102844,0.03859325537516302,0.2551518187416228
C102845,0.04268173307433285,0.40460249358058153
C102846,0.05699806667013621,0.147374620751212
C102847,0.008691448501534938,0.1997223664909148
C102848,0.05132582256804654,0.37846488722637384
C102849,0.04072252837269156,0.5078226302317126
C102850,0.08057878289796283,0.4743874845781716
C102851,0.13309363799481372,0.35108707217447893
C102852,0.04875743435580819,0.42589476169167645
C102853,0.009893740157333087,0.5099113945358646
C102854,0.024414930507978033,0.10791375585189408
C102855,0.056220543508526934,0.28784806719016226
C102856,0.015443786104596733,0.4280958730535752
C102857,0.024555586565854035,0.2606823017279733
C102858,0.031671221363536166,0.1856351230248834
C102859,0.029670261986795538,0.3495706162150939
C102860,0.040464469871564844,0.3840787254559946
C102861,0.0896345941081079,0.24844529660293008
C102862,0.00978406552266975,0.38137798940457723
C102863,0.10142667331306798,0.5139460937541606
C102864,0.021084738522699865,0.37932428451808303
C102865,0.040126643471380515,0.35136594746906447
C102866,0.04406692422787004,0.41157861690715186
C102867,0.016984140329584695,0.14899649471897516
C102868,0.09762084451152456,0.19936963184444204
C102869,0.004675770465481352,0.3953875105112757
C102870,0.10889140565901088,0.3771902055593417
C102871,0.035420978088726324,0.27119896734904336
C102872,0.08701256081513149,0.6007078220299094
C102873,0.012917410830121663,0.3940387124162615
C102874,0.08445940073825013,0.47610311138209915
C102875,0.010125935723893326,0.29827715181171793
C102876,0.013626623363545927,0.3039924619544688
C102877,0.01559267927182383,0.3810269063256424
C102878,0.024198709025629244,0.3680844765737341
C102879,0.044265331521578216,0.21942611748941665
C102880,0.04281952087921281,0.4938269818186657
C102881,0.03531849177454712,0.2651794431254248
C102882,0.003662085311341303,0.30624011622706876
C102883,0.09849153383912805,0.46112437882048624
C102884,0.028172718771994374,0.29435029885583225
C102885,0.020940916786247543,0.3544776849070856
C102886,0.015096296305949232,0.31662433930958583
C102887,0.04484780745578655,0.29607619739668717
C102888,0.02728295457006574,0.5519726450944942
C102889,0.04066547521010531,0.362174191356139
C102890,0.07331524376229928,0.33539715872906617
C102891,0.08309374053329928,0.3143149512425642
C102892,0.029802428259259318,0.5035862824147547
C102893,0.04912329556858031,0.38781735731350486
C102894,0.049258739840219924,0.3068412935874759
C102895,0.05564729954900545,0.2352555168486659
C102896,0.024405189822826027,0.2809576831038224
C102897,0.07997820196230178,0.27645457936921397
C102898,0.044059145953990075,0.3506453446932845
C102899,0.05805521037206342,0.32072268477956095
C102900,0.03468397262838084,0.4074055291938371
C102901,0.041973454232802625,0.38285509472468804
C102902,0.025042876436816065,0.2077431283498862
C102903,0.06707084313365477,0.4119845406099163
C102904,0.007251011702085609,0.13934274069622435
C102905,0.09024969624970168,0.34629549044994806
C102906,0.07872912416267157,0.3079405689523754
C102907,0.0598730166081676,0.5017046196060756
C102908,0.10055659025668384,0.3287213549370719
C102909,0.03381619182364328,0.2508234005955893
C102910,0.007475471589966471,0.34345391021110255
C102911,0.08377552562179126,0.3919128318383179
C102912,0.0374070174168476,0.4356126549120638
C102913,0.07257535669086243,0.37479901464570875
C102914,0.03696902118013372,0.33437404475428034
C102915,0.024115339972150936,0.20665064587412682
C102916,0.0376399452988238,0.4636334204318929
C102917,0.032225244743718885,0.45976689886900074
C102918,0.06431494193593881,0.3141554453959047
C102919,0.03521110777182361,0.4008667335217321
C102920,0.0877801080877719,0.26696176903890634
C102921,0.04951231219330305,0.24123911322909597
C102922,0.03326827871593899,0.18973045144024395
C102923,0.05714505875115725,0.4286524636180616
C102924,0.028569875166578516,0.35954920410055563
C102925,0.011400103189405217,0.43472663737534556
C102926,0.027623638816710108,0.43623702279165316
C102927,0.13902708630229388,0.39845812785801643
C102928,0.025251974323757573,0.1948291602520176
C102929,0.08626083470380798,0.3579879686878892
C102930,0.0061509768221476935,0.32549283248991884
C102931,0.03415190179389721,0.3846826428625807
C102932,0.03193607061933109,0.4489369200929668
C102933,0.03322422052996799,0.22040084663884113
C102934,0.03762546239443457,0.37114993766608606
C102935,0.0527984714574006,0.1
C102936,0.060557779067741034,0.30712930694669677
C102937,0.0462960456189653,0.5444442762420001
C102938,0.047498944227971684,0.5126089877443796
C102939,0.05665990969746005,0.17278525658196398
C102940,0.12137066413694617,0.3444336994377946
C102941,0.011631625232151827,0.3287293744486989
C102942,0.017229334161341543,0.3164135105567738
C102943,0.050868554890304965,0.41434913620744984
C102944,0.04361013100594774,0.27664565332317753
C102945,0.040789876569424365,0.3514509646020999
C102946,0.1012069514316117,0.45406424311237714
C102947,0.05040135740682042,0.3256671298005734
C102948,0.04762293943083688,0.3358420577821129
C102949,0.10385124081154995,0.3903402212120364
C102950,0.008484406723179487,0.35179919554345085
C102951,0.05983224650742876,0.24455458907565575
C102952,0.06962929309570685,0.4983106277353667
C102953,0.10829334374638784,0.3675940507477209
C102954,0.03261580009754596,0.29047652874050045
C102955,0.046136215168975585,0.34562145675659256
C102956,0.06829446940500274,0.34549639709678304
C102957,0.025797474749196747,0.3787848097690979
C102958,0.024863066371511835,0.25294574074189624
C102959,0.04224991464489658,0.3246133569520947
C102960,0.02021758800616254,0.3133511846668356
C102961,0.03276106348290182,0.4096441203240545
C102962,0.05131452136315393,0.3994894211959147
C102963,0.02131870621272156,0.36997365872128196
C102964,0.05134321717462847,0.6193326999099116
C102965,0.1436299136384963,0.3155887147451419
C102966,0.07302304080050234,0.3748007802358963
C102967,0.07909275003850103,0.3041276830842792
C102968,0.06256072776054916,0.2770032975143869
C102969,0.08538088745476323,0.3114393103599621
C102970,0.05016471672738514,0.4292731350688746
C102971,0.06894420379871484,0.38579239353566097
C102972,0.11815149653452009,0.2945437285667396
C102973,0.07095845869588271,0.5160495314399045
C102974,0.035579338386185114,0.34760266950856955
C102975,0.024336588922273337,0.4491561883097961
C102976,0.03711309490569634,0.3511649275624002
C102977,0.0214467023061422,0.33757264614531374
C102978,0.005950806767407928,0.38132945110605726
C102979,0.0555201152427183,0.3414459951633797
C102980,0.07113787888924215,0.39913340380542883
C102981,0.014934622488449317,0.48017550176588686
C102982,0.01657908540281718,0.428400941853338
C102983,0.03748449123833211,0.3428618687612346
C102984,0.011979896478743198,0.35476525105164436
C102985,0.046407765980524124,0.30850128887707745
C102986,0.07518815400830713,0.3844684220913458
C102987,0.02303133732066454,0.2913760068714992
C102988,0.10692340687693014,0.2607560409854464
C102989,0.0852700782526371,0.5087494617942273
C102990,0.08185439213200528,0.4253423403015209
C102991,0.03537467138623557,0.25770689160947247
C102992,0.08512017761382253,0.37599087140055776
C102993,0.02516416621579428,0.4257794984780486
C102994,0.06716246223147357,0.5588699257566114
C102995,0.06862128070459617,0.25193813430094625
C102996,0.055770108663131784,0.3110747844130052
C102997,0.020345640559691798,0.2898317482185194
C102998,0.05201815363055351,0.39199309411679933
C102999,0.09551145624726069,0.30625022367441357
C103000,0.04950435607311005,0.6325622243643749
C103001,0.04362305396384185,0.3820459912037585
C103002,0.047994742780959804,0.3952639401365682
C103003,0.022235590537065676,0.41287677015300783
C103004,0.017909908560351823,0.4265674115933058
C103005,0.024257455385948323,0.42613997529487263
C103006,0.03750848205932598,0.4390693362313095
C103007,0.011084812373633127,0.5253822869534364
C103008,0.06901322823502386,0.5061540866976354
C103009,0.020540517605021753,0.4841629255602142
C103010,0.04473486101543714,0.36616757929474186
C103011,0.04184363081597142,0.4040521163604857
C103012,0.09853685702341156,0.30496319466273825
C103013,0.037445614477512296,0.4638413455075808
C103014,0.05042803640898827,0.4504992489239271
C103015,0.04878661361024278,0.28429513698627884
C103016,0.10234030739421882,0.42179262097786135
C103017,0.005090517446192985,0.27778604713808314
C103018,0.04502628367741644,0.1
C103019,0.02900315275142074,0.4694067679227557
C103020,0.01797120030249417,0.3615760083149433
C103021,0.013418635327425644,0.4160634672578688
C103022,0.019144777739275892,0.2926378527688356
C103023,0.03330121735744271,0.603297807994019
C103024,0.12363283453209617,0.623220109927525
C103025,0.041853927988743087,0.5470798479555126
C103026,0.060833055551558435,0.20111350073489273
C103027,0.11972023355028066,0.21566761440076856
C103028,0.015709668999139153,0.27525478514065593
C103029,0.021073673003119235,0.4088610514488049
C103030,0.053867626888737474,0.31411015651654417
C103031,0.12036863842121238,0.3080236337607599
C103032,0.0871609263118869,0.32593934376386857
C103033,0.012813980448362827,0.21884986561396194
C103034,0.03713295468921567,0.4126931281134216
C103035,0.08216640375766046,0.39209330598438175
C103036,0.03215509311394797,0.3927546498400241
C103037,0.022699221692370004,0.5864249268412893
C103038,0.1213578012975188,0.4181593489745373
C103039,0.09226118039627587,0.3636779755915587
C103040,0.026633382231148382,0.30832729956733823
C103041,0.03555400352044581,0.4436332377631278
C103042,0.029976592218064098,0.44178583234867186
C103043,0.011878755310228408,0.3482560248195604
C103044,0.18969762640543814,0.46987279985726355
C103045,0.025411640539863008,0.2766244357115545
C103046,0.03569028396479169,0.3654322521407616
C103047,0.08714839985249151,0.47740113614207036
C103048,0.05175800007820009,0.27871910159338587
C103049,0.05518857624100877,0.27089404956790103
C103050,0.03642015892297159,0.44111861125621254
C103051,0.07111534517777467,0.39458157417655726
C103052,0.060860858318332184,0.3162468776249967
C103053,0.04738861382538636,0.25442544570941306
C103054,0.01010044294121172,0.4192114138448709
C103055,0.04570856417290953,0.3559327869210452
C103056,0.031053384577027342,0.4013945897138857
C103057,0.06793497488486898,0.3543552331623222
C103058,0.02096943142060319,0.15553261315607161
C103059,0.030365731183545866,0.46673120798821705
C103060,0.07173357785465005,0.30894812602945304
C103061,0.06934930696704227,0.3983805952681938
C103062,0.0599502391082708,0.1520063619825946
C103063,0.06645555278386739,0.3744720880985909
C103064,0.06897684419848062,0.3373812770462272
C103065,0.08759856468530003,0.2420571540856466
C103066,0.05712464211086427,0.48589429042708454
C103067,0.09663340077735925,0.43261340814275273
C103068,0.0496916658723534,0.2401136145402125
C103069,0.05103617289222577,0.4335975460727158
C103070,0.09144076146986066,0.3525058244018281
C103071,0.024986868815111227,0.3400887979131845
C103072,0.05831216495855518,0.35851243915848163
C103073,0.03466883437613286,0.3695733120302827
C103074,0.018927495722562995,0.33590102621161266
C103075,0.03971248960551478,0.3788465821530987
C103076,0.053162303313713716,0.34711932091414033
C103077,0.02880631927597866,0.31221576163886383
C103078,0.020567912657242563,0.5066014810005772
C103079,0.015999802102895033,0.5201963767503254
C103080,0.06446452979254418,0.23424451203451943
C103081,0.04833276530570482,0.2636329208996538
C103082,0.02823865580730646,0.3783506109316403
C103083,0.06110815600143801,0.35357951223278045
C103084,0.03521090818281406,0.3220998194789659
C103085,0.003169390473112745,0.5002593157388678
C103086,0.032330174805660084,0.38653613626305167
C103087,0.033760283640055844,0.28189510318539973
C103088,0.02340062235007767,0.5087101987703517
C103089,0.02855634423836154,0.21507336166367336
C103090,0.049191312319649676,0.4082657605185323
C103091,0.014494556366403129,0.3637632095151924
C103092,0.04840862985718853,0.45912625921037764
C103093,0.04717949276627735,0.38205714615056996
C103094,0.04491422023868517,0.459318105571594
C103095,0.02001969221207442,0.2844980775891687
C103096,0.049276456836209674,0.36614870735747784
C103097,0.04628021937689618,0.3127626707397788
C103098,0.013318353347984821,0.548792889281665
C103099,0.009192887738345904,0.4426017739957173
C103100,0.04577538020382415,0.25002275319926953
C103101,0.08061584582230905,0.35549791730076524
C103102,0.031932991188082044,0.40180183477607123
C103103,0.07127827716831114,0.3320089732716683
C103104,0.07576850983791862,0.3979052339703694
C103105,0.055132483997075994,0.5410220171486884
C103106,0.050177630909883364,0.22696487290157039
C103107,0.05562841588344131,0.5021790359036634
C103108,0.12788399338449757,0.26801245131511464
C103109,0.07343412518626363,0.4306048508319669
C103110,0.09522972707679492,0.47388172122381345
C103111,0.0680929565755576,0.30002567240931055
C103112,0.017589095615036347,0.35506975776690197
C103113,0.09909049009315422,0.38623478889295393
C103114,0.03512114185455251,0.2639885175488514
C103115,0.047506705575396574,0.2541340854186348
C103116,0.05616140916972587,0.4336517746925888
C103117,0.009272892864202836,0.23287517400199376
C103118,0.05720042935815749,0.4461172415279197
C103119,0.040387503035109476,0.5009902388397746
C103120,0.026580393246297122,0.30318802498444963
C103121,0.0644066899600629,0.34737260893337313
C103122,0.03571202155451649,0.4265235239541039
C103123,0.05162358542044813,0.253888662509271
C103124,0.02993075387453445,0.29454472410824256
C103125,0.015449965567870347,0.2849856863170578
C103126,0.09542000695658401,0.48743461039133046
C103127,0.023569575358695763,0.1944892164998377
C103128,0.043487285049604106,0.19899056711835708
C103129,0.05266433005776912,0.24039066171089737
C103130,0.05030702011793037,0.38018120720379583
C103131,0.042628240247525866,0.26330728043999985
C103132,0.02727074859735209,0.32792269303867005
C103133,0.05149864303530415,0.4911524710415941
C103134,0.028315342840678295,0.13743386709453229
C103135,0.003628713348507539,0.37417607351698706
C103136,0.06584274886966393,0.34728506376265694
C103137,0.0920009739153543,0.3701643436775294
C103138,0.04817604388133316,0.4268058535943329
C103139,0.02636797879274362,0.1627004026554542
C103140,0.03858090429532779,0.4226086016456644
C103141,0.02569194753403054,0.3299022387255737
C103142,0.04835445760521692,0.316620953895729
C103143,0.03212551721141244,0.3663177102517097
C103144,0.014463888099090324,0.1386147306663919
C103145,0.03438878638783659,0.4492019788195118
C103146,0.05679800995676708,0.3758105444706369
C103147,0.047207471163344734,0.21296644733887513
C103148,0.052528259304833846,0.35084291925763167
C103149,0.03905808807565016,0.20306950181347774
C103150,0.025604878150540897,0.28285351119786606
C103151,0.028911217026625507,0.2787146834907294
C103152,0.0815265312765051,0.38733389656620254
C103153,0.03641094800483779,0.646067627948502
C103154,0.011602879243334861,0.448475437112764
C103155,0.005188494859150846,0.3331907030561433
C103156,0.010928936288517445,0.12022103954477059
C103157,0.08218724716397778,0.2521322585374703
C103158,0.04264153039351608,0.3817715363983104
C103159,0.08790917731798485,0.47793451755506056
C103160,0.022529699589905423,0.296078768957102
C103161,0.025789375868903338,0.3366601702831168
C103162,0.04264915768771049,0.34483212781275147
C103163,0.05511147331224039,0.2167881415144918
C103164,0.04145378883593471,0.4305042416559692
C103165,0.009047505175788489,0.4699368029885022
C103166,0.12747511245833593,0.3500809875770961
C103167,0.01663581487559728,0.2872132326438475
C103168,0.021538470311115984,0.4212300307847901
C103169,0.02312928622365355,0.4696532812753847
C103170,0.010103646260383868,0.39034286210424957
C103171,0.06359931550573171,0.36223047170442046
C103172,0.03489245168349845,0.2585640068377294
C103173,0.02766511021133128,0.5860518546020502
C103174,0.019516535954869678,0.4917123675916172
C103175,0.09049442205563048,0.3834591881754535
C103176,0.08023199726181177,0.1968371554111352
C103177,0.032498916679859186,0.4175432272708337
C103178,0.05063406274454706,0.3201425829896497
C103179,0.04361372256961036,0.5334260582779826
C103180,0.024113534363084076,0.4112438237016838
C103181,0.01984354739968034,0.3680686341958105
C103182,0.068667558840398,0.4556322943005262
C103183,0.02599908385198666,0.3606718483955614
C103184,0.04531851308078644,0.4217361891167396
C103185,0.01930319653148859,0.3849682297905051
C103186,0.07979840674752053,0.4092883653714523
C103187,0.0161592228819844,0.3384805888021777
C103188,0.07754644000302156,0.3364500516165811
C103189,0.017313826039964873,0.49803300675238676
C103190,0.09201454474472323,0.4933255752969119
C103191,0.034044576062396,0.23843452285892036
C103192,0.07132219304532963,0.34138714316406066
C103193,0.04044470674771047,0.26973456049056366
C103194,0.05120979217523918,0.27603506475725775
C103195,0.04269280640144782,0.1895272064592812
C103196,0.06278250365138278,0.38036713236953296
C103197,0.07718448454750788,0.3842730876609993
C103198,0.04407094812418129,0.3563174383222012
C103199,0.022721834616079722,0.3495855909867917
C103200,0.040699362816755645,0.35054820726982505
C103201,0.04651499743860347,0.1198303071141282
C103202,0.07341998556834997,0.3662018550543669
C103203,0.014160840738626255,0.46426040386546774
C103204,0.09529626994695324,0.3273426432546902
C103205,0.021131665431034452,0.3011584274365454
C103206,0.013468782845627907,0.2604714434964831
C103207,0.039274697479488,0.24374972035137732
C103208,0.007434553890434865,0.25245795161314466
C103209,0.10348262856363105,0.34769653548177454
C103210,0.059247804899935766,0.3107918171575632
C103211,0.10378632150900285,0.23148637319817256
C103212,0.05754600377780923,0.2920467975680615
C103213,0.05327446586176514,0.2666502174641585
C103214,0.023138126309861166,0.17272933510415153
C103215,0.0735149220714595,0.36643389907820484
C103216,0.03196384550576055,0.35987744253891296
C103217,0.018206249090615842,0.36230055719987153
C103218,0.032105420925608315,0.11789010982149081
C103219,0.024230830664224556,0.28052191570424645
C103220,0.025005450547323463,0.2757727711262259
C103221,0.03147971050799124,0.3029592058343341
C103222,0.08398612085287549,0.30483991923975456
C103223,0.07674742392578736,0.4752559313600217
C103224,0.04003750841284793,0.35168582588977954
C103225,0.041052819238362126,0.37694516484077845
C103226,0.0376766472523905,0.2961270992463577
C103227,0.05444797662129042,0.4022534595589703
C103228,0.07101062923379137,0.4494684557488482
C103229,0.020178663131346322,0.2707394449665901
C103230,0.09812668103145894,0.22851126132826133
C103231,0.02887137197696674,0.21592626274003124
C103232,0.06153463205537727,0.34075977260786977
C103233,0.010962203979330318,0.25734386435666873
C103234,0.09201395196017867,0.49507564040558605
C103235,0.042586822538832586,0.27883611255798935
C103236,0.06922665636177631,0.40769204150775185
C103237,0.04351405275144429,0.41676539307531035
C103238,0.018689746976704703,0.19905229283719117
C103239,0.022444821741657423,0.37988029753193303
C103240,0.034826977832134474,0.359935572937665
C103241,0.05282694705619514,0.2338110345457463
C103242,0.04612918997448811,0.4670722718544713
C103243,0.06864675163729196,0.3926086660834648
C103244,0.016221340704779066,0.35230601938723266
C103245,0.07035973806151426,0.34089077288571673
C103246,0.17126503824140127,0.3467669066051785
C103247,0.10693948642702465,0.35381390630645126
C103248,0.00974904207488121,0.40448550445370307
C103249,0.06360542796357124,0.12014303354924555
C103250,0.06167469991832421,0.37159161476121694
C103251,0.02218243061137021,0.5207664314746008
C103252,0.059135613784745265,0.30361635675921944
C103253,0.037463512116402954,0.32376616582566903
C103254,0.06313790631906764,0.36137941087368586
C103255,0.040315428203012274,0.39474447499846005
C103256,0.04494016757583331,0.4302059934276463
C103257,0.017276347774220324,0.3588305235818888
C103258,0.03984959659582049,0.42828774079772186
C103259,0.008953897079341229,0.3253802002573755
C103260,0.021765634995306475,0.3919951970939867
C103261,0.012719924467138979,0.2700327485987695
C103262,0.009939042304449164,0.5401941747918939
C103263,0.02598124166854625,0.4652969400517509
C103264,0.04501051169467271,0.4011499161443402
C103265,0.03575184501242904,0.3695867936566156
C103266,0.024203731179365598,0.4689853346175528
C103267,0.038117934706820074,0.3450302756267749
C103268,0.056120966479836436,0.5136760156942147
C103269,0.02570424935911079,0.35367362337656255
C103270,0.03439145332378341,0.5233863798293571
C103271,0.05674997375331635,0.36156004120721363
C103272,0.03497636763447299,0.25064572384948725
C103273,0.03859476284228464,0.18607537521758777
C103274,0.009834299095853401,0.25004380914037055
C103275,0.19863462484431746,0.29362075034113955
C103276,0.04932317712576677,0.19100063427204306
C103277,0.04515484617029595,0.36183473866322335
C103278,0.06465209226444699,0.40259612605720974
C103279,0.02349001116087069,0.18960168172109076
C103280,0.05958806837419719,0.34860913251727677
C103281,0.041238953510823254,0.3467160206786972
C103282,0.047589792980022735,0.33655430862225777
C103283,0.04663939822696588,0.4437480374309069
C103284,0.10585354890575209,0.38258266133970925
C103285,0.04084415898581849,0.33988375751420324
C103286,0.04948810954474281,0.21707416216198877
C103287,0.041690867622758296,0.470002435356777
C103288,0.06534724441073334,0.5091848935165569
C103289,0.034498551880687775,0.48626223846810446
C103290,0.008556892279855292,0.47868116559300267
C103291,0.07591178574174963,0.1905197202802871
C103292,0.06603597528441756,0.4239283777629857
C103293,0.04051414816984751,0.12393619002280448
C103294,0.12153517016174235,0.3697924952907744
C103295,0.02148324933338709,0.14816266617016516
C103296,0.07467498870728938,0.1897913562720697
C103297,0.010285198702956569,0.5522731834595211
C103298,0.019753646244610127,0.2708885575032484
C103299,0.07446063456226844,0.4675710899371889
C103300,0.05047317930970633,0.31381191691989624
C103301,0.04274894156073388,0.369373762195265
C103302,0.04769539520463639,0.17935547291989423
C103303,0.011726591184421422,0.40746699922643737
C103304,0.10597027029956246,0.2924042837259064
C103305,0.0678052184662859,0.29019996424331546
C103306,0.01819425916377917,0.33982646790978754
C103307,0.051940778069095965,0.2774035861032503
C103308,0.09279792052804181,0.25417341391142484
C103309,0.011732017446448058,0.19917249376068555
C103310,0.05833329287165555,0.1879395696429555
C103311,0.12557238701377624,0.15953223612414918
C103312,0.011490461657934192,0.23089761614452547
C103313,0.039488146743491166,0.3577763553837379
C103314,0.032610691800896964,0.3408001371740324
C103315,0.03401838383592175,0.2866274899172145
C103316,0.13014642744942995,0.38757073484648974
C103317,0.01486014306599185,0.21637146215138026
C103318,0.03330691199934737,0.3935773593223159
C103319,0.03761192438156418,0.32372894522927903
C103320,0.08207915958541667,0.3459521812082471
C103321,0.0076126177532884415,0.214152784035505
C103322,0.007451831779763181,0.39496327813067006
C103323,0.1594844275937147,0.4478628146291987
C103324,0.10602595778565416,0.21150255407293675
C103325,0.02637746130223821,0.3039112303325937
C103326,0.06979348855587256,0.3232562542832971
C103327,0.09896721235937422,0.4225913104887946
C103328,0.04647358777756862,0.39281661377073324
C103329,0.06134943271134607,0.23527840337404277
C103330,0.04038102909234909,0.27163839696109326
C103331,0.03847380623077421,0.40365309849749365
C103332,0.20128855902436857,0.3063557014473734
C103333,0.03147849788387479,0.24562090262521324
C103334,0.0020261845230923102,0.21580678578376425
C103335,0.13431191836669348,0.5000149064596597
C103336,0.014388415474829266,0.3178898804293232
C103337,0.06608408157226324,0.3477913070778662
C103338,0.04335568377876213,0.2611892111132708
C103339,0.10271744312343031,0.4594721929990984
C103340,0.032557753303522896,0.28266638384055387
C103341,0.06470233923524234,0.4313047477361311
C103342,0.006862204879489081,0.35619892554408084
C103343,0.051599094391482477,0.4408990197887209
C103344,0.006591314613557627,0.23662012443010894
C103345,0.0830371267560579,0.3174168158413081
C103346,0.048137998029386286,0.3976476435934837
C103347,0.07187752471872262,0.39014370449129526
C103348,0.12661975975300627,0.33204516643156934
C103349,0.033639174169391065,0.4067790862098717
C103350,0.03455019737118239,0.4890143465815857
C103351,0.027256433121145816,0.3161790081252781
C103352,0.07770940226409909,0.5722713104508772
C103353,0.024304663081806684,0.46068719654671597
C103354,0.028381904764764168,0.1
C103355,0.03114944363799341,0.32838203255070125
C103356,0.011373908929838068,0.29595075793806436
C103357,0.033561238184987685,0.25521449023329185
C103358,0.058516553240572075,0.4209433649599995
C103359,0.05519357375946306,0.25879749881504616
C103360,0.02219879885797993,0.11926573189811707
C103361,0.12561472759593914,0.16696155507546118
C103362,0.05350510504996707,0.3663556111498007
C103363,0.05528431494960379,0.2850665126375772
C103364,0.012801223033848194,0.36321113908090463
C103365,0.03192731241780238,0.5699981864055701
C103366,0.021396711179075125,0.3253055396952746
C103367,0.014354288871362439,0.3031769140029189
C103368,0.05187761390947542,0.2809486983021638
C103369,0.017411896828907588,0.31342995034626386
C103370,0.10894919699060478,0.4794265772608546
C103371,0.04310281757807847,0.41484431122543075
C103372,0.025721346031474867,0.3480586133391044
C103373,0.03773752035961524,0.1596771415108579
C103374,0.08280734436775956,0.30292410589325225
C103375,0.03661355300051715,0.4294463583251327
C103376,0.03618367551560289,0.42510658670901713
C103377,0.04377780583629167,0.43200016796967433
C103378,0.008745220890137061,0.45647562997450464
C103379,0.06772854854472714,0.5643246563385578
C103380,0.11227829610767785,0.48857303749496683
C103381,0.12487336008143798,0.3522588037501135
C103382,0.08797058142155204,0.5202697039199671
C103383,0.025819946072316493,0.5298831962282861
C103384,0.037005013773718995,0.3261561218928558
C103385,0.011440755165370721,0.2863163573888627
C103386,0.009620565983682923,0.4450091106912972
C103387,0.06351080384544272,0.4090349757776177
C103388,0.08127125047943552,0.37205180084333783
C103389,0.05094545664583147,0.36874771704275094
C103390,0.016566579630630643,0.31375795203541784
C103391,0.17849737684698555,0.4925737952176948
C103392,0.08026908783536225,0.4079958709887421
C103393,0.04579392879451203,0.2467909224734713
C103394,0.05368849829828085,0.5578796336594644
C103395,0.05400822595132558,0.2144599614539239
C103396,0.02198963586533904,0.3815824478121808
C103397,0.0410826565415405,0.39983805594867217
C103398,0.03795151707143892,0.4350275090746244
C103399,0.055605482760890855,0.46216148894443826
C103400,0.009105618988980886,0.4674589827735425
C103401,0.03280590166402829,0.46216524286880545
C103402,0.05707935560311049,0.2889128527804051
C103403,0.017140051998753767,0.4416869401144192
C103404,0.06451913843209135,0.2289718039653208
C103405,0.0494142428019272,0.34392371758578344
C103406,0.009760870146022668,0.2659667847241579
C103407,0.14359803406801094,0.16766934934984556
C103408,0.08143413095952955,0.3897678650205306
C103409,0.029178354483160654,0.19222640179704414
C103410,0.05635777024521217,0.2913488672966493
C103411,0.016632319312770802,0.38601741116514776
C103412,0.018017980040806684,0.45411265573197207
C103413,0.1361180211468713,0.309134524162766
C103414,0.027501082151507886,0.22611862745829941
C103415,0.023273883088040445,0.2722189103679136
C103416,0.006770316469982844,0.2449554231002253
C103417,0.028944412637889397,0.31634312478866056
C103418,0.027835896642663588,0.2235884604144949
C103419,0.0421362860355847,0.3867607058961165
C103420,0.005972467930176362,0.3415102522787165
C103421,0.027219642504233973,0.41049374678104844
C103422,0.04955123221780817,0.254399397116936
C103423,0.04825676498190447,0.43071818520594307
C103424,0.06144323583066051,0.5412235850791806
C103425,0.053201432193660615,0.36349681699258923
C103426,0.07229615235681311,0.396502212114515
C103427,0.01445955826440576,0.4179666586048632
C103428,0.1072423158642238,0.3317969687039604
C103429,0.009108786708279026,0.38297102796002813
C103430,0.03701863767246554,0.19644965169238812
C103431,0.0497323055803014,0.41712682642105403
C103432,0.052686652035106966,0.312010913446879
C103433,0.03171843361401819,0.32687114097653547
C103434,0.03997831921039274,0.5850673201878235
C103435,0.01571964316900981,0.16861277948989198
C103436,0.06670092120551628,0.25185976222220496
C103437,0.04929239732521392,0.352682284490564
C103438,0.017195407321082223,0.1
C103439,0.07041483994328111,0.3073250303201102
C103440,0.030649694814135747,0.6244539247010941
C103441,0.029694411451241947,0.3790282868715655
C103442,0.017396035041735,0.46101512427647856
C103443,0.018003778572444964,0.42738495737210735
C103444,0.04152459453739051,0.4797818752996308
C103445,0.062400030886849485,0.4169763622955569
C103446,0.02026804908975887,0.40655444790032813
C103447,0.06917131331880845,0.186722431554436
C103448,0.03802024966785511,0.6719415498421826
C103449,0.013713462210521984,0.4589185513210567
C103450,0.01134854778593286,0.358329531375986
C103451,0.08152824207065643,0.38587913185664857
C103452,0.13215796167576793,0.3931336011354777
C103453,0.013164337241652703,0.243683911244022
C103454,0.11689159703185116,0.4935677555793669
C103455,0.09216368037993232,0.35559482086371663
C103456,0.08087674297224261,0.3023688122770691
C103457,0.03797206681904496,0.2957490151226495
C103458,0.08704402167403866,0.39251356913353097
C103459,0.06550183876945717,0.44530553989863036
C103460,0.05303300819816911,0.41817352640819166
C103461,0.03870481530901002,0.2897809834113902
C103462,0.04010367280019238,0.4135370574267512
C103463,0.03214890487555184,0.432976344726795
C103464,0.039154578741744876,0.2514380543225483
C103465,0.013854515694385717,0.26788456437664043
C103466,0.01145704889563995,0.3135576128282901
C103467,0.0098893072795004,0.38035370154700376
C103468,0.07323303983630418,0.3751138253269067
C103469,0.03323035953600848,0.23335179878159215
C103470,0.12168457538814548,0.17529397985679857
C103471,0.03611219863571359,0.30383172208493026
C103472,0.052151809993329246,0.30915146557671574
C103473,0.032692483953346424,0.36226270215318557
C103474,0.021902323766411838,0.25417973977938935
C103475,0.015922123417961464,0.3325486021521799
C103476,0.10239769224158389,0.3067082542751675
C103477,0.009746608974500042,0.40456129871384866
C103478,0.010195392870382658,0.47620252304066013
C103479,0.03819276563635434,0.38875671280565
C103480,0.09298336164477937,0.47529738112195336
C103481,0.10612743284534906,0.2648512471104496
C103482,0.028411802409667206,0.3758913834484757
C103483,0.04793042388137088,0.36892072592937325
C103484,0.017018611838657004,0.30024018289942767
C103485,0.05203139739165952,0.3586782589011549
C103486,0.01863324525630449,0.11589093813457546
C103487,0.0725393504684952,0.3586505675345696
C103488,0.008495702079965202,0.4886407602741821
C103489,0.017087681184240127,0.41143955750386574
C103490,0.02677083692451454,0.2588695558531583
C103491,0.042679340164408185,0.42629412726981497
C103492,0.03954750069090419,0.4124496825565703
C103493,0.034149175635300955,0.3995687647283169
C103494,0.04138807320801131,0.24161463002992173
C103495,0.016830918329424644,0.38714161043320444
C103496,0.0409528475987626,0.5318027780429974
C103497,0.03870982165901982,0.5612222892793228
C103498,0.027865303581761904,0.3269904939438355
C103499,0.008154912933937587,0.370193587123628
C103500,0.037694748325796223,0.46255669387329174
C103501,0.011400458972815015,0.35427304791618175
C103502,0.04483443535964754,0.27288981786869626
C103503,0.08596403406104973,0.32534650117695957
C103504,0.06128017918561232,0.4197384768222303
C103505,0.050628901314586076,0.2614830995260111
C103506,0.022334247854160116,0.3952091590599452
C103507,0.06646257624640965,0.30859118231921423
C103508,0.02144837535677632,0.45397203758027094
C103509,0.11917403245343147,0.3842568654675253
C103510,0.06307218137988402,0.24512471131387792
C103511,0.06215744071240537,0.4813225278244273
C103512,0.010538217326919846,0.6024050076932195
C103513,0.09249014623943597,0.42236270095926265
C103514,0.03002400496674181,0.3792412073265851
C103515,0.10364999309492397,0.2761064490307115
C103516,0.011781852630274625,0.4285603221808332
C103517,0.07474675448406701,0.44037535277296097
C103518,0.04845247532322493,0.1968631536265135
C103519,0.03559414426479471,0.3170276083860365
C103520,0.037257930209882675,0.1422660888084639
C103521,0.05110885412632865,0.3336777891929251
C103522,0.09662770213690068,0.3068509453991669
C103523,0.07723590434238807,0.2540222728241991
C103524,0.052587463127675295,0.1
C103525,0.05659069144961066,0.321979882831062
C103526,0.035905013019300644,0.43287178578404517
C103527,0.04305444619573852,0.450780404854307
C103528,0.013243063775974407,0.3201288292134264
C103529,0.07255079427189733,0.3353017523304411
C103530,0.1452470998400795,0.3812088117700313
C103531,0.07058944687595438,0.4885248239546399
C103532,0.016664798105596495,0.5198748782068138
C103533,0.06260114435062063,0.29999783906455374
C103534,0.03205850067079148,0.33408010683785977
C103535,0.10494876058753677,0.36364117773572735
C103536,0.10622667105522933,0.31638389225224955
C103537,0.046233351395648395,0.2526936540068825
C103538,0.027788295298934538,0.2608096254519855
C103539,0.012800817214206872,0.441267833584182
C103540,0.010648389581624913,0.45043636871916626
C103541,0.020766237913387955,0.23891207056679784
C103542,0.024203430738073368,0.35080793158138796
C103543,0.007267394042280527,0.25020379552293437
C103544,0.017101605014867995,0.3655670379437652
C103545,0.0879319382925705,0.38531807879588587
C103546,0.04734572736726019,0.39219284001958693
C103547,0.044583930550588464,0.20237434381225036
C103548,0.03625941598025566,0.2793905959753796
C103549,0.08471224093428123,0.4167444090850326
C103550,0.04861419955969292,0.35652268636512835
C103551,0.0387075580604336,0.24946602150057934
C103552,0.04014710332543848,0.39133830144296755
C103553,0.0063397438434904365,0.43991529536946566
C103554,0.06469216874557852,0.3726848886749425
C103555,0.01053907073501887,0.33494847580704984
C103556,0.07879261592160727,0.18691516372441278
C103557,0.035331341971049236,0.5675291527869175
C103558,0.02834632870378782,0.26751200368612055
C103559,0.030604670404460334,0.27896987105349824
C103560,0.016090154801097267,0.3037485307326399
C103561,0.08796059325211389,0.26096942667442186
C103562,0.02742514272317777,0.3373620812482638
C103563,0.010486749921205686,0.4415020451811223
C103564,0.02483249057725409,0.2798048932460826
C103565,0.012673598585432303,0.3383132433246462
C103566,0.007174458075157308,0.2845469824556984
C103567,0.014487086385993513,0.471490330547611
C103568,0.08836396770341498,0.42652401922743727
C103569,0.0358746988809032,0.5081911191756544
C103570,0.006085292897547016,0.42444926420447715
C103571,0.03748770072935986,0.3292967921991653
C103572,0.0355998453982141,0.41013882799284146
C103573,0.05290584038772472,0.3296101150830392
C103574,0.034845396140079685,0.4385860429845726
C103575,0.03469525487051173,0.496158415110171
C103576,0.02868068995439193,0.3595789231994127
C103577,0.02260851210545114,0.20949620811033423
C103578,0.04732510854582515,0.3916027085458657
C103579,0.007073449243800509,0.3666716349722917
C103580,0.018713309281178595,0.25702218198134474
C103581,0.05960691235853343,0.4037670401782901
C103582,0.08133996262029654,0.5199553775535333
C103583,0.05177370897648723,0.4284679793656771
C103584,0.026693604510393668,0.3045285995589112
C103585,0.04534608995249079,0.41060057582774145
C103586,0.034362234819990935,0.34619541496726997
C103587,0.018134332247736,0.3367677891777062
C103588,0.059409699393023985,0.4422704202841572
C103589,0.12788238672986788,0.33678464077012304
C103590,0.009465059160047376,0.4252227687383143
C103591,0.045042697107890474,0.4010230208395532
C103592,0.028870653390752267,0.30556832272941414
C103593,0.05277656614656769,0.21317491858253457
C103594,0.015065089308225412,0.2982140083993363
C103595,0.041879715353760734,0.3187188890816566
C103596,0.006044018325841266,0.33097426022079984
C103597,0.010226889617859777,0.4436442448047055
C103598,0.026079780647676618,0.2279247716752922
C103599,0.059908505015705375,0.3219977760900238
C103600,0.0024844459978630024,0.3593032049679725
C103601,0.017122213898498103,0.2924742986641926
C103602,0.022931523379563754,0.3545818029538308
C103603,0.05851607790382998,0.22506094773001334
C103604,0.06319713795358466,0.25817849919383246
C103605,0.06820348436357668,0.37519723005372346
C103606,0.07825008099518478,0.30604167188118986
C103607,0.06166967359742521,0.3886055654688327
C103608,0.012197318053330007,0.4763914460919193
C103609,0.01762376737901447,0.44799568219933245
C103610,0.029787930595983416,0.42462071733015827
C103611,0.023079143582873433,0.42115275655768636
C103612,0.051896618371379634,0.2998727625565158
C103613,0.08053782173928477,0.19484940135120007
C103614,0.02026484881641456,0.20955736741783734
C103615,0.1594813500539807,0.2822120940600183
C103616,0.06528743175495945,0.37162389859067635
C103617,0.027256299316390578,0.2529530859630049
C103618,0.017185122246369908,0.3741418979016997
C103619,0.009767613166978682,0.3655952543461179
C103620,0.025358919900295544,0.5234036272550204
C103621,0.05221888283141276,0.25130442813516163
C103622,0.049772422603807244,0.40235032816143
C103623,0.09326424690231831,0.39967679024678904
C103624,0.023637045462668142,0.30039470804616675
C103625,0.03878784197083178,0.21675394536426587
C103626,0.03659580470454696,0.5405158605297024
C103627,0.04617763142620337,0.29364705973653626
C103628,0.004093561929170364,0.29208295693675274
C103629,0.03463855075044998,0.4339568870855562
C103630,0.038205006345745605,0.2939917150362646
C103631,0.040161222311078694,0.3639117921646642
C103632,0.034146769694776785,0.2073753003554973
C103633,0.01059188393982444,0.38307233305466465
C103634,0.01146545093405111,0.46187620313176286
C103635,0.0050910566393302945,0.28964934462223607
C103636,0.0842602764747121,0.2782329848308926
C103637,0.01265322566354786,0.31948702576583277
C103638,0.05454079508197655,0.29003084190854495
C103639,0.014029177626250517,0.2190118247136908
C103640,0.030369694854984017,0.38130426543874746
C103641,0.009388428681164147,0.457164998778947
C103642,0.03766675954738819,0.33156445366256654
C103643,0.02851442692729279,0.34327900106233683
C103644,0.06582260194993929,0.4381510333129676
C103645,0.06203096318105637,0.3880498897203801
C103646,0.057065935875517365,0.22824017826508214
C103647,0.03187892546562881,0.5034414964622996
C103648,0.09416876864531064,0.4509854432938901
C103649,0.09287965827856741,0.4406294763812804
C103650,0.03459165150104153,0.19386997855970628
C103651,0.0396572970816529,0.27788998139238613
C103652,0.02460219359631493,0.30106105299298763
C103653,0.0254291947719727,0.26699599247074296
C103654,0.005090291519368943,0.2809274379569419
C103655,0.04858612313206092,0.14147003580014186
C103656,0.10418083612853213,0.4902558759251543
C103657,0.09077022170023308,0.46858167651244303
C103658,0.07694399364981713,0.309314469053866
C103659,0.074295454026373,0.3422104729267676
C103660,0.051766800686288666,0.3640000175384924
C103661,0.035098383821182036,0.3810598260275119
C103662,0.02151187010329643,0.27500694125425496
C103663,0.0068937224796258145,0.2846962380098766
C103664,0.11720923763623374,0.30109853233296624
C103665,0.0699663033059148,0.494751587779921
C103666,0.056550900090071236,0.5102892879306089
C103667,0.08382876865011635,0.3661587455670335
C103668,0.08215756462569422,0.5009310161642093
C103669,0.028197433455824913,0.24250661671147894
C103670,0.0285043294010582,0.4072000536284134
C103671,0.0411020255655168,0.4623259385503789
C103672,0.007178088233779352,0.42636964434795077
C103673,0.04451041167128769,0.3739756871860889
C103674,0.08811710931080452,0.38816507843990944
C103675,0.05404264436180052,0.25639118922814635
C103676,0.022546901660736956,0.2724520017744599
C103677,0.03418163679990052,0.45046947800330295
C103678,0.058327277458700644,0.5092289299790951
C103679,0.06096956027029478,0.48594518510375945
C103680,0.111149193712079,0.4240141226148835
C103681,0.05005610669976666,0.37213108903380343
C103682,0.04714573020997687,0.22207968899102676
C103683,0.014898903889811198,0.42378160324708214
C103684,0.04509750612450049,0.42556001405887434
C103685,0.026252155327043385,0.4181279855589328
C103686,0.020649899525325473,0.28398144734491715
C103687,0.03661674242789744,0.3119353664964102
C103688,0.017739417784253635,0.3338293967082371
C103689,0.03603249793049485,0.30597130557713603
C103690,0.04262442038709306,0.27409880897090894
C103691,0.02500831003241717,0.38002128704487703
C103692,0.04900485857127989,0.30821979160741314
C103693,0.03569436549622257,0.3180466491998603
C103694,0.01630614530251045,0.41341216507674305
C103695,0.051764788336295435,0.3360222477442458
C103696,0.015247061895120408,0.3092104904971377
C103697,0.04626311310262309,0.3225363138215826
C103698,0.03829565740523316,0.526352431351813
C103699,0.11673785777889374,0.1
C103700,0.06318820716089812,0.22018537311115963
C103701,0.020260666311911122,0.3462362235524963
C103702,0.010775588189632881,0.2040364958306702
C103703,0.01646850228229481,0.30572439623663517
C103704,0.041687006020979564,0.3613630632521537
C103705,0.039843667749408306,0.3776801280142251
C103706,0.027248238175926462,0.4359182055506278
C103707,0.05371741182817421,0.32997291671101703
C103708,0.045484445994578224,0.5275458691720636
C103709,0.02598691117455279,0.35539095268942866
C103710,0.03429162918863283,0.37357935609491083
C103711,0.055640487690507334,0.3972775892700543
C103712,0.030774789473584058,0.25932999605780815
C103713,0.004129160765127447,0.32709909356009553
C103714,0.06682343585031239,0.25274607384380243
C103715,0.01813097521157859,0.2442272685013622
C103716,0.06795242553068312,0.5050235244050982
C103717,0.02410468901546099,0.5478457077318417
C103718,0.026926467334045755,0.37948714199182476
C103719,0.03142254525102662,0.4275378164062069
C103720,0.010824917629386864,0.42580221108879424
C103721,0.07825689220150606,0.30287918378751805
C103722,0.035648314882553656,0.290401514291955
C103723,0.03069764972214028,0.23328276922518718
C103724,0.044490959110978154,0.42577465736781794
C103725,0.044069255114963846,0.329190112895898
C103726,0.02872525820710915,0.4176635427997075
C103727,0.05125658701939839,0.13704086497867798
C103728,0.03236844689834374,0.18066657288375068
C103729,0.1000193140152688,0.38124083676307635
C103730,0.09218030208370032,0.3847291461986516
C103731,0.05421994055253293,0.434323757423193
C103732,0.04900071032031057,0.23453310188406634
C103733,0.13238326732717765,0.3927064020041628
C103734,0.03494401008795073,0.4590646180022844
C103735,0.023053174909530717,0.3207018601226564
C103736,0.01576474800590896,0.29590250510155136
C103737,0.057844984740653166,0.3576898329842649
C103738,0.04564320673906607,0.24806408919506626
C103739,0.037580790253984725,0.3893012081972766
C103740,0.011599060641465899,0.47858459124613834
C103741,0.027695459726735885,0.2919368069972249
C103742,0.031081230803359648,0.41199390071611963
C103743,0.005565103702271389,0.3913804603449151
C103744,0.020409389526713447,0.3923208931830422
C103745,0.03976645625085623,0.3270141709743698
C103746,0.03556748852240369,0.21155058036451918
C103747,0.03664432492335006,0.2790968740461971
C103748,0.027339746344073712,0.2094722987786035
C103749,0.009701071584676445,0.44023274665393897
C103750,0.09162910137656179,0.3786715258768092
C103751,0.02095923598177051,0.43648950166707073
C103752,0.03945029010142795,0.4825885996518961
C103753,0.04999411612683311,0.533266910732879
C103754,0.010491317985694672,0.3885696273228063
C103755,0.03434897014048976,0.26661076463819766
C103756,0.05346804620147215,0.2403353901839585
C103757,0.11792940098948286,0.5474714148872977
C103758,0.021569035967836183,0.436860895715773
C103759,0.12263329481060602,0.5008561611434744
C103760,0.05156060638502551,0.4127741977630087
C103761,0.04843820506502186,0.3835024068215821
C103762,0.039374257998160654,0.2132472654754695
C103763,0.04237881813645176,0.3633066350558825
C103764,0.027042170637791907,0.29473399447880894
C103765,0.12832597262164297,0.27634121462349037
C103766,0.034525327977279384,0.27455654119216333
C103767,0.01125739995654223,0.3837055960137763
C103768,0.007503389288974253,0.3362985664988995
C103769,0.06077367541545181,0.46797960794806126
C103770,0.10664590450415233,0.37925568066390347
C103771,0.030974429691356067,0.3382082589909685
C103772,0.05010614611136144,0.1890082404280107
C103773,0.009483454212324603,0.37384244651499465
C103774,0.04589909501074824,0.34658158961628627
C103775,0.003302164627609355,0.30343909370935523
C103776,0.012298203939054375,0.11627120158831442
C103777,0.03560868544961421,0.4826667377426574
C103778,0.06715777609877412,0.3655173068798372
C103779,0.02040737216866091,0.369445771570325
C103780,0.03742247012084822,0.24380633674440494
C103781,0.05185723241651061,0.5602648742488076
C103782,0.025601998972003073,0.4877564712573039
C103783,0.03242816457248544,0.41446447498659705
C103784,0.014104622441725768,0.48063201738799977
C103785,0.025910634492443185,0.3896545597419139
C103786,0.02504244549195317,0.3326106827761827
C103787,0.04304272280170017,0.40826229292632893
C103788,0.013148463509922489,0.2508748371275251
C103789,0.039121561229832985,0.2883655531403996
C103790,0.035816711465439084,0.35977015216083014
C103791,0.07390645222441762,0.6026906717392606
C103792,0.012051941860137838,0.39330460235133935
C103793,0.09430907496557103,0.36716936187589255
C103794,0.04225613250407497,0.2940143944067218
C103795,0.022515524010343048,0.4021989303597743
C103796,0.027488226992099338,0.5097873273425496
C103797,0.10814850992541052,0.21673253806694973
C103798,0.028664944563836364,0.4553854701805358
C103799,0.044315571085906266,0.16887911471990152
C103800,0.058959606937396505,0.3542538809651436
C103801,0.014352354986182763,0.39263074819933874
C103802,0.018680392059768694,0.1
C103803,0.027153065339752046,0.2676583329508365
C103804,0.05134249539723499,0.1461254866590203
C103805,0.014128454214975219,0.21030304370200012
C103806,0.02044419103743548,0.3365046371302795
C103807,0.04662670461793626,0.37450497778389213
C103808,0.043135557812806063,0.2394724864694025
C103809,0.03635245962034117,0.2984421601131499
C103810,0.034493206530785234,0.31592635764693905
C103811,0.11999338116834796,0.19431585668681192
C103812,0.05028315519522961,0.31647207238947866
C103813,0.05446278543678262,0.1953159449630338
C103814,0.03945583416955655,0.21620756519675524
C103815,0.046750433396424734,0.2587605258377718
C103816,0.06580446839248419,0.3417023677955631
C103817,0.04925450906445632,0.5149191280180103
C103818,0.07198460617330886,0.3742785616677985
C103819,0.06625796989308257,0.29213350218625445
C103820,0.019817056165370554,0.4488487326539587
C103821,0.054548015075534466,0.381695605534876
C103822,0.010272687879517095,0.49970538977858664
C103823,0.05199952474042158,0.22898740137484397
C103824,0.009107818482844735,0.30394725548473267
C103825,0.11635964375010607,0.3339852572182495
C103826,0.019798544489736072,0.4727224301851014
C103827,0.12593267454524384,0.35018679616679094
C103828,0.047843933276042104,0.48877247902679244
C103829,0.042395571414702196,0.51578496971105
C103830,0.032574525724248314,0.3485398457426314
C103831,0.060590491512467204,0.40462568751240724
C103832,0.05448303599851677,0.35250090984268556
C103833,0.022920881398570264,0.49871441048517606
C103834,0.01923888861807296,0.3537394611569027
C103835,0.03571226563533722,0.35684976715093447
C103836,0.012016617893586974,0.38886616686234843
C103837,0.013085024096718153,0.2942677952812795
C103838,0.07607032222639958,0.5020785915061852
C103839,0.05003545809425415,0.48167526260541405
C103840,0.03325609025211119,0.42302763275971644
C103841,0.03860688837891022,0.31614241001979465
C103842,0.027549458838730206,0.30837027282784035
C103843,0.16039544395807387,0.41092135349421155
C103844,0.09897358501352684,0.3675290092537907
C103845,0.030510286696283504,0.36374587409206877
C103846,0.024054464125351907,0.3673598093804332
C103847,0.009960654048893259,0.18701156468126
C103848,0.030064735731494586,0.48735044900271723
C103849,0.09445748101377056,0.533617050949024
C103850,0.019297067141636082,0.20107716967854206
C103851,0.02945655798610842,0.23519920205060324
C103852,0.020239812449025295,0.37696070212419724
C103853,0.06342172573803173,0.1925561845536336
C103854,0.023787717765730264,0.32675844484753713
C103855,0.001479141823869677,0.3000295847113412
C103856,0.053716435025474844,0.1808637327677713
C103857,0.04509724031238431,0.5272770723403949
C103858,0.004195368693457477,0.3321989126843466
C103859,0.03357860230572113,0.3452332897164388
C103860,0.024847024129003744,0.31231327814643467
C103861,0.0050124132939387235,0.42278341681697773
C103862,0.014132822507493863,0.35275867189529264
C103863,0.0638317161516491,0.3313103339202255
C103864,0.02487013135740883,0.10587995275624651
C103865,0.05433704825762962,0.2411406172074526
C103866,0.028864997888164618,0.3112520034988533
C103867,0.020083437668615218,0.29357352487474786
C103868,0.058748865719271105,0.34385309846420536
C103869,0.04842060780718171,0.46207173456905737
C103870,0.031118231186609766,0.2556286227901242
C103871,0.12328907688959165,0.448080806453485
C103872,0.00909963139724552,0.38587498308311463
C103873,0.04995072891288175,0.3347508949371722
C103874,0.04541384577891833,0.35270459700384355
C103875,0.051100046708411395,0.33787004413779725
C103876,0.019865746168199007,0.539445435860167
C103877,0.024803953096171654,0.48919594777889397
C103878,0.010763189446714694,0.24862798287328797
C103879,0.05140924470930326,0.41508879361136936
C103880,0.04237459021601749,0.4270193406104557
C103881,0.01302261550764928,0.4460656157570681
C103882,0.018886142044322665,0.43814744461185373
C103883,0.03483932191607858,0.3448131223575617
C103884,0.02348181978485443,0.11777491012605965
C103885,0.0421767887328905,0.1894240976642655
C103886,0.02297324013690301,0.3911832240417804
C103887,0.04404772266889043,0.18343329510227385
C103888,0.03301774443216229,0.34139100697664515
C103889,0.010576713922478049,0.4052939386208209
C103890,0.0505838292120727,0.26225439808331397
C103891,0.04251366799923745,0.3468592625923781
C103892,0.07329271762400527,0.487672648135617
C103893,0.05638615947245926,0.49302184068087185
C103894,0.021231661000157005,0.37688123154253
C103895,0.01506718987237447,0.3374114743714019
C103896,0.05468267535739333,0.20382430633564919
C103897,0.018831315888461493,0.30530429324929603
C103898,0.01720030059559984,0.4816178310230472
C103899,0.03391662682964577,0.3805188488894741
C103900,0.022571530927521708,0.3962050248991925
C103901,0.030728664374104587,0.34563108589245917
C103902,0.06830651798199788,0.34575232212597545
C103903,0.019659626778892925,0.4362625316990023
C103904,0.04454577073267836,0.3091667966361008
C103905,0.05253568049890322,0.27873295473116844
C103906,0.04182507062891424,0.482295639953938
C103907,0.1025966669149653,0.15330882338423577
C103908,0.008587937946057684,0.21021276861901012
C103909,0.06036101608210933,0.22865332360640578
C103910,0.026363164587213515,0.29332488758671166
C103911,0.09391562938294416,0.28549050325164743
C103912,0.01815610225430619,0.4499271453611832
C103913,0.041667113936902714,0.46705118590630024
C103914,0.10777345344471566,0.3500590136596964
C103915,0.07728340103617974,0.4349790224604382
C103916,0.018048501500253715,0.2969697343141983
C103917,0.09805922451623833,0.45555742669928323
C103918,0.026346568441920147,0.29400629936937983
C103919,0.02908057951818463,0.5153773243279887
C103920,0.003864015870444408,0.1955298184801625
C103921,0.008244998579450068,0.39026537096560854
C103922,0.05545962272926937,0.4037013565455179
C103923,0.019836599571960923,0.26562539103717997
C103924,0.054908825100328885,0.28390702339736296
C103925,0.04064587699092461,0.1555795636598774
C103926,0.04202798234956185,0.3624056911363488
C103927,0.007529354485647207,0.48766411257093256
C103928,0.0438164541629785,0.2642428819891652
C103929,0.014303735264420397,0.3381802927184083
C103930,0.041973889757414576,0.3044882866117131
C103931,0.029712515418917434,0.4687250599420927
C103932,0.06562129456664799,0.4024055241261051
C103933,0.014161829455323694,0.4150494140086443
C103934,0.03713425282660015,0.1911048437333287
C103935,0.05263154053311141,0.3550922823961422
C103936,0.041127700023202554,0.5004089715467733
C103937,0.11452834972031396,0.5118291926128207
C103938,0.08896584292791704,0.3936282715045892
C103939,0.03693961611311905,0.5018482430443667
C103940,0.007833233980939129,0.31315320796271046
C103941,0.024047920263692877,0.1
C103942,0.06690095001522463,0.3927751345199373
C103943,0.06363707997086551,0.43081761304852284
C103944,0.11425009053609723,0.43800570081172113
C103945,0.03683489061103385,0.30292927816018733
C103946,0.09514170468247629,0.5507017852555705
C103947,0.06809462493704278,0.4076977631021683
C103948,0.02597662776531816,0.4686035252273881
C103949,0.049557697457775635,0.22240546882765616
C103950,0.03583018558329721,0.2934586649671418
C103951,0.04872471565848185,0.3806989806871107
C103952,0.03471488524865811,0.4806851353447441
C103953,0.0523819165098426,0.3355708294535014
C103954,0.04027241475554448,0.2590155432434918
C103955,0.029978507237364095,0.32983321828899637
C103956,0.06545774704469255,0.45077403065709165
C103957,0.059901831047941466,0.5044297856218184
C103958,0.01958302186999435,0.3526514970236729
C103959,0.08488108952016672,0.12689789551818859
C103960,0.008742773826410739,0.5259759153278067
C103961,0.029676540447399473,0.2844702287481579
C103962,0.05275165411099213,0.31516786836291294
C103963,0.15074958099208757,0.4062780213519952
C103964,0.01371923699831398,0.5733063593113319
C103965,0.018766098768744126,0.5544230712255663
C103966,0.027470509893449832,0.49236286036358734
C103967,0.07026074873809338,0.3443137935039244
C103968,0.04204108357580415,0.354530984944837
C103969,0.06271770088058638,0.3322848555154009
C103970,0.03904531928500786,0.27644836430504327
C103971,0.010336826083745563,0.5083705598027619
C103972,0.018897879351062366,0.3243046221569396
C103973,0.07818357179450328,0.357405680785302
C103974,0.09846239310348535,0.2360428478275205
C103975,0.08886650391127249,0.3123964760774928
C103976,0.058384328472942525,0.33472876184195066
C103977,0.06339224894020112,0.32255114773710325
C103978,0.02097484954210711,0.29766171384544393
C103979,0.05471871083982833,0.38616121646274926
C103980,0.022141582397604057,0.4113039438271503
C103981,0.05624533532342727,0.29671837134590107
C103982,0.06526531025398016,0.32410610752619545
C103983,0.11622040504019206,0.41914314777268435
C103984,0.015605450406980047,0.4373226964516298
C103985,0.062343053321096006,0.2911218038887302
C103986,0.014086161591437447,0.41752590858698607
C103987,0.04434895641907616,0.34084226197299783
C103988,0.03560295917722879,0.30893938499638485
C103989,0.036971607706515405,0.31795182586909315
C103990,0.03472654958653685,0.23232447376077642
C103991,0.008731864440212376,0.16043931800887568
C103992,0.015406748413480184,0.2406036384419648
C103993,0.028961563327983122,0.30289834954760225
C103994,0.032796823725849425,0.3507135234683521
C103995,0.027345575122299765,0.33660132542536303
C103996,0.06296062247546302,0.5367769877338873
C103997,0.04803154259455017,0.305134827765605
C103998,0.09555812568056624,0.3586059519132022
C103999,0.053420254733426556,0.2889008651838838
C104000,0.010626389508610666,0.3140938772765158
C104001,0.02229855261171454,0.43642142432872344
C104002,0.00939776832947503,0.4843515634823865
C104003,0.20317113708096987,0.5036919439880516
C104004,0.03864516016698604,0.1932507081377874
C104005,0.03120771956338399,0.2681292049891497
C104006,0.1370929675696917,0.3420534490019292
C104007,0.028756340811390342,0.22723725023639868
C104008,0.03875649176257153,0.4497046957310147
C104009,0.02188549502323325,0.5233383968379892
C104010,0.016695940920992143,0.20632196052127685
C104011,0.03772244675116233,0.4424280523394093
C104012,0.034819053517269126,0.39079706893590266
C104013,0.042635231851825064,0.43502752411226236
C104014,0.036606903834563005,0.3957600814947701
C104015,0.06588126702340694,0.3890645024250694
C104016,0.050407985608357284,0.42756939820041423
C104017,0.023111994279757624,0.5376780745428558
C104018,0.07092515543990163,0.30543529764251565
C104019,0.032698562500930284,0.3035815937271511
C104020,0.007715895200134713,0.3306949450412579
C104021,0.04196082392740977,0.3516695032980859
C104022,0.0269875109634598,0.35458249979448236
C104023,0.03510963542080624,0.27725636039130486
C104024,0.1491785766980207,0.17215126261807917
C104025,0.034931561888079325,0.35431769888315295
C104026,0.018048288536297145,0.3996687982982725
C104027,0.024980960969691105,0.466005264266872
C104028,0.039615529401968747,0.34888534943023564
C104029,0.03618966450007802,0.2935059082035001
C104030,0.007432084631636407,0.24084781227772895
C104031,0.056869180634093575,0.35949300094805003
C104032,0.059139789536008014,0.22939370718753838
C104033,0.08529843975957714,0.34912498411840887
C104034,0.11318588518831166,0.5470445173415923
C104035,0.041768850636106906,0.4092187974991177
C104036,0.033085218107877096,0.43502381895370573
C104037,0.09315284288110044,0.41748044364626347
C104038,0.05454092470270767,0.3686645532566749
C104039,0.01489759954675699,0.30227414639642836
C104040,0.028684595438917212,0.3710209029640113
C104041,0.019119590677915393,0.4280082585061868
C104042,0.055903053688889544,0.35744782343109155
C104043,0.013984745683519893,0.4845581408682326
C104044,0.04990618173116596,0.3325869331318011
C104045,0.13375385558310518,0.5117234471970105
C104046,0.039233750135004526,0.21480023356621916
C104047,0.05361479831042696,0.3283911638229662
C104048,0.028796007875403064,0.24706522133017472
C104049,0.026662247217392354,0.6698550012748195
C104050,0.0829383730341142,0.35752566177119793
C104051,0.05040713125258344,0.3130868617587532
C104052,0.0048458931026466034,0.19504989658700597
C104053,0.05650534024557641,0.19471216076745418
C104054,0.05089697235290403,0.2062595452363958
C104055,0.15574914242124124,0.2979695171439157
C104056,0.16060764708976988,0.21428303107347288
C104057,0.023414419549195185,0.3725684472426336
C104058,0.014823118418905648,0.17907590779140056
C104059,0.09363948447352488,0.43476417095061204
C104060,0.04281950198074829,0.32681206332117246
C104061,0.10716261449085637,0.4266505037214986
C104062,0.09838661148237161,0.6178477962532112
C104063,0.03375620341907278,0.3866700185669514
C104064,0.005354396072894202,0.4338048567040236
C104065,0.06905037396271693,0.3344147176700096
C104066,0.013094320647779335,0.47465694505745093
C104067,0.006166003913076544,0.45896114066672783
C104068,0.04132252546499826,0.3435264500757718
C104069,0.026007635694342505,0.418600864124209
C104070,0.0351365746379888,0.23107434647207722
C104071,0.05749667945940845,0.35764099580362185
C104072,0.05573228400272992,0.3580902284033698
C104073,0.061224316714513886,0.3151830443812766
C104074,0.03510162005064511,0.3511250989681077
C104075,0.01553362764302163,0.3240134357613562
C104076,0.023509858942738573,0.19705307980423598
C104077,0.02457948379689791,0.3979941155728023
C104078,0.025546782264361915,0.35008673343555535
C104079,0.07702294946348374,0.5518997282248168
C104080,0.020462256447935825,0.2843825970291045
C104081,0.05785753826840976,0.4550974480441765
C104082,0.011500764690303174,0.35993691573642167
C104083,0.004629755442806355,0.42432184825689767
C104084,0.023166073298861518,0.4073228877702038
C104085,0.05178364405952045,0.22002313903893442
C104086,0.10431177883845635,0.33370997328106655
C104087,0.03676871290594363,0.2708984572926445
C104088,0.02500367446939025,0.40476531451534936
C104089,0.006806317336578519,0.48988018961977575
C104090,0.10327225107973136,0.4504624230112402
C104091,0.028192061440557976,0.4014765515048988
C104092,0.010518797882255335,0.33362252129054704
C104093,0.039902890530224534,0.524625411215103
C104094,0.0357012961458992,0.36699966499968073
C104095,0.009734339502206082,0.35486801215512187
C104096,0.04253257850429864,0.42334706119022036
C104097,0.04881696378555461,0.28949091651271075
C104098,0.03838336149853911,0.3262864434736705
C104099,0.026216267454475948,0.22715863833904482
C104100,0.10329139835340834,0.31359938924196085
C104101,0.05552069013053499,0.300198479302766
C104102,0.044444841535019354,0.21639003908471327
C104103,0.04859254543983106,0.42232004127206824
C104104,0.04859232528884411,0.40601872391413224
C104105,0.020128633915264944,0.31110162756974213
C104106,0.05468325622231764,0.3012932510139982
C104107,0.027808898986476364,0.3226061488854465
C104108,0.019980376509761706,0.31649000311977604
C104109,0.00515118773339724,0.4324687752095111
C104110,0.012214648518307756,0.3622544153757995
C104111,0.011312893934686858,0.35460716028779127
C104112,0.07099375815655413,0.4706717152941978
C104113,0.037952086195660366,0.4037222991508421
C104114,0.013619121501787205,0.32711965592150183
C104115,0.03988366931739045,0.33992437358767374
C104116,0.09957422626534641,0.5284368748304736
C104117,0.0251763891798665,0.2129124127598422
C104118,0.05695438004195214,0.4272945596527296
C104119,0.025101493504068827,0.28967838997881723
C104120,0.028649779613033808,0.22921348090656424
C104121,0.09548846912320146,0.4637011159815735
C104122,0.03543754281447648,0.3866460061574726
C104123,0.04136755450168795,0.48417714452062743
C104124,0.04008712490228141,0.5132955927784866
C104125,0.05342571473735008,0.39341400409910743
C104126,0.054549966523310206,0.20392389703607816
C104127,0.10590929595633397,0.26907614614342035
C104128,0.03922096432105816,0.39784321880935225
C104129,0.041944942737754363,0.5295180179241977
C104130,0.037865136925460514,0.36221423459456276
C104131,0.032463434435139146,0.47771464871425756
C104132,0.1357915432513834,0.4377901249544317
C104133,0.02372033542145202,0.3755870003915299
C104134,0.13062505504695213,0.43849275501364837
C104135,0.01771134246555716,0.5304612079280703
C104136,0.0698488400596596,0.4244200168067075
C104137,0.013027595906231716,0.4892281262604495
C104138,0.0646437338950622,0.3978890945196066
C104139,0.02652279008600781,0.3578959187588827
C104140,0.040348399101180696,0.37477890999562036
C104141,0.019911028039897187,0.21515358977939683
C104142,0.06886140327366928,0.50930610613214
C104143,0.009819303895526432,0.3281858271252807
C104144,0.15049108441642814,0.23216227282903523
C104145,0.007782092366418795,0.4321500723401193
C104146,0.029530597282009265,0.3086581223595901
C104147,0.01668370305246616,0.40992692002699516
C104148,0.10646570957224007,0.14834525315304928
C104149,0.02639601174251125,0.3294768244239109
C104150,0.04842076868173515,0.3074895046258663
C104151,0.026244080122480865,0.293346409407089
C104152,0.14527145866120592,0.4560195665760906
C104153,0.032420095847297895,0.44697472978897734
C104154,0.05343474225255214,0.31607544397577725
C104155,0.025679773493070577,0.38804017071044367
C104156,0.0505723578528336,0.3907417902500163
C104157,0.03844563788007007,0.5054464643627214
C104158,0.05573015473415794,0.3567888050025583
C104159,0.020058343190184076,0.4282283009117188
C104160,0.049323844975391225,0.44157605427934765
C104161,0.02129371845899101,0.38440556288790295
C104162,0.10105856023031572,0.2656752194375962
C104163,0.029552803949355697,0.18961178604333712
C104164,0.030499969143002535,0.4496970872114412
C104165,0.0432979057280556,0.39416265136399475
C104166,0.07786426225513825,0.5730533989826463
C104167,0.0347954291674559,0.18706141417003888
C104168,0.06880454556884968,0.42542658040814096
C104169,0.10525132877565406,0.4440780810247661
C104170,0.046077090298619894,0.4553550790513914
C104171,0.045474518804640374,0.2283861466876289
C104172,0.002997222790397439,0.4181462536976752
C104173,0.02781009856665345,0.3924743576997967
C104174,0.026009873368520356,0.2723551865377122
C104175,0.027609321763553667,0.39717394878203344
C104176,0.003428573033695374,0.1
C104177,0.004322494028228263,0.276425917932371
C104178,0.0383765694560791,0.45340337977201867
C104179,0.026238274825034515,0.4914571981322464
C104180,0.019351067840984438,0.26628361480218043
C104181,0.07381277152063294,0.3389229162698239
C104182,0.03339390599866675,0.43238058028645865
C104183,0.034735909483883894,0.26901562081338537
C104184,0.06040548984491845,0.26692696954036177
C104185,0.04708008208879622,0.3469049697454092
C104186,0.033978242840335335,0.24177163749308317
C104187,0.051121057656510975,0.4882842288693522
C104188,0.03251395238960018,0.40029871689848323
C104189,0.03677861910503201,0.30881231024858075
C104190,0.08309972706555904,0.5019908373489844
C104191,0.025233173384892053,0.2118102281096054
C104192,0.051324929311673866,0.45076895734629785
C104193,0.008551992085243891,0.34831305668646734
C104194,0.02475694553204188,0.5174671653602708
C104195,0.015912106217707535,0.39266392909135484
C104196,0.03115560691936943,0.20539947685960633
C104197,0.004887421386266191,0.4590916621704187
C104198,0.016179191901604995,0.27814177020387354
C104199,0.1078975924238128,0.43196117613900653
C104200,0.09072222670563636,0.39029260377556774
C104201,0.017004530475998186,0.40175048579362804
C104202,0.07131594024019536,0.448642706118153
C104203,0.06712651393315142,0.12382652303238403
C104204,0.08265240536145928,0.1
C104205,0.08947502935903674,0.44230376205306887
C104206,0.01400117311317677,0.25846640571278
C104207,0.07222082244672925,0.35921725395887644
C104208,0.012444242122704424,0.171182231817482
C104209,0.07824777686572093,0.30553069462510374
C104210,0.015050544498973995,0.4028257191820821
C104211,0.0778608598605098,0.38653649466704604
C104212,0.06473791589453491,0.43177711417374004
C104213,0.07317002418841982,0.32109236213733455
C104214,0.09341401090249163,0.21536562445687757
C104215,0.03119639422131056,0.33141288327673524
C104216,0.042116583452945874,0.18682373383425166
C104217,0.012497468044153505,0.2923870725426463
C104218,0.032635437790405245,0.3270942474620687
C104219,0.07027447738623982,0.2557524269007454
C104220,0.052384556002985375,0.49920428620603047
C104221,0.025595169460797793,0.2797070522284054
C104222,0.04429688538629835,0.37644635585372666
C104223,0.022045832321145493,0.5225218060573328
C104224,0.06910922875935147,0.35407200328912325
C104225,0.057865692599848154,0.2812026109573064
C104226,0.05706848849882051,0.3061757168535767
C104227,0.04304739247227671,0.30011537167931274
C104228,0.055773555580328094,0.30650508884456895
C104229,0.03395321781685723,0.19124299987700213
C104230,0.1105115030429485,0.39205381961816566
C104231,0.01759639485696684,0.37916358616361406
C104232,0.04088213927023188,0.353352180884931
C104233,0.03441956961605489,0.5448683025855482
C104234,0.03161595654227513,0.2593434220712016
C104235,0.015943464948140005,0.18489522919092796
C104236,0.021920179254560086,0.3873661608040199
C104237,0.0295369195051776,0.5282242169926319
C104238,0.04220783451186671,0.40523057992314804
C104239,0.04205201157400013,0.2947402754132207
C104240,0.09565234631800415,0.2944723433231918
C104241,0.060887052957235226,0.4734547610023091
C104242,0.0405765322522205,0.39974124275090767
C104243,0.06113416562727897,0.4595866272665526
C104244,0.053507341002716285,0.4632864827729264
C104245,0.05512454667063741,0.2440484198726047
C104246,0.08947550086504125,0.4762959968750796
C104247,0.0343298967428264,0.2033862238237171
C104248,0.06161454531392841,0.48412612065147087
C104249,0.03295223546144414,0.25190314490632204
C104250,0.13827540968123123,0.3170261624050693
C104251,0.010452091438393672,0.31322134417230296
C104252,0.06093523947058034,0.36385303045166834
C104253,0.135568412266349,0.2879635502172435
C104254,0.03299334262149565,0.49731793644783984
C104255,0.020991228655547516,0.4203465210836369
C104256,0.014368983674273613,0.12838853903425013
C104257,0.03221730576713709,0.39981392580226566
C104258,0.08022080291657899,0.3968568280222834
C104259,0.04186967836601975,0.4830593277337262
C104260,0.010292300996278352,0.5154704274120443
C104261,0.052968938554354694,0.4218611178211748
C104262,0.06937266511230938,0.502609922307675
C104263,0.0499918820560895,0.30730788523628305
C104264,0.03121869800977221,0.2622983372593053
C104265,0.05703762975847269,0.26183515537148444
C104266,0.01456144186374049,0.26437705642874804
C104267,0.09541255326718207,0.21902741602962741
C104268,0.02382159393994376,0.33478741792553884
C104269,0.016617127629338268,0.20084212875457455
C104270,0.05062236245096114,0.44199446509752094
C104271,0.050772330520359926,0.3603943198519081
C104272,0.0312892250772999,0.3080601900930106
C104273,0.0209612628006019,0.36339954650523765
C104274,0.0167783234803367,0.49052222937060885
C104275,0.03285808278648056,0.2622663570920576
C104276,0.013035271613559718,0.3075266303286579
C104277,0.04925366620791322,0.16383331529400028
C104278,0.01708539009199628,0.2421309655699262
C104279,0.02932186008618802,0.3574535248334126
C104280,0.0413727973743673,0.40326116496052483
C104281,0.015514729172285021,0.4855265865806101
C104282,0.011620094020368465,0.256065082592424
C104283,0.05056658524958812,0.4554822326702671
C104284,0.048447711912110704,0.2756195909173067
C104285,0.10974299533890282,0.41946822464631783
C104286,0.019566826677373597,0.352263899662787
C104287,0.03131101492803563,0.40236928892938706
C104288,0.09831647117766973,0.4207306514939805
C104289,0.026965642050344227,0.289490482302686
C104290,0.09139089839578589,0.37529943353028816
C104291,0.11233839591156781,0.2920638888522151
C104292,0.014285896745942906,0.24641560338594323
C104293,0.09143236978161133,0.2536828215525895
C104294,0.06376738776803079,0.44032709620488303
C104295,0.03823969606553781,0.38911264923745315
C104296,0.069440931720199,0.2547951371663032
C104297,0.036593182151188654,0.2757785051901078
C104298,0.03382802587321283,0.1817316633366442
C104299,0.008490628580586404,0.29071376650634484
C104300,0.0252758731776199,0.28588915848114455
C104301,0.0513643103336127,0.3384777284174802
C104302,0.06747201606997284,0.2993610098440243
C104303,0.07450687320783106,0.39696662598347376
C104304,0.042209877097130664,0.1923180514683586
C104305,0.013649905657126675,0.3278047745494595
C104306,0.06112129561699938,0.2322800600053092
C104307,0.07571479568390453,0.28427779353062865
C104308,0.04608836866086406,0.46292710924256963
C104309,0.05185782375768964,0.26947029832065406
C104310,0.04771943172349925,0.40678399624968253
C104311,0.07439662936240539,0.348099579656336
C104312,0.027829506566579763,0.4968349177941806
C104313,0.04535810780581418,0.358569154619412
C104314,0.13539081338084652,0.3608387370906738
C104315,0.016997336305031256,0.3639060496394545
C104316,0.048014067313387816,0.31668963699837727
C104317,0.019180614699329007,0.3807830123959887
C104318,0.022053260180934686,0.4029632171762386
C104319,0.04717356762455997,0.42128390903933816
C104320,0.08988433500180627,0.32855054153094965
C104321,0.025103577360577344,0.5478391426386156
C104322,0.016140544078269595,0.349241588726729
C104323,0.10009478144927325,0.3728417494122571
C104324,0.04813606234632875,0.1470644812230124
C104325,0.049164665014751065,0.32354139197070914
C104326,0.024367498290791864,0.37287084960087397
C104327,0.018655694210771918,0.18335280752106214
C104328,0.025776459877166726,0.2159299058647685
C104329,0.025205442880279202,0.2663997817050802
C104330,0.012452925452105811,0.2769180923726685
C104331,0.0044812437351764685,0.5234367222034967
C104332,0.009830901464118705,0.3643353284934772
C104333,0.058305082499969595,0.2588512109744767
C104334,0.05851694963336909,0.36429995238678914
C104335,0.028723547570036485,0.41509739860575334
C104336,0.03130046880210659,0.4682135215600176
C104337,0.036220911127584535,0.32959678034502377
C104338,0.007384538442235872,0.34919922228503664
C104339,0.027966181799753964,0.45941799720426907
C104340,0.047124802086160024,0.3347208818149716
C104341,0.02875428585253016,0.33637332048405466
C104342,0.07609238672380156,0.4136380554892546
C104343,0.07923850509158983,0.38062937855757634
C104344,0.015608092554239067,0.34424099996717317
C104345,0.05080359143762861,0.37464761913657224
C104346,0.16620309644096337,0.40435857245796236
C104347,0.030348333686519062,0.15593427456473888
C104348,0.03341766512615495,0.32060447097897865
C104349,0.06043533333542038,0.5695636303723268
C104350,0.06948794145544657,0.27680116320581827
C104351,0.08727535523661023,0.48547373318556064
C104352,0.07405798794730191,0.3992071644535152
C104353,0.017274956502873345,0.4423324451339982
C104354,0.031171197179633642,0.3424340191632333
C104355,0.04082504012825383,0.4629384656630376
C104356,0.04331843273904413,0.245646084151489
C104357,0.06561343040674143,0.18827646964595354
C104358,0.03413248471579675,0.3695399029393461
C104359,0.04031295153223156,0.387065817658856
C104360,0.01904571625126313,0.38935531318350114
C104361,0.044287509009307224,0.485573783767032
C104362,0.008578913157838602,0.346125961196689
C104363,0.05267148139286248,0.26079899002226226
C104364,0.03931950769446794,0.3646475017816328
C104365,0.050542769638906394,0.2580417725959147
C104366,0.014298291424445848,0.2892808666306177
C104367,0.07121034204182194,0.24895917795497735
C104368,0.060098299355692414,0.5206473610004181
C104369,0.035992264767568394,0.3791324285041478
C104370,0.08553057993860574,0.2949514299343988
C104371,0.09598538242947224,0.3916662145331129
C104372,0.022321196027827235,0.4017444597856854
C104373,0.05305610593692494,0.2529629706352403
C104374,0.10320159221559698,0.4389522956726063
C104375,0.05237831476152682,0.641452143027673
C104376,0.02929228284996576,0.41417743450837774
C104377,0.04740453379143442,0.4460030866337084
C104378,0.08874090772634259,0.332318213564566
C104379,0.012267860154136665,0.3118649543211062
C104380,0.07040885754881272,0.1655512309602804
C104381,0.04100217182231739,0.2867518233784561
C104382,0.015132636706792227,0.36484845065413785
C104383,0.01612636618306322,0.41258266140093935
C104384,0.011518559931304457,0.349514267360312
C104385,0.059018023073357136,0.48336948771532484
C104386,0.0344828286414413,0.5070479845211607
C104387,0.017728251151502027,0.2218696438817452
C104388,0.009795542546209622,0.3551865083489625
C104389,0.06813982353008693,0.27531473749953594
C104390,0.011496289824888813,0.39616738100243054
C104391,0.04432631297441732,0.27775061847354593
C104392,0.038505535385660705,0.5554674311623047
C104393,0.036343430412533524,0.406672060052109
C104394,0.031964096574423985,0.43434963363281537
C104395,0.05024659707154209,0.21393368350516537
C104396,0.04660319512664047,0.2922318766408471
C104397,0.021281571002284224,0.2873500911749008
C104398,0.03277062519877295,0.27602172177727796
C104399,0.04242250223205604,0.39757343586182314
C104400,0.059755975226924496,0.4672897784783959
C104401,0.0430329995625829,0.3381326859528667
C104402,0.03777742922322006,0.5446637223888474
C104403,0.022434744980103533,0.3212716292430033
C104404,0.031453605697783646,0.38281437320961015
C104405,0.058235800305506284,0.31690386000238874
C104406,0.09785827624686988,0.3008752472082371
C104407,0.06967340512813451,0.4915410881655857
C104408,0.08367831286963943,0.2715409424813513
C104409,0.021445107264987,0.3401831196101488
C104410,0.004637731015914864,0.3103757936507278
C104411,0.04714636149249764,0.15788185051189996
C104412,0.04089436535722889,0.40094823800750967
C104413,0.03295469994395444,0.3537634945644852
C104414,0.015124944462633572,0.33568934088376284
C104415,0.0036874128425933624,0.2557635922048958
C104416,0.018058702188725177,0.4140802100278128
C104417,0.08200838480329514,0.47732141562451236
C104418,0.029618283376978718,0.3655491189508326
C104419,0.004473619064038651,0.3664472554097464
C104420,0.07158863888246428,0.23266642224600825
C104421,0.018363676555715417,0.30121630835313185
C104422,0.05516371156187844,0.4415728872855912
C104423,0.01295396051226659,0.2297248485472255
C104424,0.06281741272490331,0.1236388822448678
C104425,0.03812299144121559,0.2678889564253576
C104426,0.011487796799489873,0.4105069344998761
C104427,0.19974659649538287,0.2538529165420422
C104428,0.06609824347567274,0.3877438287365283
C104429,0.07309701360582864,0.48843382166020477
C104430,0.1350500537569848,0.22725628025373845
C104431,0.043877659438318915,0.3467304219025708
C104432,0.02842811525542814,0.5092101374526794
C104433,0.035007341152015696,0.23017977762453176
C104434,0.0016970185892477166,0.3137610664700242
C104435,0.04031471553160945,0.2108331812487565
C104436,0.04964047560808225,0.2388141820963866
C104437,0.028654391765831486,0.37486813328766005
C104438,0.05627907775062687,0.29554815609170415
C104439,0.10437833672107852,0.22607615941523448
C104440,0.029420757340179897,0.4616973159970213
C104441,0.025248359985757658,0.5163496236693743
C104442,0.10022747378858413,0.3331784754340224
C104443,0.10831547505104774,0.5590536387423577
C104444,0.11017906706210047,0.2975387917970936
C104445,0.02757102718533965,0.32963132198075124
C104446,0.07330631343286549,0.533946807262852
C104447,0.09786250489999407,0.23207405110985813
C104448,0.032913976608457296,0.34137166599032986
C104449,0.0770989827434905,0.3502022341272501
C104450,0.041242512578381796,0.40739463258023184
C104451,0.04156422796337014,0.37065187724206505
C104452,0.039664429170453666,0.4068774552563296
C104453,0.0965212997473933,0.3923236032551231
C104454,0.06228574022696421,0.28295655125625346
C104455,0.004813128564041001,0.5716685937887842
C104456,0.03946212300132499,0.39059954166973404
C104457,0.01130584384470809,0.27788271663273945
C104458,0.04698633403121299,0.40371704448057766
C104459,0.0640250359498924,0.3524158454958599
C104460,0.012280003262287278,0.382338341709975
C104461,0.020562519242092302,0.3203331637666925
C104462,0.050457826890656775,0.339319133083923
C104463,0.03489090360809527,0.40260644659372635
C104464,0.039303050681692146,0.4220268080741869
C104465,0.071760566493031,0.39341051775200236
C104466,0.054412537547763526,0.4272606410824843
C104467,0.04465014609763465,0.5595849367118301
C104468,0.05318931007390156,0.1463501485769581
C104469,0.10493283048734552,0.26924052426994477
C104470,0.027424558286943734,0.18112112321971757
C104471,0.02802738819488833,0.44111136218230096
C104472,0.026443460708966575,0.24902179449544115
C104473,0.07178663989608203,0.4138314885624048
C104474,0.014937911678980441,0.3860342119710943
C104475,0.014644739234547179,0.4462164958579452
C104476,0.04282805907328296,0.2014800285943619
C104477,0.05531011884433041,0.43557441819034487
C104478,0.040200963351483245,0.27396439169679454
C104479,0.09169482632376415,0.417062597550405
C104480,0.02138711356184578,0.4136433124449176
C104481,0.04166816487268559,0.4510991382459976
C104482,0.03035460481499337,0.1704401760524408
C104483,0.016726797986377634,0.40302818659727313
C104484,0.05033125802646363,0.36054282114495245
C104485,0.06250033717948957,0.3553021634161058
C104486,0.03787172634214722,0.3355464297307643
C104487,0.017284043752082257,0.40990975736303537
C104488,0.052196715274142776,0.436267765725329
C104489,0.042490295854937195,0.3283337084467988
C104490,0.026604632951610106,0.1954367095736972
C104491,0.023789219480664148,0.30706753268153686
C104492,0.04523617081573755,0.4152098732379532
C104493,0.0377410350303741,0.3863653813021755
C104494,0.039904095052930744,0.21896892241983815
C104495,0.04426528034235953,0.2823231799495826
C104496,0.029691710099548806,0.3822838891530975
C104497,0.01341003934651047,0.29477056938373136
C104498,0.01292469108934039,0.5569773323497201
C104499,0.011954399980195636,0.7
C104500,0.04174133964064135,0.47496677934825504
C104501,0.054110512848904065,0.4554725186195627
C104502,0.020543508158419516,0.45430151883850667
C104503,0.006623224304459809,0.4134558689235757
C104504,0.09780698374407358,0.34479390734238974
C104505,0.04478777047132412,0.218636044179899
C104506,0.03005572317383811,0.12949629754102254
C104507,0.019185985739152058,0.43524896816635616
C104508,0.07453948265717672,0.34551452875873495
C104509,0.12592341151847133,0.4352134089483188
C104510,0.026199526649897716,0.45478360730770545
C104511,0.07288500074455719,0.3727298891142634
C104512,0.04462617216219027,0.5477027513378264
C104513,0.011375103877818302,0.3962288692874136
C104514,0.05765327615736439,0.27593093409074243
C104515,0.030396181594003837,0.28007321018573844
C104516,0.023890747529895135,0.43761357849403437
C104517,0.07790500929417181,0.2323255142349019
C104518,0.03301001381836806,0.355634559612065
C104519,0.15032923661165237,0.3880483206881117
C104520,0.03555331545390653,0.31291149953963626
C104521,0.017017217206490277,0.4574212113714718
C104522,0.057994656275264546,0.24184708443698438
C104523,0.04377510044129919,0.34177289262347277
C104524,0.007652936106760619,0.45663185474914075
C104525,0.033313165072074886,0.46278565549439354
C104526,0.003868351179581941,0.3146416922363552
C104527,0.022670392012767493,0.4567389376363258
C104528,0.06178498823435776,0.23813507623087288
C104529,0.007323842006805823,0.26251679094847996
C104530,0.0032096207548234917,0.2484663674041826
C104531,0.05022555094113761,0.42006939592190146
C104532,0.03749185198293773,0.4141288053421972
C104533,0.03445642648540883,0.17205612697365247
C104534,0.03519383496330673,0.3361299227883019
C104535,0.09663725757457467,0.5205578404324767
C104536,0.03686621810466072,0.3991386718787339
C104537,0.018821865542960243,0.23393923683330095
C104538,0.049637577223243586,0.4791015150698056
C104539,0.011998677906939587,0.4600871949641121
C104540,0.012098771435536303,0.37230342832832064
C104541,0.05796242514461805,0.16636337367734777
C104542,0.02751756761029921,0.3724301630042469
C104543,0.13256349833631945,0.5104408548176464
C104544,0.05342426160000069,0.35149203966258236
C104545,0.05364650433799157,0.4607825648203873
C104546,0.13454734054729856,0.34625338614130124
C104547,0.05135761571213231,0.24714523410462397
C104548,0.018554145557721374,0.32572697960268787
C104549,0.03717177006015876,0.3873729872833678
C104550,0.01917184956044533,0.3955508760847779
C104551,0.07399353788454598,0.30619781715906735
C104552,0.018121980084694733,0.2865698113397943
C104553,0.034131208389487425,0.4694269268721163
C104554,0.045657640894454496,0.49269553878627736
C104555,0.11485037285802246,0.21535427077574662
C104556,0.03464187739672894,0.4412657287936545
C104557,0.08315378010238575,0.27147939579651575
C104558,0.035384759176734636,0.3969481829980983
C104559,0.0042593767708846856,0.2700204339509106
C104560,0.040869945433735996,0.4532044834700846
C104561,0.029198161330770786,0.46575190421500123
C104562,0.08476562485155542,0.6036854595599681
C104563,0.07247399632230117,0.33104816683755606
C104564,0.015061452595495708,0.3984703767741496
C104565,0.08993204921675287,0.3759111698529535
C104566,0.023419402204773326,0.49951974459175275
C104567,0.06794707987118814,0.3535184234992147
C104568,0.07640074355407545,0.41184277163856525
C104569,0.07471546444289655,0.33106854927822804
C104570,0.04946073419285407,0.3912637737807683
C104571,0.0645391104117342,0.444426833307928
C104572,0.10565721159188741,0.24205576915637006
C104573,0.004357411473357141,0.29516297403455194
C104574,0.07016315867644306,0.2950382154446271
C104575,0.06925702687793966,0.31594788973697113
C104576,0.027858082563238032,0.5831766304000543
C104577,0.06102812313399639,0.5155509460582317
C104578,0.04645248164145031,0.26050458442241187
C104579,0.022979449545020725,0.4027332616149311
C104580,0.041332990116944975,0.4134975287977951
C104581,0.02182754244822398,0.42243432297851624
C104582,0.043090855045120766,0.32899587208230746
C104583,0.04447597144979558,0.20665451886173178
C104584,0.07849457878018845,0.567421276979823
C104585,0.04567472860603542,0.32919471312517523
C104586,0.058113727611364636,0.34816685578471085
C104587,0.024440538477183395,0.41150877474795766
C104588,0.023708252674756174,0.249424650091923
C104589,0.06007272577107262,0.2112043563543515
C104590,0.05769347255716201,0.31463928050363354
C104591,0.04333464593055743,0.28773868525801555
C104592,0.042467180972104536,0.26605080369583656
C104593,0.08182726709253983,0.21745544440010245
C104594,0.09628125852148298,0.22016320620136723
C104595,0.03406810389180849,0.33582977173469947
C104596,0.06445048541036934,0.43222011165414287
C104597,0.14535568136145804,0.28663007851427846
C104598,0.0031700967527709886,0.37973232218791786
C104599,0.05708378978294061,0.26255243034751874
C104600,0.05812657664891661,0.3303710015406906
C104601,0.0111296102523626,0.27292683761136377
C104602,0.0158724876840556,0.41249828561441076
C104603,0.06177870756082708,0.5089355819757901
C104604,0.025800046716496102,0.3476878788659109
C104605,0.03875235482549488,0.3178474542105516
C104606,0.11131093162017323,0.4042564828426067
C104607,0.021951532923269762,0.2725576600412668
C104608,0.07502699162125334,0.36059686501639665
C104609,0.04578069313851171,0.2839557033223158
C104610,0.047038426402080454,0.36606599410028084
C104611,0.14640444386183663,0.5287186548141808
C104612,0.04661995118881002,0.4050988472287258
C104613,0.03740525458132369,0.2815158185049719
C104614,0.02476983105409652,0.4364945278350978
C104615,0.008345511613631357,0.32561202428701724
C104616,0.051203127923984224,0.29697466269380424
C104617,0.04241924020425831,0.30091429413041115
C104618,0.02349213518568283,0.5678213787463253
C104619,0.013027983497701975,0.5148020327313432
C104620,0.05694516946177401,0.37937785209808167
C104621,0.03820701272224452,0.31777655607079536
C104622,0.03200724886248973,0.32052986784600945
C104623,0.06467153926621355,0.22210851656698333
C104624,0.08759528798231374,0.35922405900473575
C104625,0.04448751633920821,0.5006884994773895
C104626,0.040995253816105914,0.42485230971134413
C104627,0.018295583048877007,0.34432513231679057
C104628,0.09317263593921656,0.36824762100259445
C104629,0.048830527403325344,0.32700374384778175
C104630,0.010472447122155514,0.5086916097592258
C104631,0.014633738588922461,0.2803067548200178
C104632,0.06565167609259928,0.3627343222735693
C104633,0.07966882859670323,0.30577385581837047
C104634,0.0664561450147102,0.18320161143340552
C104635,0.03709463037537619,0.25505440882405134
C104636,0.0928869760160237,0.46756416139571855
C104637,0.010349404021146518,0.3292894901094402
C104638,0.04539738665536399,0.3847748408054784
C104639,0.06196778940299004,0.24739421205069562
C104640,0.05562436964559101,0.39208999965940733
C104641,0.033070148723829386,0.33872182747359675
C104642,0.04064693839603444,0.26294527864782624
C104643,0.034261920072764795,0.4175256364471658
C104644,0.02521552693454386,0.6569990644147622
C104645,0.03690881044646089,0.5007969698946844
C104646,0.026939536157775987,0.24922973264754827
C104647,0.019856719068789642,0.25015870404707674
C104648,0.021828417867327598,0.3184914276029697
C104649,0.06161094435053315,0.33087252291935343
C104650,0.0488107851641454,0.2858018676366858
C104651,0.055059735363912184,0.3512872990525243
C104652,0.04166841626861537,0.491648606948335
C104653,0.03804586174469682,0.6024119815574254
C104654,0.013052820486231291,0.328755073660245
C104655,0.13389471712421613,0.1421361194012678
C104656,0.07359503800415433,0.3085371481651093
C104657,0.06155412226093895,0.26081952392896796
C104658,0.08615557385541608,0.2787317499564446
C104659,0.028207632321752996,0.36532794239093974
C104660,0.09459499283941673,0.25012520481715084
C104661,0.021066298603142925,0.45199299695862294
C104662,0.03516822921514818,0.5316201411706412
C104663,0.060350237609267755,0.29739600024317936
C104664,0.008761659985248577,0.3575181129711908
C104665,0.07823582195867493,0.3780593133066563
C104666,0.0920649289245598,0.2834211971338217
C104667,0.06287337063857257,0.4930937716693994
C104668,0.054490003643243766,0.3195637491184544
C104669,0.03941841939231216,0.21593561303767378
C104670,0.03675470377184848,0.46768162832101423
C104671,0.09787314321895288,0.45071331117894375
C104672,0.10561816326931654,0.36331396213088685
C104673,0.010332072789224633,0.24707114402613414
C104674,0.03779914223702323,0.22919342324883826
C104675,0.022629730211439953,0.3468986941793274
C104676,0.03822898879089679,0.37881748726337944
C104677,0.04220614266625675,0.3416470591935681
C104678,0.0472853333189825,0.34459976933679226
C104679,0.07700618700342156,0.5391473828583746
C104680,0.0817262034205024,0.5476487631857774
C104681,0.017185576440257026,0.46037698038211705
C104682,0.05849316489128167,0.3898387811967748
C104683,0.0769511433016531,0.24487287062001348
C104684,0.04679353854135867,0.40537035924663883
C104685,0.038999767910336096,0.5785342550605526
C104686,0.04528143920262315,0.37063610207618164
C104687,0.018946209651891092,0.39926323461782287
C104688,0.008984023354146628,0.2587257113165313
C104689,0.06794318500157792,0.1604588393758909
C104690,0.037650087821689826,0.490432683683804
C104691,0.025450386589455025,0.43242038538104266
C104692,0.014551478897686846,0.2558459065693569
C104693,0.03592058916754678,0.4464250089021624
C104694,0.049699077090134325,0.37657118630770825
C104695,0.05509721595685572,0.39833763972842307
C104696,0.05593681347310158,0.38018891062864546
C104697,0.017289963997422768,0.43479898748493606
C104698,0.029844008474074545,0.3981274786705439
C104699,0.01299268241098892,0.25454942463611485
C104700,0.04139161988751941,0.18587473900121845
C104701,0.006597331472578028,0.30493791720894364
C104702,0.028087785040954737,0.14940058439394677
C104703,0.06551987407822536,0.40998364173134133
C104704,0.028830004029250397,0.32197393980592753
C104705,0.030615675736177794,0.41221963744097057
C104706,0.03410193285781998,0.21906295331891498
C104707,0.0704912994241769,0.23907748084327995
C104708,0.0282839804103213,0.2592455044827176
C104709,0.06743778395255805,0.23587609344625982
C104710,0.049925543353821676,0.4284737696466734
C104711,0.006195735431717401,0.2119370402784954
C104712,0.07120361161993986,0.44569330753378755
C104713,0.06065861676769064,0.4906232838474145
C104714,0.07523091424851625,0.37294828047786943
C104715,0.013756655243456067,0.4079429417505088
C104716,0.06259790671607018,0.2847276252211798
C104717,0.1341725318648488,0.28480205746128406
C104718,0.02449787221853225,0.22294705279230914
C104719,0.05910730974567394,0.3264878250878486
C104720,0.04279825198163175,0.2903435420652822
C104721,0.116241940936031,0.3368604938750062
C104722,0.005689499668931665,0.40853666680093337
C104723,0.04729363058667389,0.45093185082601667
C104724,0.0111999091964772,0.5561267025900337
C104725,0.03903317685410265,0.4332812829178234
C104726,0.0386702237619872,0.4458077364904299
C104727,0.029903606622898184,0.46363712637372967
C104728,0.03856113213303311,0.4855439961972082
C104729,0.023678161653699823,0.2608756114512225
C104730,0.056691743075542374,0.3158958092489032
C104731,0.006675485804932445,0.4219883253761295
C104732,0.08470844935101195,0.22846788775130394
C104733,0.0919617251069371,0.37237168480788924
C104734,0.017142378710199226,0.446216600478064
C104735,0.04415252693464714,0.22724850994156248
C104736,0.014196075697474012,0.30109879794928684
C104737,0.003119940826140514,0.4450186975956157
C104738,0.027522878819983488,0.29345165651512634
C104739,0.040339085847626785,0.5135866762110509
C104740,0.05277816281659885,0.3189916191826615
C104741,0.03333160693887873,0.35129113899049963
C104742,0.018234115852872584,0.39388109930648396
C104743,0.006418703650484375,0.42171926251329206
C104744,0.039976756425262494,0.5138540779500751
C104745,0.10793422350602139,0.4636052629414167
C104746,0.010856401372056425,0.2807216503888796
C104747,0.007027658937509108,0.4580470869371352
C104748,0.03339153227314506,0.2813727477086576
C104749,0.06297435307089044,0.43746530196788647
C104750,0.05290531982681259,0.4436950715287916
C104751,0.050361928016878596,0.15884899149708032
C104752,0.034442197359109625,0.4932237908757916
C104753,0.009434029426013587,0.32832820087826764
C104754,0.08717906986695094,0.3897460091646653
C104755,0.033960415137797566,0.21423056243747085
C104756,0.05206062383915718,0.30188398899210833
C104757,0.017953615360923544,0.3013427578843948
C104758,0.1255152707522909,0.23698187268163085
C104759,0.08555500382453755,0.4200105431177049
C104760,0.07737521522698751,0.2208346873912098
C104761,0.084873418640258,0.27387651115362865
C104762,0.04892693049012939,0.3581366200852797
C104763,0.12216170163248148,0.2870759149459972
C104764,0.016439537262719107,0.3237912201604361
C104765,0.006824298777072061,0.31579279350845
C104766,0.05971759007820834,0.34429497230277073
C104767,0.035249303413551564,0.3951812850036647
C104768,0.09009717666948149,0.5013425827868316
C104769,0.054445061940249104,0.2954940388372496
C104770,0.02446898157644159,0.4187851713181514
C104771,0.123676220268894,0.338582286885745
C104772,0.0788399794908035,0.36242778155958244
C104773,0.04225845241345786,0.18100535654267458
C104774,0.05012439273586841,0.23882798923874768
C104775,0.02325971049478867,0.3346098917328023
C104776,0.007967028023787882,0.2530910380324871
C104777,0.014172016715459658,0.5231238501353317
C104778,0.02343581373144205,0.5037391617626147
C104779,0.01823132700591523,0.38226651932632644
C104780,0.04518253782047826,0.5113803901044568
C104781,0.009123734462787554,0.1586243865519609
C104782,0.030303826394416818,0.3906895996017874
C104783,0.030752472707364826,0.3698581930203482
C104784,0.06100219377047021,0.3815974328932222
C104785,0.03182851794519312,0.3610309182355661
C104786,0.12937423681557456,0.3076759082335965
C104787,0.019545669430702288,0.34838137119377416
C104788,0.02031420249096318,0.2170515737496909
C104789,0.049062473673571284,0.3280977425468031
C104790,0.0622269051786209,0.22471971360576634
C104791,0.04305847561473443,0.383409419278435
C104792,0.03001204630656327,0.5154519698856488
C104793,0.021044125668894555,0.29294195360909636
C104794,0.007236772206271422,0.30005236722185846
C104795,0.09476947540431896,0.42340275048010234
C104796,0.02016951086276272,0.32236330707841293
C104797,0.04400218039854763,0.31986979996139775
C104798,0.014905895959287128,0.3176613896829058
C104799,0.03494459746957708,0.4483942441181972
C104800,0.04712903529645647,0.42119100784418445
C104801,0.013051015345374206,0.31158857816739594
C104802,0.04161244317500757,0.24481486148065398
C104803,0.09977720679284967,0.29264766712226775
C104804,0.006703752390327872,0.43253585263393657
C104805,0.03684765214153325,0.5157559727720736
C104806,0.03467610131283906,0.34203924448764195
C104807,0.0430359724618008,0.3041799180870173
C104808,0.03953374284105657,0.247132610117763
C104809,0.03752182622274343,0.3467643560859033
C104810,0.02848867511489529,0.2921490828126527
C104811,0.0962275846300331,0.39399823508287735
C104812,0.006784273790764012,0.5531546852203187
C104813,0.007973177033512038,0.42360863654196235
C104814,0.01283136589905518,0.41983705645197833
C104815,0.04769806764197059,0.41806843065069843
C104816,0.08344040955597647,0.5394932309271145
C104817,0.02949839624298209,0.43777458984568063
C104818,0.026424509054923818,0.4546832059742088
C104819,0.04248926840093107,0.16364954464575818
C104820,0.043309705210597016,0.3924788905201012
C104821,0.012589754528272094,0.4550914040146971
C104822,0.08018491440680246,0.3225418131366127
C104823,0.012108715202585964,0.2688151670167841
C104824,0.05659953243918231,0.30934099076171123
C104825,0.06026661292061981,0.3343420303046322
C104826,0.05013434448617467,0.45239228510660595
C104827,0.03689369576468609,0.21171563387830095
C104828,0.07434514198110252,0.33937199925734457
C104829,0.04020774812184188,0.44762715889106885
C104830,0.08591003287392758,0.32011624892405854
C104831,0.16284654926749595,0.35536632942811885
C104832,0.008054051858452002,0.350506589964033
C104833,0.04466459925242279,0.2701903409606462
C104834,0.03159978457289388,0.6202752508546802
C104835,0.013033532755263436,0.35513263138106826
C104836,0.06509823115951786,0.3722232464110892
C104837,0.051757335035821646,0.3782778657235018
C104838,0.026437265775278707,0.49175085803997
C104839,0.019578998819437903,0.2378712013304231
C104840,0.06628641618010542,0.31211548745724965
C104841,0.01603371754655427,0.2818351646546381
C104842,0.004572871499445355,0.2337957128798312
C104843,0.03516446942228461,0.3856946015515225
C104844,0.037696794288246294,0.4353403046823324
C104845,0.05956650917847218,0.2786753713223229
C104846,0.085150656226541,0.2657416269752393
C104847,0.032426195161431345,0.25277374568277083
C104848,0.027955981208162853,0.3551384915708574
C104849,0.05966129110165556,0.3584602609188628
C104850,0.05570427151325683,0.22682672134547543
C104851,0.036440573195002324,0.32421872052653194
C104852,0.04893478374870225,0.22381184073401722
C104853,0.022942670471716622,0.2813684043112322
C104854,0.009160702243659054,0.17858140956793234
C104855,0.024848632993855976,0.524123623631986
C104856,0.052366123186451716,0.16611431863171838
C104857,0.0946810974072635,0.44001629590080427
C104858,0.07506999552260044,0.4056863915257716
C104859,0.055032182975668184,0.2324248606646137
C104860,0.08547951425575517,0.5622876389849827
C104861,0.05911584298490953,0.4918330550592016
C104862,0.03823231515230941,0.5753248971116767
C104863,0.012719443698115208,0.19380269876143857
C104864,0.009651109317918247,0.2507669111234503
C104865,0.05571327929386635,0.24806609243937178
C104866,0.005383968969986354,0.3363575510496118
C104867,0.014623981969297763,0.4207433447229856
C104868,0.03230626542469325,0.3391834910931496
C104869,0.10963160942751622,0.32689908120533195
C104870,0.03074547923460435,0.34073729648517526
C104871,0.018055821414356767,0.38837262347957274
C104872,0.07029176961132724,0.22951122096454676
C104873,0.07134734057450023,0.3393922654115363
C104874,0.01363037323713724,0.3206934146846836
C104875,0.020463891792819926,0.5953409628407189
C104876,0.02578027466738714,0.43568089359826023
C104877,0.03910527495614313,0.3762065099806082
C104878,0.04402037103997805,0.48301232528716376
C104879,0.07352847115630726,0.3693033748198747
C104880,0.04052590767234447,0.4028493568311444
C104881,0.08790212910083975,0.32597353459975187
C104882,0.02498602626363639,0.28439132364003084
C104883,0.03616785690346484,0.17902614804466266
C104884,0.04607783843708593,0.2572638622752948
C104885,0.017633574079551552,0.28501574848145284
C104886,0.04641598625016778,0.26887982498668733
C104887,0.012049857427423746,0.33838362239398107
C104888,0.04279781596024988,0.3301627670184183
C104889,0.015480652386340396,0.2965108595381615
C104890,0.04445341343701676,0.2802101694391777
C104891,0.053285327327198734,0.5810050302621802
C104892,0.05580573316719743,0.3790521773217055
C104893,0.032988191896725944,0.3564932574282129
C104894,0.03589116935382759,0.2995699123796945
C104895,0.06808500173151125,0.32684317285727116
C104896,0.021199855229402702,0.2713880259475744
C104897,0.13131583827781496,0.43316235504331757
C104898,0.04538488932122123,0.414715833068656
C104899,0.013282020502667122,0.48025177418926224
C104900,0.02870334226988281,0.2830861795966581
C104901,0.05063920768558016,0.4641429054621349
C104902,0.006182140923118564,0.1905100169448576
C104903,0.04129293663224507,0.6249296556511854
C104904,0.05278821359157153,0.4360686657887539
C104905,0.02292140011024986,0.4063447381994572
C104906,0.08996039148682652,0.43460046218513504
C104907,0.050513023613112905,0.20516858229368942
C104908,0.04161666001456432,0.44074743182786236
C104909,0.08447484568894668,0.23835948682171515
C104910,0.019916186509886295,0.3343177048414149
C104911,0.026719492798721278,0.3600499680175187
C104912,0.01130170843601088,0.38157706382051176
C104913,0.09984810520123577,0.19035504482211632
C104914,0.01407234349932462,0.3373384822669545
C104915,0.09060695474078596,0.3336777575308728
C104916,0.05473249875088016,0.3377367223572672
C104917,0.07088385315576966,0.44807906013635357
C104918,0.02290299928938429,0.40779704660859845
C104919,0.023902819840440497,0.26874354894424435
C104920,0.034821502253914206,0.31256499375576835
C104921,0.0192296915297387,0.7
C104922,0.07319286797298176,0.20690738094258312
C104923,0.0832244434064657,0.39252564593383843
C104924,0.014093570283503337,0.25285444897572107
C104925,0.03931738269578594,0.3596519369045411
C104926,0.0734704305242256,0.28418303544619133
C104927,0.05654867145773675,0.5260993694754075
C104928,0.012638694952581459,0.3693202165800801
C104929,0.14692535770569232,0.3191469476017501
C104930,0.08460976647704704,0.21322673494862832
C104931,0.07216094554514256,0.4028755621609252
C104932,0.025880044771713916,0.3882808355593092
C104933,0.035319898044123235,0.18242189599133427
C104934,0.025298130723189375,0.24776815670304694
C104935,0.019862194244780838,0.10342130335258473
C104936,0.06408334662935107,0.24991304703927658
C104937,0.013211298423646219,0.43234165947290387
C104938,0.027020420813634198,0.37047977829526174
C104939,0.002361218609720179,0.3526593957858029
C104940,0.052905040233920016,0.4880056437969241
C104941,0.08236685600944313,0.358897111505768
C104942,0.031248670574595617,0.37261669627260563
C104943,0.037920777036795764,0.3372956264982778
C104944,0.03701274789359193,0.30000285451261066
C104945,0.05856712891521174,0.18916828293076676
C104946,0.04671726300413269,0.36224132046399954
C104947,0.054810140069276904,0.2305008878714116
C104948,0.06995575160368393,0.3125255475286243
C104949,0.0554244929893506,0.24412841578518818
C104950,0.026499056661697894,0.3701330857338257
C104951,0.03473378383219767,0.3374961357138267
C104952,0.09031760077519688,0.36218130210659305
C104953,0.025702164365159926,0.4748029247723714
C104954,0.11772437823195395,0.32241416665934886
C104955,0.07034593986386327,0.2367169102283406
C104956,0.022465057947362446,0.30032325578955166
C104957,0.09240883305900167,0.18216078545505887
C104958,0.0364290088148533,0.5440515621833675
C104959,0.11744938740585388,0.5494287767692688
C104960,0.03690076785207781,0.2846781269669221
C104961,0.0176557173238024,0.40824988908399806
C104962,0.11010456481125284,0.46022457712073245
C104963,0.04314493372551698,0.4023426056677769
C104964,0.12168520774918819,0.3533790098079949
C104965,0.03278310965985927,0.3983978509929136
C104966,0.11248223992112857,0.22890489723615337
C104967,0.040822538748864434,0.5323688302603008
C104968,0.029747048416674457,0.39829319141560526
C104969,0.03167347256055285,0.12971622875421326
C104970,0.04328710564442544,0.34236488287203865
C104971,0.017912068731282826,0.3311526665821123
C104972,0.01868786163382862,0.2761089854566405
C104973,0.040258698178910854,0.20316295411371194
C104974,0.025590315309933224,0.26735876854787377
C104975,0.039939913004168735,0.30013370343376805
C104976,0.03282164754436016,0.25373170452518923
C104977,0.07495698556436271,0.29300406716487604
C104978,0.06877999834705055,0.4697495708448053
C104979,0.04711227402379604,0.3462094042571117
C104980,0.029549305342306723,0.39097275686587285
C104981,0.06918755852438772,0.471454476635648
C104982,0.026933493093610643,0.47815775563333274
C104983,0.042492634415479624,0.3228180640025372
C104984,0.07867339453109658,0.3651423357846416
C104985,0.012461834227147871,0.2441976433647631
C104986,0.1244803673373365,0.35470560031064147
C104987,0.10994814092250525,0.45331782116130503
C104988,0.06132615785024551,0.10518167376068141
C104989,0.0490555064830279,0.2687175215481876
C104990,0.023482023607352156,0.45635776428082253
C104991,0.06467737763648627,0.39928135651989594
C104992,0.07582887349936633,0.31448258269727136
C104993,0.021241998335015996,0.38872250681584436
C104994,0.02608972291584243,0.3431281005706087
C104995,0.035279441343943355,0.39019999861140064
C104996,0.1368633309188591,0.2889144463221903
C104997,0.009416675865745587,0.31779820940240333
C104998,0.0712562369038631,0.299275265648657
C104999,0.0715164846188408,0.40082689857731363
